INSERT INTO Jogador VALUES(1,"Nicole Mason",1,"suazi",67,2,13,"DE",34);
INSERT INTO Jogador VALUES(2,"Brand Donna",0,"sul-africano",88,0,0,"DC",17);
INSERT INTO Jogador VALUES(3,"Roy Gregory",3,"eslovaco",3,6,485,"MDC",28);
INSERT INTO Jogador VALUES(4,"Janice Charles",2,"tanzaniano",92,3,112,"EE",20);
INSERT INTO Jogador VALUES(5,"Steven Christopher",1,"centro-africano",44,12,646,"DD",33);
INSERT INTO Jogador VALUES(6,"Joyce Ashley",4,"malauiano",69,3,4,"ED",26);
INSERT INTO Jogador VALUES(7,"Carol Victoria",3,"americano",94,4,127,"DD",40);
INSERT INTO Jogador VALUES(8,"Billy Barbara",0,"malauiano",67,11,969,"PL",37);
INSERT INTO Jogador VALUES(9,"Samantha Cheryl",4,"nigerino",61,12,366,"EE",37);
INSERT INTO Jogador VALUES(10,"David Dorothy",11,"iraniano",5,8,509,"MC",19);
INSERT INTO Jogador VALUES(11,"Henry Emma",17,"albanês",74,13,238,"ED",18);
INSERT INTO Jogador VALUES(12,"Dylan Dylan",11,"letão",62,14,754,"AC",21);
INSERT INTO Jogador VALUES(13,"Randy Harold",18,"paraguaio",18,14,430,"AC",34);
INSERT INTO Jogador VALUES(14,"Judith Lauren",2,"fijiano",98,6,179,"MCO",22);
INSERT INTO Jogador VALUES(15,"Alice Steven",2,"russo",48,2,22,"MDC",21);
INSERT INTO Jogador VALUES(16,"Adam Emily",15,"canadense",51,12,959,"AC",29);
INSERT INTO Jogador VALUES(17,"Diana Patrick",2,"albanês",15,6,142,"ME",19);
INSERT INTO Jogador VALUES(18,"Christine Bryan",18,"singapuriano",43,14,220,"DE",17);
INSERT INTO Jogador VALUES(19,"Alan Russell",0,"cambojano",55,0,0,"PL",26);
INSERT INTO Jogador VALUES(20,"Melissa Melissa",2,"malinês",68,2,152,"DC",38);
INSERT INTO Jogador VALUES(21,"Patricia Zachary",15,"suíço",37,10,698,"MD",18);
INSERT INTO Jogador VALUES(22,"Jerry Russell",3,"sudanês",27,10,793,"ED",29);
INSERT INTO Jogador VALUES(23,"Emma Joshua",2,"salomônico",44,11,675,"MC",40);
INSERT INTO Jogador VALUES(24,"Gabriel Bruce",7,"argelino",92,14,404,"DD",40);
INSERT INTO Jogador VALUES(25,"Randy Sandra",11,"quiribatiano",57,9,810,"DC",22);
INSERT INTO Jogador VALUES(26,"Timothy Alan",2,"cipriota",88,6,501,"ED",29);
INSERT INTO Jogador VALUES(27,"Lisa Christina",1,"israelense",62,13,42,"MC",25);
INSERT INTO Jogador VALUES(28,"Walter Willie",3,"monegasco",35,7,169,"MD",28);
INSERT INTO Jogador VALUES(29,"Hannah Alice",0,"alemmão",51,0,0,"MDC",31);
INSERT INTO Jogador VALUES(30,"Jason Steven",2,"congolês",57,7,245,"ME",24);
INSERT INTO Jogador VALUES(31,"Douglas Stephen",6,"surinamês",20,11,405,"ME",18);
INSERT INTO Jogador VALUES(32,"Ruth Kenneth",0,"grego",64,1,5,"MD",30);
INSERT INTO Jogador VALUES(33,"Janice Albert",2,"macedônio",81,2,169,"MDC",34);
INSERT INTO Jogador VALUES(34,"Amber Henry",7,"boliviano",80,5,440,"GR",23);
INSERT INTO Jogador VALUES(35,"Brand Mar",12,"mongol",95,9,162,"EE",28);
INSERT INTO Jogador VALUES(36,"Michelle Andrew",1,"sul-coreano",8,11,313,"MC",17);
INSERT INTO Jogador VALUES(37,"Nathan Elizabeth",1,"holandês",66,2,99,"ED",27);
INSERT INTO Jogador VALUES(38,"Stephanie Natalie",20,"cubano",62,14,71,"DC",22);
INSERT INTO Jogador VALUES(39,"Cheryl Dennis",6,"liechtensteinense",65,4,112,"MCO",30);
INSERT INTO Jogador VALUES(40,"Teresa Mason",0,"malinês",26,1,31,"DC",32);
INSERT INTO Jogador VALUES(41,"Noah Donald",2,"brasileiro",12,5,364,"ED",36);
INSERT INTO Jogador VALUES(42,"Karen Kyle",7,"tailandês",62,6,44,"AC",18);
INSERT INTO Jogador VALUES(43,"Susan Helen",10,"norueguês",16,9,241,"DE",34);
INSERT INTO Jogador VALUES(44,"Juan Henry",0,"brasileiro",29,0,0,"MC",23);
INSERT INTO Jogador VALUES(45,"Richard Richard",0,"mauriciano",6,0,0,"DE",21);
INSERT INTO Jogador VALUES(46,"Nicholas Brand",15,"angolano",41,10,559,"MD",20);
INSERT INTO Jogador VALUES(47,"Ronald Carol",9,"polaco",91,7,466,"MC",24);
INSERT INTO Jogador VALUES(48,"Janet Bryan",14,"búlgaro",52,10,270,"PL",17);
INSERT INTO Jogador VALUES(49,"Kenneth Laura",1,"chadiano",76,8,664,"DE",20);
INSERT INTO Jogador VALUES(50,"Olivia Carolyn",3,"tuvaluano",23,14,47,"GR",25);
INSERT INTO Jogador VALUES(51,"Frances Richard",3,"panamenho",78,9,644,"AC",37);
INSERT INTO Jogador VALUES(52,"Christopher Susan",5,"laosiano",7,9,446,"MDC",24);
INSERT INTO Jogador VALUES(53,"Richard Christian",0,"tailandês",30,0,0,"ED",39);
INSERT INTO Jogador VALUES(54,"Russell Katherine",0,"sudanês",38,0,0,"ED",17);
INSERT INTO Jogador VALUES(55,"Beverly Ashley",4,"líbio",36,5,356,"GR",37);
INSERT INTO Jogador VALUES(56,"Sean Judy",0,"ruandês",88,0,0,"PL",32);
INSERT INTO Jogador VALUES(57,"Albert Noah",6,"iemenita",10,12,972,"MD",21);
INSERT INTO Jogador VALUES(58,"Margaret Olivia",2,"israelense",96,1,13,"DC",29);
INSERT INTO Jogador VALUES(59,"Justin Kyle",4,"croata",59,11,584,"MDC",25);
INSERT INTO Jogador VALUES(60,"Sandra Hannah",0,"gambiano",33,14,928,"DD",21);
INSERT INTO Jogador VALUES(61,"Wayne Benjamin",11,"são-tomense",5,9,719,"MDC",21);
INSERT INTO Jogador VALUES(62,"Brenda Amber",3,"barbadiano",63,2,44,"PL",39);
INSERT INTO Jogador VALUES(63,"Austin Gary",2,"timorense",35,1,62,"MCO",18);
INSERT INTO Jogador VALUES(64,"Dennis Raymond",7,"mauriciano",16,5,341,"EE",28);
INSERT INTO Jogador VALUES(65,"Alexander Willie",3,"liechtensteinense",66,3,144,"AC",24);
INSERT INTO Jogador VALUES(66,"Deborah Carl",2,"vietnamita",16,5,142,"GR",22);
INSERT INTO Jogador VALUES(67,"Daniel Brand",2,"burundinês",68,3,254,"MDC",37);
INSERT INTO Jogador VALUES(68,"Janice Adam",3,"quiribatiano",23,4,148,"DE",25);
INSERT INTO Jogador VALUES(69,"Samantha Kenneth",2,"beninense",91,12,389,"DE",39);
INSERT INTO Jogador VALUES(70,"Lori Bruce",10,"inglês",45,7,88,"ME",18);
INSERT INTO Jogador VALUES(71,"Emma Philip",2,"azerbaijano",51,5,362,"GR",36);
INSERT INTO Jogador VALUES(72,"Nathan Carl",2,"angolano",73,10,445,"ME",17);
INSERT INTO Jogador VALUES(73,"Amy Joshua",10,"japonês",58,8,494,"PL",38);
INSERT INTO Jogador VALUES(74,"Jack Jeremy",11,"peruano",37,10,632,"MC",36);
INSERT INTO Jogador VALUES(75,"Olivia Cheryl",6,"saudito",83,7,452,"PL",38);
INSERT INTO Jogador VALUES(76,"Juan Diana",4,"malauiano",39,13,80,"GR",25);
INSERT INTO Jogador VALUES(77,"Natalie Ashley",15,"croata",61,12,346,"MDC",33);
INSERT INTO Jogador VALUES(78,"Albert Julie",3,"filipino",77,3,262,"AC",34);
INSERT INTO Jogador VALUES(79,"Henry Gregory",0,"djibutiano",6,2,130,"DE",24);
INSERT INTO Jogador VALUES(80,"William Bobby",2,"cingalês",77,2,41,"DC",17);
INSERT INTO Jogador VALUES(81,"Deborah Judith",2,"israelense",55,12,288,"ME",31);
INSERT INTO Jogador VALUES(82,"Bryan Timothy",6,"azerbaijano",92,4,175,"PL",19);
INSERT INTO Jogador VALUES(83,"Philip Willie",0,"senegalês",27,3,39,"MCO",17);
INSERT INTO Jogador VALUES(84,"Amy Anna",4,"butanês",31,6,539,"MDC",39);
INSERT INTO Jogador VALUES(85,"Peter Kathryn",9,"italiano",44,10,73,"EE",38);
INSERT INTO Jogador VALUES(86,"Theresa Henry",14,"iemenita",3,9,162,"EE",19);
INSERT INTO Jogador VALUES(87,"Rebecca Eric",5,"afegão",89,10,539,"MD",31);
INSERT INTO Jogador VALUES(88,"Doris Ronald",7,"armênio",39,5,305,"ME",30);
INSERT INTO Jogador VALUES(89,"Jack Andrew",13,"fijiano",14,10,138,"ED",38);
INSERT INTO Jogador VALUES(90,"Diane Bobby",0,"alemmão",90,5,270,"MCO",25);
INSERT INTO Jogador VALUES(91,"Lori Andrea",0,"belga",80,0,0,"MD",31);
INSERT INTO Jogador VALUES(92,"Julia Ann",1,"salomônico",38,13,981,"MD",17);
INSERT INTO Jogador VALUES(93,"Juan Gabriel",1,"malauiano",69,1,39,"MCO",34);
INSERT INTO Jogador VALUES(94,"David Danielle",1,"são-vicentino",28,2,106,"DE",28);
INSERT INTO Jogador VALUES(95,"Aaron Roy",0,"guianês",91,2,23,"DE",31);
INSERT INTO Jogador VALUES(96,"Joseph Julie",4,"sudanês",98,14,727,"ED",21);
INSERT INTO Jogador VALUES(97,"Robert Logan",5,"esloveno",34,11,100,"GR",21);
INSERT INTO Jogador VALUES(98,"Bobby Emma",18,"chileno",77,12,401,"MDC",20);
INSERT INTO Jogador VALUES(99,"Mar Charles",7,"birmanês",86,8,425,"MD",24);
INSERT INTO Jogador VALUES(100,"Barbara Shirley",5,"são-tomense",89,3,115,"MC",18);
INSERT INTO Jogador VALUES(101,"Jordan Doris",0,"sérvio",10,10,368,"MC",26);
INSERT INTO Jogador VALUES(102,"Diane Lisa",1,"costa-marfinense",26,7,610,"ME",18);
INSERT INTO Jogador VALUES(103,"Julia Walter",2,"holandês",61,1,8,"DC",26);
INSERT INTO Jogador VALUES(104,"Maria Victoria",3,"sudanês",85,6,45,"MDC",19);
INSERT INTO Jogador VALUES(105,"Teresa Brian",5,"tongalês",57,3,257,"MC",28);
INSERT INTO Jogador VALUES(106,"Evelyn Debra",2,"costarriquenho",23,7,286,"DD",27);
INSERT INTO Jogador VALUES(107,"Victoria Jack",3,"armênio",11,2,67,"EE",22);
INSERT INTO Jogador VALUES(108,"Ethan Carl",2,"islandês",51,1,30,"MCO",33);
INSERT INTO Jogador VALUES(109,"Joe Sarah",5,"kuwaitiano",81,7,56,"MD",23);
INSERT INTO Jogador VALUES(110,"Kathleen Frank",0,"cipriota",46,0,0,"MD",34);
INSERT INTO Jogador VALUES(111,"Patricia Virginia",14,"austríaco",14,14,239,"MCO",20);
INSERT INTO Jogador VALUES(112,"Nicholas Lori",7,"barbadiano",59,11,584,"PL",33);
INSERT INTO Jogador VALUES(113,"George Julie",4,"vietnamita",20,9,374,"EE",32);
INSERT INTO Jogador VALUES(114,"Henry Justin",9,"etíope",47,9,11,"GR",28);
INSERT INTO Jogador VALUES(115,"Jordan Debra",3,"brasileiro",11,11,604,"EE",35);
INSERT INTO Jogador VALUES(116,"Julie Rebecca",1,"samoano",3,7,608,"MD",38);
INSERT INTO Jogador VALUES(117,"Zachary Karen",0,"paraguaio",78,3,270,"DD",22);
INSERT INTO Jogador VALUES(118,"Jeffrey Walter",0,"japonês",42,0,0,"PL",27);
INSERT INTO Jogador VALUES(119,"Samantha Denise",0,"barbadiano",27,12,573,"DE",18);
INSERT INTO Jogador VALUES(120,"Kenneth William",11,"australiano",88,11,263,"MCO",23);
INSERT INTO Jogador VALUES(121,"Randy Angela",15,"canadense",34,14,1042,"GR",33);
INSERT INTO Jogador VALUES(122,"Cheryl Katherine",2,"vietnamita",98,12,224,"MD",17);
INSERT INTO Jogador VALUES(123,"Catherine Susan",3,"gabonês",33,5,334,"ME",23);
INSERT INTO Jogador VALUES(124,"Aaron Julia",5,"barbadiano",55,14,812,"AC",25);
INSERT INTO Jogador VALUES(125,"Philip Kenneth",2,"senegalês",51,2,86,"ED",22);
INSERT INTO Jogador VALUES(126,"Barbara Zachary",7,"lesoto",66,7,252,"DC",31);
INSERT INTO Jogador VALUES(127,"Jonathan Shirley",14,"húngaro",2,10,243,"DD",26);
INSERT INTO Jogador VALUES(128,"Evelyn Sara",18,"saudito",81,12,20,"MDC",25);
INSERT INTO Jogador VALUES(129,"Doris Jesse",5,"queniano",4,3,51,"ED",34);
INSERT INTO Jogador VALUES(130,"Christopher Joe",3,"montenegrino",34,2,32,"DC",20);
INSERT INTO Jogador VALUES(131,"Linda Katherine",3,"surinamês",26,6,407,"MC",40);
INSERT INTO Jogador VALUES(132,"Albert Hannah",5,"micronésio",27,9,209,"PL",39);
INSERT INTO Jogador VALUES(133,"Keith Anthon",8,"croata",78,7,91,"ED",23);
INSERT INTO Jogador VALUES(134,"Daniel Cynthia",1,"lesoto",46,6,482,"ME",20);
INSERT INTO Jogador VALUES(135,"Frances William",1,"somali",65,2,146,"MD",38);
INSERT INTO Jogador VALUES(136,"Laura Lisa",4,"francês",54,7,95,"DE",35);
INSERT INTO Jogador VALUES(137,"Andrea Debra",3,"esloveno",98,11,117,"MC",36);
INSERT INTO Jogador VALUES(138,"Emma Roger",0,"saudito",97,0,0,"DD",25);
INSERT INTO Jogador VALUES(139,"Willie Victoria",12,"espanhol",38,12,586,"GR",26);
INSERT INTO Jogador VALUES(140,"Megan Peter",1,"libanês",35,1,34,"MDC",25);
INSERT INTO Jogador VALUES(141,"Andrew Madison",2,"croata",99,1,82,"DD",31);
INSERT INTO Jogador VALUES(142,"Sandra Jonathan",13,"azerbaijano",50,11,907,"DC",37);
INSERT INTO Jogador VALUES(143,"Wayne Sophia",0,"chadiano",88,0,0,"AC",26);
INSERT INTO Jogador VALUES(144,"Steven Bryan",7,"uruguaio",35,7,220,"ED",33);
INSERT INTO Jogador VALUES(145,"Arthur Justin",3,"palestino",92,3,136,"GR",20);
INSERT INTO Jogador VALUES(146,"Catherine Nicole",14,"são-cristovense",83,14,446,"MDC",21);
INSERT INTO Jogador VALUES(147,"Anna Maria",14,"samarinês",9,9,241,"DD",37);
INSERT INTO Jogador VALUES(148,"William Ann",3,"sírio",24,3,184,"PL",36);
INSERT INTO Jogador VALUES(149,"Austin Grace",5,"fijiano",65,4,241,"AC",29);
INSERT INTO Jogador VALUES(150,"Austin Bruce",15,"omani",56,10,466,"MDC",25);
INSERT INTO Jogador VALUES(151,"Joshua Mar",9,"tongalês",18,8,369,"DD",30);
INSERT INTO Jogador VALUES(152,"Sandra Kimberly",4,"mongol",76,10,645,"DE",28);
INSERT INTO Jogador VALUES(153,"Karen acqueline",7,"iraniano",79,11,29,"PL",29);
INSERT INTO Jogador VALUES(154,"Abigail Lauren",13,"mexicano",96,9,199,"DD",40);
INSERT INTO Jogador VALUES(155,"Isabella Jerry",1,"jordaniano",88,11,563,"ED",36);
INSERT INTO Jogador VALUES(156,"Frances Joyce",0,"mongol",54,7,223,"MDC",31);
INSERT INTO Jogador VALUES(157,"Scott Helen",7,"argentino",81,12,789,"MC",38);
INSERT INTO Jogador VALUES(158,"Sharon Timothy",5,"angolano",25,13,86,"GR",19);
INSERT INTO Jogador VALUES(159,"Timothy Sharon",0,"chileno",99,1,7,"DE",28);
INSERT INTO Jogador VALUES(160,"Jennifer Eric",12,"kuwaitiano",86,8,151,"EE",38);
INSERT INTO Jogador VALUES(161,"Richard Terry",3,"tuvaluano",75,4,74,"ED",18);
INSERT INTO Jogador VALUES(162,"Alexis Megan",2,"árabe",35,2,85,"MD",32);
INSERT INTO Jogador VALUES(163,"Alexander Scott",4,"polaco",95,7,112,"MC",38);
INSERT INTO Jogador VALUES(164,"Vincent Betty",3,"suéco",50,2,167,"MCO",33);
INSERT INTO Jogador VALUES(165,"Debra Billy",3,"palauano",36,8,222,"ME",20);
INSERT INTO Jogador VALUES(166,"Mary Stephanie",2,"húngaro",69,1,36,"MC",22);
INSERT INTO Jogador VALUES(167,"Diane Doris",4,"granadino",17,7,621,"AC",30);
INSERT INTO Jogador VALUES(168,"Beverly Joyce",6,"albanês",60,7,381,"DD",37);
INSERT INTO Jogador VALUES(169,"Donna Randy",4,"monegasco",6,5,189,"DD",33);
INSERT INTO Jogador VALUES(170,"Matthew Kathryn",2,"lituano",57,8,546,"ED",27);
INSERT INTO Jogador VALUES(171,"Kimberly Karen",4,"português",49,7,310,"PL",34);
INSERT INTO Jogador VALUES(172,"Carl Judith",18,"cipriota",97,13,785,"MC",35);
INSERT INTO Jogador VALUES(173,"Nicole Peter",1,"marroquino",58,1,73,"DC",20);
INSERT INTO Jogador VALUES(174,"Keith Keith",4,"omani",66,5,57,"DC",18);
INSERT INTO Jogador VALUES(175,"Kathryn Albert",0,"jamaicano",2,1,66,"MCO",21);
INSERT INTO Jogador VALUES(176,"Evelyn Julia",1,"argelino",12,8,226,"MC",29);
INSERT INTO Jogador VALUES(177,"Andrew Randy",0,"romeno",24,9,618,"MCO",34);
INSERT INTO Jogador VALUES(178,"Christopher John",1,"malai",55,11,832,"MDC",34);
INSERT INTO Jogador VALUES(179,"Abigail Brand",3,"francês",94,8,410,"DC",17);
INSERT INTO Jogador VALUES(180,"Henry Margaret",4,"japonês",54,10,60,"GR",21);
INSERT INTO Jogador VALUES(181,"Janice Diane",13,"marshalino",45,10,846,"DD",36);
INSERT INTO Jogador VALUES(182,"Diane Jeffrey",9,"venezuelano",27,7,31,"GR",37);
INSERT INTO Jogador VALUES(183,"Gloria Ethan",1,"omani",35,2,133,"MDC",21);
INSERT INTO Jogador VALUES(184,"Carl Stephen",3,"tcheco",41,12,17,"DC",26);
INSERT INTO Jogador VALUES(185,"Sandra Judith",9,"timorense",25,13,726,"GR",40);
INSERT INTO Jogador VALUES(186,"Jeffrey Paul",3,"sírio",26,4,232,"EE",38);
INSERT INTO Jogador VALUES(187,"James Lori",13,"francês",78,11,599,"MD",22);
INSERT INTO Jogador VALUES(188,"Jennifer Susan",12,"burquinense",35,8,326,"MD",34);
INSERT INTO Jogador VALUES(189,"Patrick Raymond",9,"azerbaijano",34,9,578,"MCO",28);
INSERT INTO Jogador VALUES(190,"Kathleen Susan",11,"montenegrino",23,10,780,"PL",31);
INSERT INTO Jogador VALUES(191,"Carl Mason",3,"congolês",51,4,179,"MDC",30);
INSERT INTO Jogador VALUES(192,"John Kathryn",3,"suazi",85,11,636,"DC",40);
INSERT INTO Jogador VALUES(193,"Susan Natalie",13,"inglês",63,10,479,"DC",23);
INSERT INTO Jogador VALUES(194,"Wayne Katherine",5,"malauiano",24,10,463,"DC",33);
INSERT INTO Jogador VALUES(195,"Melissa Danielle",2,"birmanês",54,8,410,"MCO",25);
INSERT INTO Jogador VALUES(196,"Beverly Henry",2,"mongol",32,1,35,"MC",38);
INSERT INTO Jogador VALUES(197,"Donna Judith",5,"tcheco",99,3,139,"ME",28);
INSERT INTO Jogador VALUES(198,"Timothy Nicole",1,"queniano",39,3,41,"MDC",30);
INSERT INTO Jogador VALUES(199,"Keith Catherine",0,"nauruano",61,12,734,"MDC",38);
INSERT INTO Jogador VALUES(200,"Charlotte Theresa",8,"vietnamita",21,9,686,"PL",22);
INSERT INTO Jogador VALUES(201,"Bruce Brittany",6,"libanês",92,5,151,"DE",27);
INSERT INTO Jogador VALUES(202,"Evelyn Kenneth",3,"birmanês",67,12,114,"GR",26);
INSERT INTO Jogador VALUES(203,"Matthew Christian",13,"inglês",36,11,662,"MD",18);
INSERT INTO Jogador VALUES(204,"Ann Daniel",6,"guianês",89,12,359,"DD",24);
INSERT INTO Jogador VALUES(205,"Catherine Olivia",0,"beninense",93,1,86,"MD",18);
INSERT INTO Jogador VALUES(206,"Juan Harold",7,"guineense",38,5,373,"MCO",34);
INSERT INTO Jogador VALUES(207,"Gloria Kimberly",0,"holandês",72,4,133,"MC",38);
INSERT INTO Jogador VALUES(208,"Benjamin David",20,"dominicano",69,13,647,"DE",28);
INSERT INTO Jogador VALUES(209,"Shirley Jessica",0,"brasileiro",33,5,420,"EE",35);
INSERT INTO Jogador VALUES(210,"Terry Keith",3,"são-tomense",11,2,35,"MDC",25);
INSERT INTO Jogador VALUES(211,"Isabella Margaret",18,"bósnio",63,12,595,"AC",25);
INSERT INTO Jogador VALUES(212,"Debra Joseph",4,"tuvaluano",39,14,138,"DE",25);
INSERT INTO Jogador VALUES(213,"Elijah Christina",1,"sul-coreano",17,5,34,"ME",34);
INSERT INTO Jogador VALUES(214,"Hannah Shirley",8,"búlgaro",3,5,283,"DE",24);
INSERT INTO Jogador VALUES(215,"Joseph Scott",5,"romeno",99,7,72,"AC",33);
INSERT INTO Jogador VALUES(216,"Kelly Arthur",6,"haitiano",12,9,500,"DD",30);
INSERT INTO Jogador VALUES(217,"Elizabeth Samantha",11,"americano",12,10,315,"ED",38);
INSERT INTO Jogador VALUES(218,"Susan Russell",4,"samoano",58,8,467,"DD",27);
INSERT INTO Jogador VALUES(219,"Pamela George",8,"somali",45,6,528,"PL",20);
INSERT INTO Jogador VALUES(220,"Nicholas Nathan",3,"queniano",1,5,129,"DE",30);
INSERT INTO Jogador VALUES(221,"Jose Amanda",6,"letão",31,10,625,"AC",34);
INSERT INTO Jogador VALUES(222,"acqueline Amber",2,"sul-africano",86,11,896,"MD",24);
INSERT INTO Jogador VALUES(223,"Laura Jacob",8,"finlandês",55,5,36,"MCO",17);
INSERT INTO Jogador VALUES(224,"Diana Diana",5,"italiano",97,4,130,"ED",19);
INSERT INTO Jogador VALUES(225,"Michael Henry",0,"leonês",46,1,54,"AC",35);
INSERT INTO Jogador VALUES(226,"Justin Tyler",2,"americano",28,1,5,"MC",36);
INSERT INTO Jogador VALUES(227,"Edward Henry",2,"etíope",74,8,720,"MC",23);
INSERT INTO Jogador VALUES(228,"Mason Abigail",5,"estoniano",44,12,929,"MC",24);
INSERT INTO Jogador VALUES(229,"Joshua Zachary",3,"moldávio",49,3,94,"EE",32);
INSERT INTO Jogador VALUES(230,"Raymond Matthew",13,"gambiano",87,10,19,"GR",30);
INSERT INTO Jogador VALUES(231,"Ethan Patricia",0,"cazaque",64,2,155,"ME",26);
INSERT INTO Jogador VALUES(232,"Tyler Billy",1,"kuwaitiano",44,2,93,"MDC",30);
INSERT INTO Jogador VALUES(233,"Natalie Aaron",2,"jamaicano",78,7,102,"DD",24);
INSERT INTO Jogador VALUES(234,"Jack Helen",2,"namibiano",33,13,621,"EE",28);
INSERT INTO Jogador VALUES(235,"Jeffrey Mar",1,"iraquiano",67,4,12,"EE",35);
INSERT INTO Jogador VALUES(236,"Evelyn Jennifer",7,"salomônico",94,6,257,"GR",27);
INSERT INTO Jogador VALUES(237,"James James",1,"lituano",44,1,65,"MDC",38);
INSERT INTO Jogador VALUES(238,"Angela Debra",18,"sudanês",99,12,265,"GR",29);
INSERT INTO Jogador VALUES(239,"Bobby Sean",1,"sul-coreano",49,3,96,"AC",29);
INSERT INTO Jogador VALUES(240,"Philip Joan",1,"chinês",75,8,493,"MCO",24);
INSERT INTO Jogador VALUES(241,"Stephanie Emily",4,"samarinês",85,10,23,"AC",17);
INSERT INTO Jogador VALUES(242,"Marilyn Dylan",8,"monegasco",88,10,43,"PL",28);
INSERT INTO Jogador VALUES(243,"Anna Russell",3,"ucraniano",13,3,86,"MCO",36);
INSERT INTO Jogador VALUES(244,"Patrick Sophia",17,"dinamarquês",84,12,746,"MC",25);
INSERT INTO Jogador VALUES(245,"Laura Zachary",0,"libanês",61,3,194,"AC",38);
INSERT INTO Jogador VALUES(246,"Carol Doris",0,"finlandês",51,0,0,"MD",33);
INSERT INTO Jogador VALUES(247,"Elijah Amber",3,"libanês",35,3,135,"AC",29);
INSERT INTO Jogador VALUES(248,"Billy Daniel",9,"italiano",32,9,38,"GR",30);
INSERT INTO Jogador VALUES(249,"Ruth Margaret",6,"tailandês",77,5,180,"MC",40);
INSERT INTO Jogador VALUES(250,"Kathryn Nancy",7,"gabonês",26,5,294,"AC",31);
INSERT INTO Jogador VALUES(251,"Stephanie Carol",0,"gabonês",94,2,42,"DE",39);
INSERT INTO Jogador VALUES(252,"Ashley Gerald",4,"italiano",54,11,871,"ME",27);
INSERT INTO Jogador VALUES(253,"Gregory Lori",5,"bahamiano",21,3,36,"MC",19);
INSERT INTO Jogador VALUES(254,"Jack Theresa",0,"canadense",81,7,531,"ED",28);
INSERT INTO Jogador VALUES(255,"James Laura",14,"kuwaitiano",78,10,306,"MDC",37);
INSERT INTO Jogador VALUES(256,"Denise Nicholas",1,"marshalino",26,3,92,"PL",19);
INSERT INTO Jogador VALUES(257,"Olivia Frank",0,"guineense",82,1,27,"DD",19);
INSERT INTO Jogador VALUES(258,"Daniel Katherine",2,"angolano",71,3,79,"GR",34);
INSERT INTO Jogador VALUES(259,"Hannah Ralph",0,"quirguiz",43,0,0,"GR",33);
INSERT INTO Jogador VALUES(260,"Carl Mason",4,"quirguiz",95,8,197,"GR",29);
INSERT INTO Jogador VALUES(261,"Olivia Gary",6,"papuásio",16,9,13,"EE",30);
INSERT INTO Jogador VALUES(262,"Rachel Ann",4,"hondurenho",23,7,289,"MD",36);
INSERT INTO Jogador VALUES(263,"Bryan Martha",16,"árabe",20,11,518,"MC",40);
INSERT INTO Jogador VALUES(264,"Carolyn Roger",0,"malauiano",72,0,0,"MC",21);
INSERT INTO Jogador VALUES(265,"Christine Brian",0,"beninense",99,1,68,"MCO",18);
INSERT INTO Jogador VALUES(266,"Maria Jordan",5,"tcheco",22,6,191,"MDC",18);
INSERT INTO Jogador VALUES(267,"Sara Gabriel",9,"zimbabuano",43,14,927,"DE",30);
INSERT INTO Jogador VALUES(268,"Joyce Pamela",9,"ugandense",99,6,323,"ME",33);
INSERT INTO Jogador VALUES(269,"Karen Anthon",6,"caboverdiano",89,4,272,"AC",24);
INSERT INTO Jogador VALUES(270,"Alan Kevin",11,"cingalês",2,12,677,"AC",30);
INSERT INTO Jogador VALUES(271,"Heather Linda",14,"são-vicentino",54,10,423,"ED",17);
INSERT INTO Jogador VALUES(272,"Benjamin Judith",1,"granadino",51,4,309,"MC",38);
INSERT INTO Jogador VALUES(273,"Ryan Jerry",0,"somali",76,0,0,"ME",34);
INSERT INTO Jogador VALUES(274,"Henry Bryan",15,"togonês",37,10,223,"ED",34);
INSERT INTO Jogador VALUES(275,"Roger Madison",9,"filipino",3,7,247,"MC",17);
INSERT INTO Jogador VALUES(276,"Nathan Karen",20,"ugandense",40,14,50,"GR",30);
INSERT INTO Jogador VALUES(277,"Teresa Charlotte",2,"palestino",37,5,387,"MCO",27);
INSERT INTO Jogador VALUES(278,"Mar Eric",6,"mongol",16,7,220,"ED",26);
INSERT INTO Jogador VALUES(279,"Samantha Carl",2,"maldivo",86,3,110,"ME",17);
INSERT INTO Jogador VALUES(280,"Jennifer Ryan",16,"quiribatiano",34,14,308,"MDC",29);
INSERT INTO Jogador VALUES(281,"Patrick Amy",0,"sudanês",30,0,0,"AC",25);
INSERT INTO Jogador VALUES(282,"Rebecca Beverly",5,"congolês",37,4,93,"GR",20);
INSERT INTO Jogador VALUES(283,"Jean Melissa",14,"ruandês",17,14,691,"EE",17);
INSERT INTO Jogador VALUES(284,"Mar Carolyn",1,"macedônio",63,4,12,"AC",19);
INSERT INTO Jogador VALUES(285,"Stephen Austin",4,"cambojano",88,4,80,"EE",21);
INSERT INTO Jogador VALUES(286,"Donna Scott",0,"gabonês",93,0,0,"MD",30);
INSERT INTO Jogador VALUES(287,"Danielle Noah",0,"são-tomense",40,6,485,"MD",36);
INSERT INTO Jogador VALUES(288,"Anna Frank",15,"somali",47,14,1084,"MD",21);
INSERT INTO Jogador VALUES(289,"Willie Christopher",10,"nigerino",14,13,973,"GR",20);
INSERT INTO Jogador VALUES(290,"Patrick Eric",3,"usbeque",27,10,308,"EE",39);
INSERT INTO Jogador VALUES(291,"Tyler Natalie",7,"lesoto",95,14,1215,"MCO",17);
INSERT INTO Jogador VALUES(292,"Jeffrey Melissa",0,"vietnamita",31,1,26,"DE",20);
INSERT INTO Jogador VALUES(293,"Brittany Mar",0,"samarinês",84,5,308,"ME",39);
INSERT INTO Jogador VALUES(294,"Sara Jeremy",7,"romeno",66,10,748,"MDC",35);
INSERT INTO Jogador VALUES(295,"Michael Gloria",7,"suéco",61,11,698,"DE",23);
INSERT INTO Jogador VALUES(296,"Sarah Dennis",2,"ucraniano",98,1,45,"EE",23);
INSERT INTO Jogador VALUES(297,"Brian Edward",0,"marroquino",57,1,4,"EE",23);
INSERT INTO Jogador VALUES(298,"Joshua Kayla",2,"cipriota",38,1,67,"GR",34);
INSERT INTO Jogador VALUES(299,"Brian Marilyn",19,"angolano",50,14,1034,"DC",23);
INSERT INTO Jogador VALUES(300,"Dennis David",0,"belga",6,2,80,"DC",22);
INSERT INTO Jogador VALUES(301,"Jacob George",1,"bruneano",75,2,152,"PL",31);
INSERT INTO Jogador VALUES(302,"Jordan Andrew",8,"salomônico",88,14,27,"MDC",19);
INSERT INTO Jogador VALUES(303,"Steven Michael",8,"turco",61,8,660,"MDC",24);
INSERT INTO Jogador VALUES(304,"Randy Christian",12,"tongalês",71,12,969,"ED",38);
INSERT INTO Jogador VALUES(305,"Janet Christina",1,"sudanês",82,7,459,"MCO",38);
INSERT INTO Jogador VALUES(306,"Paul Olivia",0,"norueguês",9,0,0,"MCO",34);
INSERT INTO Jogador VALUES(307,"Christine Heather",5,"omani",31,5,41,"PL",31);
INSERT INTO Jogador VALUES(308,"Sharon Brittany",3,"zimbabuano",82,9,603,"MC",38);
INSERT INTO Jogador VALUES(309,"Anthon Diane",0,"canadense",56,4,143,"DD",38);
INSERT INTO Jogador VALUES(310,"Christina Elijah",4,"ugandense",73,10,125,"MCO",38);
INSERT INTO Jogador VALUES(311,"Scott Carl",10,"egípcio",8,12,665,"ME",38);
INSERT INTO Jogador VALUES(312,"Lauren Benjamin",1,"caboverdiano",14,1,18,"EE",22);
INSERT INTO Jogador VALUES(313,"Brittany Bruce",1,"cazaque",28,3,231,"DC",31);
INSERT INTO Jogador VALUES(314,"Gloria Barbara",2,"ruandês",63,5,116,"MC",31);
INSERT INTO Jogador VALUES(315,"Harold Doris",3,"guinéu-equatoriano",99,12,587,"EE",24);
INSERT INTO Jogador VALUES(316,"Henry Brenda",17,"jordaniano",32,11,539,"EE",40);
INSERT INTO Jogador VALUES(317,"Randy Emma",7,"turcomeno",60,13,685,"ME",21);
INSERT INTO Jogador VALUES(318,"Bruce Dorothy",12,"português",73,8,267,"ED",37);
INSERT INTO Jogador VALUES(319,"Jeffrey Ryan",0,"egípcio",10,2,124,"ME",33);
INSERT INTO Jogador VALUES(320,"Isabella Bobby",12,"venezuelano",43,14,1245,"ME",21);
INSERT INTO Jogador VALUES(321,"Nancy Larry",10,"guatemalteco",7,8,143,"DE",17);
INSERT INTO Jogador VALUES(322,"Carolyn George",0,"norueguês",93,2,169,"MD",33);
INSERT INTO Jogador VALUES(323,"Madison Janet",12,"cingalês",41,13,123,"DE",25);
INSERT INTO Jogador VALUES(324,"Sarah Nicholas",18,"tunisiano",59,14,956,"MD",26);
INSERT INTO Jogador VALUES(325,"Diane Arthur",0,"paraguaio",35,6,61,"DE",37);
INSERT INTO Jogador VALUES(326,"John Anthon",12,"birmanês",4,14,843,"EE",29);
INSERT INTO Jogador VALUES(327,"Karen Doris",7,"dinamarquês",87,9,631,"MD",20);
INSERT INTO Jogador VALUES(328,"Michael Jeremy",3,"palauano",70,9,171,"MCO",35);
INSERT INTO Jogador VALUES(329,"Maria Cheryl",13,"iraquiano",37,11,553,"DD",36);
INSERT INTO Jogador VALUES(330,"Janet Victoria",15,"americano",9,10,350,"MDC",39);
INSERT INTO Jogador VALUES(331,"Marie Sophia",6,"queniano",57,14,1177,"GR",33);
INSERT INTO Jogador VALUES(332,"Albert Donna",9,"nepalês",78,13,490,"MDC",40);
INSERT INTO Jogador VALUES(333,"Jason Vincent",2,"americano",95,1,68,"MD",37);
INSERT INTO Jogador VALUES(334,"Jacob Julia",7,"sudanês",47,5,410,"GR",37);
INSERT INTO Jogador VALUES(335,"Carol Paul",12,"israelense",99,9,561,"MDC",18);
INSERT INTO Jogador VALUES(336,"Nicole Emily",13,"suéco",78,9,280,"DD",24);
INSERT INTO Jogador VALUES(337,"Danielle Cynthia",4,"lituano",21,5,420,"DC",39);
INSERT INTO Jogador VALUES(338,"Walter Tyler",1,"santa-luciense",9,2,162,"DD",35);
INSERT INTO Jogador VALUES(339,"Christian Samuel",2,"guineano",46,9,305,"MCO",28);
INSERT INTO Jogador VALUES(340,"Isabella Douglas",4,"iraquiano",34,7,47,"MCO",24);
INSERT INTO Jogador VALUES(341,"Andrea Michael",2,"colombiano",18,3,61,"DC",17);
INSERT INTO Jogador VALUES(342,"Danielle Linda",0,"são-tomense",51,6,33,"ME",36);
INSERT INTO Jogador VALUES(343,"Grace Olivia",14,"islandês",59,12,955,"ED",33);
INSERT INTO Jogador VALUES(344,"Ann Christina",0,"antiguano",2,4,112,"MC",26);
INSERT INTO Jogador VALUES(345,"Margaret Julia",6,"iraniano",56,7,585,"MC",36);
INSERT INTO Jogador VALUES(346,"Gabriel Jose",18,"árabe",19,13,598,"DE",32);
INSERT INTO Jogador VALUES(347,"Gregory Dorothy",1,"saudito",37,4,11,"GR",36);
INSERT INTO Jogador VALUES(348,"Robert Alexis",4,"croata",69,14,206,"DC",22);
INSERT INTO Jogador VALUES(349,"Jose Jessica",0,"brasileiro",14,1,34,"DE",23);
INSERT INTO Jogador VALUES(350,"Dennis Gloria",4,"nigerino",56,5,149,"ME",18);
INSERT INTO Jogador VALUES(351,"Richard Carl",1,"timorense",98,7,35,"DC",22);
INSERT INTO Jogador VALUES(352,"Walter Larry",0,"bósnio",20,8,600,"PL",30);
INSERT INTO Jogador VALUES(353,"Margaret Rachel",1,"namibiano",52,2,121,"DE",37);
INSERT INTO Jogador VALUES(354,"Kyle Andrew",6,"tajique",75,6,340,"EE",38);
INSERT INTO Jogador VALUES(355,"Victoria Anthon",3,"kuwaitiano",49,2,123,"MC",26);
INSERT INTO Jogador VALUES(356,"Janet Sara",3,"queniano",72,4,89,"AC",25);
INSERT INTO Jogador VALUES(357,"Anna Isabella",16,"chinês",27,13,530,"EE",25);
INSERT INTO Jogador VALUES(358,"Megan Laura",6,"tuvaluano",46,10,861,"EE",40);
INSERT INTO Jogador VALUES(359,"Dennis Mason",14,"maldivo",86,11,325,"MC",29);
INSERT INTO Jogador VALUES(360,"Carol Joseph",3,"afegão",25,11,464,"ED",26);
INSERT INTO Jogador VALUES(361,"Kelly Rebecca",8,"bahamiano",10,10,771,"MCO",28);
INSERT INTO Jogador VALUES(362,"Willie Donald",1,"paquistanês",9,1,83,"AC",35);
INSERT INTO Jogador VALUES(363,"Angela Walter",0,"cazaque",42,4,39,"PL",25);
INSERT INTO Jogador VALUES(364,"Arthur acqueline",4,"costa-marfinense",56,11,822,"ED",37);
INSERT INTO Jogador VALUES(365,"Gregory Rebecca",2,"fijiano",94,1,11,"GR",17);
INSERT INTO Jogador VALUES(366,"Cheryl Jerry",3,"bielo-russo",89,4,248,"EE",17);
INSERT INTO Jogador VALUES(367,"Kevin Judy",6,"montenegrino",7,6,51,"DE",25);
INSERT INTO Jogador VALUES(368,"Mary John",2,"burundinês",6,14,734,"GR",22);
INSERT INTO Jogador VALUES(369,"Kathryn Paul",0,"seichelense",80,1,72,"PL",25);
INSERT INTO Jogador VALUES(370,"Dorothy Patrick",17,"jamaicano",8,11,960,"MCO",35);
INSERT INTO Jogador VALUES(371,"Michael Peter",5,"costa-marfinense",49,11,319,"MCO",28);
INSERT INTO Jogador VALUES(372,"Maria Bryan",11,"moldávio",10,8,485,"MCO",25);
INSERT INTO Jogador VALUES(373,"Henry Cynthia",15,"liechtensteinense",29,11,936,"EE",40);
INSERT INTO Jogador VALUES(374,"Nathan Emily",12,"ugandense",76,10,75,"GR",17);
INSERT INTO Jogador VALUES(375,"Kyle Marie",3,"burquinense",3,5,370,"ED",21);
INSERT INTO Jogador VALUES(376,"Andrea Nancy",7,"holandês",17,8,487,"MC",24);
INSERT INTO Jogador VALUES(377,"Ashley Carl",3,"marshalino",54,3,151,"MDC",34);
INSERT INTO Jogador VALUES(378,"Isabella Vincent",8,"granadino",45,14,1197,"DD",39);
INSERT INTO Jogador VALUES(379,"Anthon Rebecca",12,"malauiano",82,11,391,"MC",22);
INSERT INTO Jogador VALUES(380,"Matthew Christopher",10,"mauriciano",7,10,116,"MCO",26);
INSERT INTO Jogador VALUES(381,"John Helen",1,"cingalês",21,2,118,"MC",19);
INSERT INTO Jogador VALUES(382,"Victoria Dennis",0,"sul-coreano",69,3,98,"DE",23);
INSERT INTO Jogador VALUES(383,"Aaron Christian",2,"neozelandês",64,7,79,"MDC",21);
INSERT INTO Jogador VALUES(384,"Mar Brian",7,"jamaicano",49,7,343,"DC",22);
INSERT INTO Jogador VALUES(385,"Megan Theresa",2,"armênio",53,5,79,"ME",36);
INSERT INTO Jogador VALUES(386,"Jeffrey Alan",11,"brasileiro",43,9,598,"MDC",22);
INSERT INTO Jogador VALUES(387,"Joseph Richard",14,"filipino",66,13,316,"MCO",39);
INSERT INTO Jogador VALUES(388,"Jonathan Martha",5,"tanzaniano",89,9,438,"ME",40);
INSERT INTO Jogador VALUES(389,"Brand Brittany",1,"norueguês",13,3,182,"GR",21);
INSERT INTO Jogador VALUES(390,"Grace Scott",0,"ugandense",56,7,290,"MD",39);
INSERT INTO Jogador VALUES(391,"Maria Elizabeth",2,"ucraniano",54,10,631,"PL",35);
INSERT INTO Jogador VALUES(392,"Lauren Alan",6,"guinéu-equatoriano",6,11,935,"DE",40);
INSERT INTO Jogador VALUES(393,"Hannah Zachary",13,"queniano",51,9,769,"DC",36);
INSERT INTO Jogador VALUES(394,"Randy Sophia",3,"vanuatuense",30,4,159,"ME",32);
INSERT INTO Jogador VALUES(395,"Linda William",10,"angolano",7,10,792,"AC",23);
INSERT INTO Jogador VALUES(396,"Catherine Alice",3,"colombiano",54,5,133,"DC",30);
INSERT INTO Jogador VALUES(397,"Lawrence Bruce",5,"quirguiz",34,8,112,"MC",31);
INSERT INTO Jogador VALUES(398,"Jordan Jacob",8,"são-vicentino",41,5,92,"GR",34);
INSERT INTO Jogador VALUES(399,"Pamela Sophia",3,"são-vicentino",58,5,389,"DE",38);
INSERT INTO Jogador VALUES(400,"Dorothy Albert",9,"surinamês",64,6,8,"DC",29);
INSERT INTO Jogador VALUES(401,"Gerald Jesse",0,"burundinês",10,9,613,"AC",19);
INSERT INTO Jogador VALUES(402,"Brenda Joyce",5,"dominicano",86,12,1017,"MDC",33);
INSERT INTO Jogador VALUES(403,"Benjamin Frances",6,"turcomeno",87,8,631,"AC",36);
INSERT INTO Jogador VALUES(404,"Dennis Nicole",9,"argelino",67,14,474,"PL",40);
INSERT INTO Jogador VALUES(405,"Walter George",2,"papuásio",37,12,939,"PL",35);
INSERT INTO Jogador VALUES(406,"Robert Joyce",5,"barbadiano",68,5,340,"ME",19);
INSERT INTO Jogador VALUES(407,"Joe Justin",21,"quiribatiano",49,14,153,"EE",25);
INSERT INTO Jogador VALUES(408,"Billy Stephanie",15,"libanês",66,12,541,"DC",21);
INSERT INTO Jogador VALUES(409,"Sharon Karen",4,"burquinense",75,8,684,"PL",21);
INSERT INTO Jogador VALUES(410,"Charlotte Stephen",1,"mauritano",52,2,175,"ME",22);
INSERT INTO Jogador VALUES(411,"Laura Sarah",0,"tcheco",87,0,0,"MDC",21);
INSERT INTO Jogador VALUES(412,"Megan Ronald",12,"liechtensteinense",89,11,558,"EE",19);
INSERT INTO Jogador VALUES(413,"Carolyn Timothy",14,"belizenho",73,14,849,"DD",27);
INSERT INTO Jogador VALUES(414,"Jerry Keith",4,"congolês",90,5,401,"DC",25);
INSERT INTO Jogador VALUES(415,"Keith Samuel",5,"armênio",88,4,346,"EE",39);
INSERT INTO Jogador VALUES(416,"Kathleen Logan",9,"são-tomense",71,7,298,"MD",27);
INSERT INTO Jogador VALUES(417,"Doris Steven",9,"burquinense",91,7,484,"EE",31);
INSERT INTO Jogador VALUES(418,"Jeremy Karen",14,"burquinense",82,14,974,"DC",38);
INSERT INTO Jogador VALUES(419,"Debra Carl",5,"líbio",38,3,55,"ME",32);
INSERT INTO Jogador VALUES(420,"Richard Susan",1,"afegão",18,13,88,"GR",17);
INSERT INTO Jogador VALUES(421,"Bruce Henry",9,"laosiano",61,9,715,"ME",31);
INSERT INTO Jogador VALUES(422,"Joe Vincent",6,"eritreu",22,6,141,"DD",21);
INSERT INTO Jogador VALUES(423,"Julia Olivia",2,"quirguiz",39,2,76,"MD",38);
INSERT INTO Jogador VALUES(424,"Willie Ronald",2,"sudanês",44,3,211,"DE",34);
INSERT INTO Jogador VALUES(425,"Lauren Kathryn",8,"kuwaitiano",53,6,444,"MD",20);
INSERT INTO Jogador VALUES(426,"Amanda Margaret",7,"costarriquenho",24,6,120,"EE",24);
INSERT INTO Jogador VALUES(427,"Keith Catherine",0,"nigeriano",55,0,0,"GR",19);
INSERT INTO Jogador VALUES(428,"Russell Barbara",4,"mauritano",84,14,474,"PL",39);
INSERT INTO Jogador VALUES(429,"Frank Diane",7,"mauritano",39,10,266,"PL",40);
INSERT INTO Jogador VALUES(430,"Teresa Samuel",0,"ruandês",43,4,285,"DC",26);
INSERT INTO Jogador VALUES(431,"Scott George",1,"usbeque",21,9,358,"EE",32);
INSERT INTO Jogador VALUES(432,"Edward Henry",3,"hondurenho",42,2,151,"AC",29);
INSERT INTO Jogador VALUES(433,"Alice Alexis",10,"islandês",56,14,1040,"EE",30);
INSERT INTO Jogador VALUES(434,"Aaron Alan",19,"leonês",84,13,668,"MCO",23);
INSERT INTO Jogador VALUES(435,"Mar Jason",5,"marroquino",25,5,325,"DE",25);
INSERT INTO Jogador VALUES(436,"Joe Susan",13,"americano",93,13,1121,"DE",35);
INSERT INTO Jogador VALUES(437,"Jason Noah",15,"inglês",28,13,71,"AC",40);
INSERT INTO Jogador VALUES(438,"Nicholas Shirley",0,"iraquiano",32,4,151,"DC",26);
INSERT INTO Jogador VALUES(439,"Julia Pamela",7,"guianês",68,5,64,"DC",34);
INSERT INTO Jogador VALUES(440,"Ethan Cheryl",14,"brasileiro",75,13,183,"DE",33);
INSERT INTO Jogador VALUES(441,"Christine Aaron",5,"russo",21,10,162,"EE",19);
INSERT INTO Jogador VALUES(442,"Matthew Christina",11,"iraquiano",41,9,409,"MC",22);
INSERT INTO Jogador VALUES(443,"James Kelly",13,"congolês",66,14,688,"PL",37);
INSERT INTO Jogador VALUES(444,"Scott Heather",0,"omani",70,0,0,"DD",20);
INSERT INTO Jogador VALUES(445,"Scott Joyce",2,"gambiano",55,4,341,"GR",22);
INSERT INTO Jogador VALUES(446,"Albert Eric",6,"namibiano",46,7,362,"EE",20);
INSERT INTO Jogador VALUES(447,"David Melissa",1,"monegasco",1,1,90,"PL",28);
INSERT INTO Jogador VALUES(448,"Judy Christopher",8,"centro-africano",40,11,263,"MDC",19);
INSERT INTO Jogador VALUES(449,"Alan Jonathan",10,"libanês",10,7,341,"DD",38);
INSERT INTO Jogador VALUES(450,"Gerald Jose",1,"são-vicentino",43,1,39,"DD",20);
INSERT INTO Jogador VALUES(451,"Dorothy Kayla",11,"bareinita",88,11,939,"MDC",40);
INSERT INTO Jogador VALUES(452,"Hannah Christian",1,"costarriquenho",53,1,25,"EE",29);
INSERT INTO Jogador VALUES(453,"Harold Aaron",5,"americano",55,4,209,"MD",27);
INSERT INTO Jogador VALUES(454,"Deborah Gregory",20,"líbio",60,13,160,"EE",40);
INSERT INTO Jogador VALUES(455,"Elizabeth Timothy",2,"tunisiano",13,2,65,"ME",19);
INSERT INTO Jogador VALUES(456,"Barbara Ruth",3,"eritreu",96,4,104,"GR",35);
INSERT INTO Jogador VALUES(457,"Kelly Larry",0,"omani",21,0,0,"MCO",22);
INSERT INTO Jogador VALUES(458,"Christina Martha",9,"nigeriano",49,8,227,"DC",29);
INSERT INTO Jogador VALUES(459,"Randy Mar",15,"irlandês",56,12,880,"MCO",32);
INSERT INTO Jogador VALUES(460,"Mason Emily",1,"laosiano",83,9,676,"MD",18);
INSERT INTO Jogador VALUES(461,"Brand Adam",20,"saudito",91,14,323,"MCO",29);
INSERT INTO Jogador VALUES(462,"Marie Maria",9,"bielo-russo",89,14,827,"MCO",36);
INSERT INTO Jogador VALUES(463,"Tyler Mary",14,"monegasco",88,11,154,"DE",27);
INSERT INTO Jogador VALUES(464,"Dorothy Roy",5,"eritreu",48,6,57,"ME",20);
INSERT INTO Jogador VALUES(465,"Deborah Joseph",2,"italiano",69,3,4,"EE",32);
INSERT INTO Jogador VALUES(466,"Ralph Jeffrey",5,"eslovaco",55,3,56,"EE",31);
INSERT INTO Jogador VALUES(467,"Carolyn Thomas",13,"queniano",50,14,646,"DD",17);
INSERT INTO Jogador VALUES(468,"Jean Juan",0,"mongol",7,5,265,"DE",24);
INSERT INTO Jogador VALUES(469,"Thomas Samuel",1,"líbio",87,2,28,"EE",29);
INSERT INTO Jogador VALUES(470,"Samuel Roger",5,"tuvaluano",96,5,76,"MD",35);
INSERT INTO Jogador VALUES(471,"Joseph Michael",1,"lituano",19,2,70,"EE",19);
INSERT INTO Jogador VALUES(472,"Adam Frank",5,"surinamês",99,6,193,"DD",35);
INSERT INTO Jogador VALUES(473,"Sharon Theresa",5,"vietnamita",93,4,344,"AC",18);
INSERT INTO Jogador VALUES(474,"Sharon Marie",6,"ucraniano",30,6,495,"GR",32);
INSERT INTO Jogador VALUES(475,"Ruth Kathleen",1,"bósnio",50,4,68,"MDC",29);
INSERT INTO Jogador VALUES(476,"Donald Carol",4,"chileno",82,5,157,"DC",33);
INSERT INTO Jogador VALUES(477,"Julia Ralph",1,"trinitino",15,2,119,"AC",25);
INSERT INTO Jogador VALUES(478,"Joyce Joan",1,"kuwaitiano",63,2,172,"MDC",20);
INSERT INTO Jogador VALUES(479,"Margaret Jose",2,"afegão",40,14,262,"DC",35);
INSERT INTO Jogador VALUES(480,"Amanda Jacob",6,"bahamiano",41,6,257,"PL",29);
INSERT INTO Jogador VALUES(481,"Elijah Billy",2,"hondurenho",30,1,43,"MC",28);
INSERT INTO Jogador VALUES(482,"Scott Jack",1,"norte-coreano",84,9,102,"GR",23);
INSERT INTO Jogador VALUES(483,"Nicholas Jerry",3,"brasileiro",17,9,434,"DE",17);
INSERT INTO Jogador VALUES(484,"Catherine Barbara",0,"palestino",64,1,55,"ED",18);
INSERT INTO Jogador VALUES(485,"Larry Brian",4,"suéco",21,6,523,"DE",31);
INSERT INTO Jogador VALUES(486,"Edward Angela",15,"libanês",35,12,751,"MD",40);
INSERT INTO Jogador VALUES(487,"Barbara Jeremy",2,"congolês",19,5,254,"GR",37);
INSERT INTO Jogador VALUES(488,"Jack Zachary",0,"togonês",8,7,357,"AC",40);
INSERT INTO Jogador VALUES(489,"Peter Adam",17,"luxemburguês",95,14,1107,"MCO",25);
INSERT INTO Jogador VALUES(490,"Robert Doris",15,"guinéu-equatoriano",86,11,623,"MCO",25);
INSERT INTO Jogador VALUES(491,"Alice Frank",2,"americano",69,11,214,"ME",36);
INSERT INTO Jogador VALUES(492,"Kyle Vincent",14,"centro-africano",2,9,348,"PL",25);
INSERT INTO Jogador VALUES(493,"Kelly Christina",4,"armênio",27,4,186,"PL",25);
INSERT INTO Jogador VALUES(494,"Robert Matthew",1,"santa-luciense",8,5,450,"MCO",27);
INSERT INTO Jogador VALUES(495,"Amanda Ann",8,"paraguaio",22,10,184,"DE",40);
INSERT INTO Jogador VALUES(496,"Peter Marie",11,"inglês",68,14,517,"AC",32);
INSERT INTO Jogador VALUES(497,"Michael Wayne",4,"trinitino",60,7,246,"MD",27);
INSERT INTO Jogador VALUES(498,"Kelly Jennifer",1,"timorense",43,3,56,"MDC",25);
INSERT INTO Jogador VALUES(499,"Jacob Philip",15,"quirguiz",31,13,52,"AC",35);
INSERT INTO Jogador VALUES(500,"Samuel Kevin",1,"timorense",61,2,22,"DE",35);
INSERT INTO Jogador VALUES(501,"Jason Randy",13,"irlandês",76,13,546,"DC",36);
INSERT INTO Jogador VALUES(502,"Cheryl Anna",21,"belga",53,14,955,"MCO",38);
INSERT INTO Jogador VALUES(503,"Eric Laura",0,"jamaicano",23,12,956,"ME",32);
INSERT INTO Jogador VALUES(504,"Maria Jason",6,"eritreu",29,11,302,"MC",20);
INSERT INTO Jogador VALUES(505,"Elijah Jeffrey",1,"canadense",62,4,300,"DE",39);
INSERT INTO Jogador VALUES(506,"Brenda Madison",16,"liechtensteinense",70,12,339,"ME",30);
INSERT INTO Jogador VALUES(507,"Nicole Evelyn",0,"são-vicentino",31,0,0,"ME",17);
INSERT INTO Jogador VALUES(508,"Jesse Lori",1,"cazaque",59,3,103,"ME",19);
INSERT INTO Jogador VALUES(509,"Joshua Brian",0,"dominicano",77,0,0,"EE",24);
INSERT INTO Jogador VALUES(510,"Sharon Gregory",0,"andorrano",49,0,0,"MD",31);
INSERT INTO Jogador VALUES(511,"Justin Laura",0,"costarriquenho",4,1,75,"ME",29);
INSERT INTO Jogador VALUES(512,"Sophia Larry",0,"mexicano",84,0,0,"PL",36);
INSERT INTO Jogador VALUES(513,"Megan Ethan",2,"usbeque",39,14,488,"MC",26);
INSERT INTO Jogador VALUES(514,"Pamela Dennis",8,"trinitino",55,5,51,"PL",31);
INSERT INTO Jogador VALUES(515,"Larry Charles",6,"chileno",46,7,461,"DE",24);
INSERT INTO Jogador VALUES(516,"Terry Jessica",1,"georgiano",8,8,481,"DC",29);
INSERT INTO Jogador VALUES(517,"Jean Jose",0,"indonésio",57,2,127,"DC",34);
INSERT INTO Jogador VALUES(518,"Julia Paul",4,"papuásio",3,9,654,"EE",22);
INSERT INTO Jogador VALUES(519,"Ronald Marie",11,"esloveno",45,12,363,"MD",25);
INSERT INTO Jogador VALUES(520,"Martha Randy",5,"montenegrino",26,7,121,"DC",30);
INSERT INTO Jogador VALUES(521,"Anthon Jeremy",0,"guatemalteco",65,6,237,"DE",35);
INSERT INTO Jogador VALUES(522,"Brand Kevin",1,"egípcio",62,1,77,"MDC",30);
INSERT INTO Jogador VALUES(523,"Angela Anna",3,"bengalês",29,7,483,"AC",26);
INSERT INTO Jogador VALUES(524,"Heather Alexis",0,"montenegrino",86,12,582,"MD",39);
INSERT INTO Jogador VALUES(525,"Laura Ethan",0,"mexicano",95,0,0,"PL",32);
INSERT INTO Jogador VALUES(526,"Julia Dennis",0,"timorense",10,5,204,"MD",19);
INSERT INTO Jogador VALUES(527,"Frances Christopher",1,"tunisiano",37,1,72,"AC",23);
INSERT INTO Jogador VALUES(528,"Andrew Edward",4,"kuwaitiano",56,12,1041,"EE",39);
INSERT INTO Jogador VALUES(529,"Amanda Thomas",1,"gabonês",21,8,543,"DC",36);
INSERT INTO Jogador VALUES(530,"Angela Louis",4,"húngaro",45,6,462,"DE",36);
INSERT INTO Jogador VALUES(531,"Aaron Christine",9,"finlandês",5,7,245,"DC",38);
INSERT INTO Jogador VALUES(532,"Virginia Joseph",0,"armênio",98,5,418,"MDC",40);
INSERT INTO Jogador VALUES(533,"Joe Barbara",5,"bielo-russo",37,6,12,"MD",36);
INSERT INTO Jogador VALUES(534,"Virginia Zachary",2,"marshalino",88,3,88,"AC",25);
INSERT INTO Jogador VALUES(535,"Adam Brian",0,"centro-africano",88,1,13,"AC",37);
INSERT INTO Jogador VALUES(536,"Diana Martha",2,"americano",80,1,86,"MD",28);
INSERT INTO Jogador VALUES(537,"Nicole Cheryl",16,"israelense",37,13,401,"DD",19);
INSERT INTO Jogador VALUES(538,"Andrew Philip",18,"dominicano",44,12,42,"EE",40);
INSERT INTO Jogador VALUES(539,"Marilyn Abigail",2,"malinês",2,5,381,"AC",40);
INSERT INTO Jogador VALUES(540,"Joe Cynthia",8,"argelino",44,5,14,"MDC",33);
INSERT INTO Jogador VALUES(541,"Grace Bruce",2,"chileno",1,3,13,"EE",28);
INSERT INTO Jogador VALUES(542,"Stephen Jean",0,"malinês",5,3,162,"MCO",36);
INSERT INTO Jogador VALUES(543,"Grace Diane",14,"andorrano",85,9,127,"ED",27);
INSERT INTO Jogador VALUES(544,"Madison James",0,"cambojano",70,0,0,"DD",27);
INSERT INTO Grupo VALUES("A");
INSERT INTO Grupo VALUES("B");
INSERT INTO Grupo VALUES("C");
INSERT INTO Grupo VALUES("D");
INSERT INTO Grupo VALUES("E");
INSERT INTO Grupo VALUES("F");
INSERT INTO Grupo VALUES("G");
INSERT INTO Grupo VALUES("H");
INSERT INTO Equipa VALUES(1,"Palmeiras",11,47,"A");
INSERT INTO Equipa VALUES(2,"River Plate",10,17,"A");
INSERT INTO Equipa VALUES(3,"Boca Juniors",12,9,"A");
INSERT INTO Equipa VALUES(4,"Flamengo",6,46,"A");
INSERT INTO Equipa VALUES(5,"Nacional",4,47,"B");
INSERT INTO Equipa VALUES(6,"Peñarol",5,0,"B");
INSERT INTO Equipa VALUES(7,"Atlético Mineiro",6,5,"B");
INSERT INTO Equipa VALUES(8,"Athletico Paranaense",3,38,"B");
INSERT INTO Equipa VALUES(9,"Cerro Porteño",2,50,"C");
INSERT INTO Equipa VALUES(10,"Libertad",10,34,"C");
INSERT INTO Equipa VALUES(11,"Independiente del Valle",10,2,"C");
INSERT INTO Equipa VALUES(12,"Universidad Católica",13,23,"C");
INSERT INTO Equipa VALUES(13,"Emelec",10,6,"D");
INSERT INTO Equipa VALUES(14,"Corinthians",14,9,"D");
INSERT INTO Equipa VALUES(15,"Colo-Colo",7,36,"D");
INSERT INTO Equipa VALUES(16,"Vélez Sarsfield",12,10,"D");
INSERT INTO Equipa VALUES(17,"Sporting Cristal",1,19,"E");
INSERT INTO Equipa VALUES(18,"Deportivo Cali",3,35,"E");
INSERT INTO Equipa VALUES(19,"Red Bull Bragantino",4,40,"E");
INSERT INTO Equipa VALUES(20,"Deportivo Táchira",5,1,"E");
INSERT INTO Equipa VALUES(21,"Alianza Lima",12,3,"F");
INSERT INTO Equipa VALUES(22,"Deportes Tolima",12,47,"F");
INSERT INTO Equipa VALUES(23,"Colón",13,44,"F");
INSERT INTO Equipa VALUES(24,"Caracas",10,30,"F");
INSERT INTO Equipa VALUES(25,"Always Ready",6,51,"G");
INSERT INTO Equipa VALUES(26,"Talleres",6,2,"G");
INSERT INTO Equipa VALUES(27,"Independiente Petrolero",13,30,"G");
INSERT INTO Equipa VALUES(28,"Fortaleza",14,40,"G");
INSERT INTO Equipa VALUES(29,"Olimpia",7,46,"H");
INSERT INTO Equipa VALUES(30,"Estudiantes",9,39,"H");
INSERT INTO Equipa VALUES(31,"The Strongest",3,3,"H");
INSERT INTO Equipa VALUES(32,"América Mineiro",4,42,"H");
INSERT INTO Estado VALUES("pre-eliminatorias");
INSERT INTO Estado VALUES("fase-de-grupos");
INSERT INTO Estado VALUES("oitavos-de-final");
INSERT INTO Estado VALUES("quartos-de-final");
INSERT INTO Estado VALUES("semi-final");
INSERT INTO Estado VALUES("final");
INSERT INTO EstatisticasDeJogo VALUES("pre-eliminatorias","5-1","10-11","48-52","7-10","10-3","171-188","9-2");
INSERT INTO EstatisticasDeJogo VALUES("fase-de-grupos","3-1","8-10","78-22","6-12","4-1","155-20","0-0");
INSERT INTO EstatisticasDeJogo VALUES("fase-de-grupos","0-5","6-3","63-37","7-0","15-22","47-64","0-9");
INSERT INTO EstatisticasDeJogo VALUES("oitavos-de-final","4-5","3-5","46-54","1-6","14-2","209-178","1-2");
INSERT INTO EstatisticasDeJogo VALUES("oitavos-de-final","2-1","10-9","81-19","2-0","21-13","169-171","5-7");
INSERT INTO EstatisticasDeJogo VALUES("fase-de-grupos","4-0","1-3","22-78","6-11","12-16","284-47","1-9");
INSERT INTO EstatisticasDeJogo VALUES("fase-de-grupos","5-1","4-5","65-35","3-12","17-2","218-88","13-1");
INSERT INTO EstatisticasDeJogo VALUES("quartos-de-final","2-4","2-6","67-33","2-2","1-7","98-196","0-6");
INSERT INTO EstatisticasDeJogo VALUES("quartos-de-final","3-0","4-5","81-19","1-2","1-7","14-215","1-3");
INSERT INTO EstatisticasDeJogo VALUES("final","3-1","9-6","68-32","0-9","5-1","210-182","2-0");
INSERT INTO EstatisticasDeJogo VALUES("oitavos-de-final","1-2","12-6","80-20","7-4","10-2","123-179","8-1");
INSERT INTO EstatisticasDeJogo VALUES("oitavos-de-final","2-2","9-0","48-52","0-6","23-6","287-30","17-4");
INSERT INTO EstatisticasDeJogo VALUES("quartos-de-final","3-2","9-0","61-39","7-2","16-3","19-163","12-1");
INSERT INTO EstatisticasDeJogo VALUES("pre-eliminatorias","5-5","4-8","38-62","1-5","2-17","282-205","2-13");
INSERT INTO EstatisticasDeJogo VALUES("oitavos-de-final","5-1","9-1","75-25","4-10","4-1","185-95","0-1");
INSERT INTO EstatisticasDeJogo VALUES("oitavos-de-final","5-0","7-2","12-88","7-6","10-13","106-133","9-9");
INSERT INTO EstatisticasDeJogo VALUES("final","4-5","5-3","76-24","3-2","3-7","231-26","0-3");
INSERT INTO EstatisticasDeJogo VALUES("semi-final","5-5","0-11","13-87","12-4","18-15","230-248","4-7");
INSERT INTO EstatisticasDeJogo VALUES("fase-de-grupos","0-4","12-6","86-14","3-12","16-21","92-266","15-12");
INSERT INTO EstatisticasDeJogo VALUES("pre-eliminatorias","1-3","6-11","39-61","0-5","7-21","182-88","4-10");
INSERT INTO EstatisticasDeJogo VALUES("oitavos-de-final","2-1","14-13","54-46","11-3","11-16","112-139","0-2");
INSERT INTO EstatisticasDeJogo VALUES("final","2-3","11-4","45-55","4-9","17-4","83-35","10-4");
INSERT INTO EstatisticasDeJogo VALUES("fase-de-grupos","2-5","2-10","19-81","7-12","13-23","177-77","13-16");
INSERT INTO EstatisticasDeJogo VALUES("final","2-0","6-6","51-49","7-6","8-16","292-181","6-1");
INSERT INTO EstatisticasDeJogo VALUES("quartos-de-final","1-4","12-12","20-80","1-7","18-21","139-197","6-1");
INSERT INTO EstatisticasDeJogo VALUES("final","4-3","12-3","43-57","9-9","1-17","220-294","0-1");
INSERT INTO EstatisticasDeJogo VALUES("semi-final","2-0","2-6","89-11","6-1","0-17","144-232","0-13");
INSERT INTO EstatisticasDeJogo VALUES("semi-final","1-0","1-9","17-83","9-12","11-4","180-145","9-3");
INSERT INTO EstatisticasDeJogo VALUES("final","4-3","11-14","37-63","11-7","11-13","122-8","2-13");
INSERT INTO EstatisticasDeJogo VALUES("semi-final","5-5","3-5","51-49","8-4","2-15","110-199","0-13");
INSERT INTO EstatisticasDeJogo VALUES("pre-eliminatorias","2-5","8-14","52-48","2-7","8-10","118-237","2-7");
INSERT INTO EstatisticasDeJogo VALUES("oitavos-de-final","5-2","12-8","73-27","5-5","2-14","155-148","0-7");
INSERT INTO EstatisticasDeJogo VALUES("semi-final","1-5","11-15","49-51","0-5","12-7","65-226","9-0");
INSERT INTO EstatisticasDeJogo VALUES("fase-de-grupos","1-0","15-9","54-46","5-10","19-16","36-213","7-11");
INSERT INTO EstatisticasDeJogo VALUES("pre-eliminatorias","2-5","10-12","43-57","5-0","12-4","84-117","12-0");
INSERT INTO EstatisticasDeJogo VALUES("oitavos-de-final","1-2","2-11","76-24","11-0","17-6","185-94","2-2");
INSERT INTO EstatisticasDeJogo VALUES("final","4-1","14-12","49-51","6-8","23-21","104-185","10-1");
INSERT INTO EstatisticasDeJogo VALUES("oitavos-de-final","5-3","12-7","38-62","12-3","0-19","300-255","0-2");
INSERT INTO EstatisticasDeJogo VALUES("final","5-5","14-14","39-61","1-9","3-22","89-222","3-7");
INSERT INTO EstatisticasDeJogo VALUES("oitavos-de-final","5-3","9-11","91-9","11-5","13-13","252-58","9-10");
INSERT INTO EstatisticasEquipa VALUES(7,3,13,19,5,1,3);
INSERT INTO EstatisticasEquipa VALUES(2,2,3,22,14,0,0);
INSERT INTO EstatisticasEquipa VALUES(2,1,14,0,14,0,0);
INSERT INTO EstatisticasEquipa VALUES(11,1,23,0,11,2,0);
INSERT INTO EstatisticasEquipa VALUES(17,2,30,11,5,3,5);
INSERT INTO EstatisticasEquipa VALUES(16,4,9,23,3,10,1);
INSERT INTO EstatisticasEquipa VALUES(8,4,2,5,3,9,1);
INSERT INTO EstatisticasEquipa VALUES(5,4,11,8,2,9,1);
INSERT INTO EstatisticasEquipa VALUES(4,3,15,15,8,3,2);
INSERT INTO EstatisticasEquipa VALUES(13,3,12,15,13,0,0);
INSERT INTO EstatisticasEquipa VALUES(6,4,10,16,9,3,2);
INSERT INTO EstatisticasEquipa VALUES(13,1,20,11,6,3,4);
INSERT INTO EstatisticasEquipa VALUES(4,1,25,16,6,1,4);
INSERT INTO EstatisticasEquipa VALUES(16,3,9,16,2,7,2);
INSERT INTO EstatisticasEquipa VALUES(1,4,15,2,3,10,1);
INSERT INTO EstatisticasEquipa VALUES(18,2,2,29,0,3,5);
INSERT INTO EstatisticasEquipa VALUES(13,3,3,21,10,4,0);
INSERT INTO EstatisticasEquipa VALUES(15,3,9,26,2,0,0);
INSERT INTO EstatisticasEquipa VALUES(16,2,12,18,2,7,1);
INSERT INTO EstatisticasEquipa VALUES(1,2,30,23,3,0,0);
INSERT INTO EstatisticasEquipa VALUES(9,2,21,25,4,0,7);
INSERT INTO EstatisticasEquipa VALUES(7,3,1,16,6,6,2);
INSERT INTO EstatisticasEquipa VALUES(7,1,2,18,3,9,1);
INSERT INTO EstatisticasEquipa VALUES(5,3,11,22,12,0,2);
INSERT INTO EstatisticasEquipa VALUES(2,4,20,9,10,4,0);
INSERT INTO EstatisticasEquipa VALUES(5,2,26,27,9,0,2);
INSERT INTO EstatisticasEquipa VALUES(14,1,11,18,14,0,0);
INSERT INTO EstatisticasEquipa VALUES(4,3,3,3,1,11,1);
INSERT INTO EstatisticasEquipa VALUES(11,2,28,12,1,12,0);
INSERT INTO EstatisticasEquipa VALUES(4,2,14,4,1,13,0);
INSERT INTO EstatisticasEquipa VALUES(7,4,13,1,2,0,12);
INSERT INTO EstatisticasEquipa VALUES(10,2,6,10,6,3,0);
INSERT INTO EstatisticasEquipa VALUES(10,1,7,11,6,2,2);
INSERT INTO EstatisticasEquipa VALUES(3,3,0,8,0,12,2);
INSERT INTO EstatisticasEquipa VALUES(3,2,24,30,4,9,1);
INSERT INTO EstatisticasEquipa VALUES(10,2,6,14,6,0,5);
INSERT INTO EstatisticasEquipa VALUES(11,4,3,17,9,2,1);
INSERT INTO EstatisticasEquipa VALUES(15,4,20,6,11,1,0);
INSERT INTO EstatisticasEquipa VALUES(18,3,5,20,9,0,2);
INSERT INTO EstatisticasEquipa VALUES(18,1,4,1,11,2,0);
INSERT INTO EstadoVisita VALUES("visitada");
INSERT INTO EstadoVisita VALUES("visitante");
INSERT INTO EstatisticasJogador VALUES(4,4,119,6,2,1,6,14);
INSERT INTO EstatisticasJogador VALUES(1,4,76,5,2,0,4,3);
INSERT INTO EstatisticasJogador VALUES(2,0,92,29,1,0,3,18);
INSERT INTO EstatisticasJogador VALUES(0,4,122,13,1,0,5,18);
INSERT INTO EstatisticasJogador VALUES(1,0,143,0,0,1,0,14);
INSERT INTO EstatisticasJogador VALUES(4,1,106,2,2,0,2,5);
INSERT INTO EstatisticasJogador VALUES(1,2,110,3,2,1,3,18);
INSERT INTO EstatisticasJogador VALUES(5,4,21,24,0,1,5,14);
INSERT INTO EstatisticasJogador VALUES(2,4,125,31,2,0,3,7);
INSERT INTO EstatisticasJogador VALUES(3,5,40,30,1,0,3,8);
INSERT INTO EstatisticasJogador VALUES(2,0,82,18,2,1,5,0);
INSERT INTO EstatisticasJogador VALUES(2,1,42,1,2,1,3,0);
INSERT INTO EstatisticasJogador VALUES(5,5,40,15,0,1,0,16);
INSERT INTO EstatisticasJogador VALUES(1,0,42,19,1,1,1,12);
INSERT INTO EstatisticasJogador VALUES(2,0,89,7,2,1,1,5);
INSERT INTO EstatisticasJogador VALUES(1,1,75,29,2,1,1,11);
INSERT INTO EstatisticasJogador VALUES(2,5,14,28,2,1,6,13);
INSERT INTO EstatisticasJogador VALUES(0,0,145,0,0,1,4,17);
INSERT INTO EstatisticasJogador VALUES(0,3,132,16,1,1,1,17);
INSERT INTO EstatisticasJogador VALUES(2,2,58,33,2,0,5,14);
INSERT INTO EstatisticasJogador VALUES(3,5,11,25,0,0,3,7);
INSERT INTO EstatisticasJogador VALUES(2,4,40,5,2,1,2,1);
INSERT INTO EstatisticasJogador VALUES(3,3,58,13,0,1,0,0);
INSERT INTO EstatisticasJogador VALUES(5,4,26,3,0,1,0,17);
INSERT INTO EstatisticasJogador VALUES(4,5,88,12,2,1,4,9);
INSERT INTO EstatisticasJogador VALUES(0,0,72,25,0,1,4,14);
INSERT INTO EstatisticasJogador VALUES(4,3,30,31,0,0,6,3);
INSERT INTO EstatisticasJogador VALUES(1,4,28,26,0,1,3,2);
INSERT INTO EstatisticasJogador VALUES(3,3,124,24,0,0,4,6);
INSERT INTO EstatisticasJogador VALUES(1,4,22,11,0,0,1,4);
INSERT INTO EstatisticasJogador VALUES(1,0,109,29,1,0,2,4);
INSERT INTO EstatisticasJogador VALUES(0,4,59,31,2,1,4,16);
INSERT INTO EstatisticasJogador VALUES(4,1,41,14,2,1,1,8);
INSERT INTO EstatisticasJogador VALUES(3,4,14,31,2,0,0,3);
INSERT INTO EstatisticasJogador VALUES(3,1,140,27,1,1,2,6);
INSERT INTO EstatisticasJogador VALUES(2,1,10,23,1,1,1,7);
INSERT INTO EstatisticasJogador VALUES(0,1,36,10,2,1,4,14);
INSERT INTO EstatisticasJogador VALUES(0,2,65,23,2,0,2,13);
INSERT INTO EstatisticasJogador VALUES(1,0,113,11,2,0,0,17);
INSERT INTO EstatisticasJogador VALUES(2,3,44,5,2,1,3,14);
INSERT INTO Arbitro VALUES(1,"Dorothy Gabriel",66,1);
INSERT INTO Arbitro VALUES(2,"Eric Rachel",85,8);
INSERT INTO Arbitro VALUES(3,"Helen Stephanie",28,9);
INSERT INTO Arbitro VALUES(4,"Megan Christian",66,6);
INSERT INTO Arbitro VALUES(5,"Barbara Billy",70,6);
INSERT INTO Arbitro VALUES(6,"Keith Jennifer",56,9);
INSERT INTO Arbitro VALUES(7,"Michael Lauren",56,9);
INSERT INTO Arbitro VALUES(8,"Alexis Charlotte",40,3);
INSERT INTO Arbitro VALUES(9,"Teresa Katherine",59,8);
INSERT INTO Arbitro VALUES(10,"Barbara Kevin",31,8);
INSERT INTO Arbitro VALUES(11,"Vincent Margaret",27,6);
INSERT INTO Arbitro VALUES(12,"Elizabeth Ethan",71,6);
INSERT INTO Arbitro VALUES(13,"Jason Mason",71,2);
INSERT INTO Arbitro VALUES(14,"Virginia Elizabeth",63,2);
INSERT INTO Arbitro VALUES(15,"Joyce Aaron",49,6);
INSERT INTO Arbitro VALUES(16,"Kyle Alan",28,5);
INSERT INTO Arbitro VALUES(17,"Vincent Olivia",23,7);
INSERT INTO Arbitro VALUES(18,"Joshua Harold",51,3);
INSERT INTO Arbitro VALUES(19,"Aaron Patrick",45,4);
INSERT INTO Arbitro VALUES(20,"Judith Natalie",60,6);
INSERT INTO Arbitro VALUES(21,"Andrea Stephanie",22,2);
INSERT INTO Arbitro VALUES(22,"Gabriel Stephen",48,5);
INSERT INTO Arbitro VALUES(23,"Helen Doris",18,3);
INSERT INTO Arbitro VALUES(24,"Julie Louis",58,1);
INSERT INTO Arbitro VALUES(25,"Billy Jeremy",56,3);
INSERT INTO Arbitro VALUES(26,"Ashley Abigail",52,3);
INSERT INTO Arbitro VALUES(27,"Natalie Jean",37,3);
INSERT INTO Arbitro VALUES(28,"Anna Billy",33,1);
INSERT INTO Arbitro VALUES(29,"Raymond Jeffrey",31,5);
INSERT INTO Arbitro VALUES(30,"Lauren Adam",42,6);
INSERT INTO Arbitro VALUES(31,"James Jennifer",71,2);
INSERT INTO Arbitro VALUES(32,"Bruce Christine",56,1);
INSERT INTO Arbitro VALUES(33,"Stephen Danielle",63,9);
INSERT INTO Arbitro VALUES(34,"acqueline Doris",25,4);
INSERT INTO Arbitro VALUES(35,"Jeremy Beverly",53,3);
INSERT INTO Arbitro VALUES(36,"Cynthia Kimberly",37,9);
INSERT INTO Arbitro VALUES(37,"Peter Terry",70,8);
INSERT INTO Arbitro VALUES(38,"Roy Roy",85,6);
INSERT INTO Arbitro VALUES(39,"Roger Aaron",42,8);
INSERT INTO Arbitro VALUES(40,"Amy Jonathan",77,1);
INSERT INTO Jogo VALUES("Corinthians-Universidad Católica","quartos-de-final",0,4,"15/1/2021");
INSERT INTO Jogo VALUES("Colo-Colo-Estudiantes","final",4,7,"26/5/2021");
INSERT INTO Jogo VALUES("Sporting Cristal-Nacional","quartos-de-final",5,2,"17/2/2022");
INSERT INTO Jogo VALUES("Cerro Porteño-Nacional","final",3,1,"2/9/2022");
INSERT INTO Jogo VALUES("Independiente Petrolero-Peñarol","fase-de-grupos",5,0,"12/6/2021");
INSERT INTO Jogo VALUES("Red Bull Bragantino-Peñarol","pre-eliminatorias",4,0,"11/7/2021");
INSERT INTO Jogo VALUES("Colón-Cerro Porteño","semi-final",7,7,"25/7/2021");
INSERT INTO Jogo VALUES("Talleres-Alianza Lima","pre-eliminatorias",5,2,"15/8/2021");
INSERT INTO Jogo VALUES("Sporting Cristal-Flamengo","quartos-de-final",6,4,"17/6/2021");
INSERT INTO Jogo VALUES("Deportes Tolima-Colo-Colo","oitavos-de-final",2,5,"2/5/2021");
INSERT INTO Jogo VALUES("Peñarol-Palmeiras","oitavos-de-final",3,0,"16/4/2021");
INSERT INTO Jogo VALUES("Estudiantes-Libertad","pre-eliminatorias",6,0,"3/7/2022");
INSERT INTO Jogo VALUES("Estudiantes-Sporting Cristal","pre-eliminatorias",5,5,"7/6/2021");
INSERT INTO Jogo VALUES("América Mineiro-Colón","pre-eliminatorias",1,7,"10/8/2022");
INSERT INTO Jogo VALUES("Flamengo-Red Bull Bragantino","semi-final",1,4,"19/6/2022");
INSERT INTO Jogo VALUES("Palmeiras-Red Bull Bragantino","oitavos-de-final",2,7,"10/8/2021");
INSERT INTO Jogo VALUES("Estudiantes-Estudiantes","fase-de-grupos",2,7,"5/3/2021");
INSERT INTO Jogo VALUES("Always Ready-Independiente Petrolero","quartos-de-final",3,2,"1/12/2021");
INSERT INTO Jogo VALUES("Red Bull Bragantino-Atlético Mineiro","semi-final",2,6,"21/10/2022");
INSERT INTO Jogo VALUES("Athletico Paranaense-Cerro Porteño","fase-de-grupos",6,1,"28/10/2022");
INSERT INTO Jogo VALUES("Caracas-Vélez Sarsfield","quartos-de-final",6,3,"28/11/2021");
INSERT INTO Jogo VALUES("Vélez Sarsfield-Boca Juniors","fase-de-grupos",6,6,"6/4/2022");
INSERT INTO Jogo VALUES("Caracas-Sporting Cristal","pre-eliminatorias",4,5,"8/12/2021");
INSERT INTO Jogo VALUES("Cerro Porteño-Libertad","semi-final",3,5,"2/10/2022");
INSERT INTO Jogo VALUES("Caracas-Universidad Católica","quartos-de-final",5,7,"25/6/2021");
INSERT INTO Jogo VALUES("Athletico Paranaense-Deportes Tolima","quartos-de-final",2,5,"27/10/2021");
INSERT INTO Jogo VALUES("Vélez Sarsfield-Athletico Paranaense","oitavos-de-final",6,7,"26/7/2022");
INSERT INTO Jogo VALUES("Nacional-Cerro Porteño","final",2,0,"2/6/2022");
INSERT INTO Jogo VALUES("Atlético Mineiro-Always Ready","quartos-de-final",4,4,"18/5/2021");
INSERT INTO Jogo VALUES("Alianza Lima-Colón","semi-final",7,0,"5/7/2021");
INSERT INTO Jogo VALUES("Libertad-Boca Juniors","oitavos-de-final",4,0,"2/12/2022");
INSERT INTO Jogo VALUES("River Plate-Independiente del Valle","oitavos-de-final",3,5,"4/10/2022");
INSERT INTO Jogo VALUES("The Strongest-Colón","fase-de-grupos",0,5,"3/1/2021");
INSERT INTO Jogo VALUES("Emelec-Colo-Colo","final",1,1,"3/8/2022");
INSERT INTO Jogo VALUES("Palmeiras-Independiente Petrolero","pre-eliminatorias",7,7,"26/12/2022");
INSERT INTO Jogo VALUES("Colo-Colo-Caracas","final",0,3,"15/3/2022");
INSERT INTO Jogo VALUES("Sporting Cristal-América Mineiro","pre-eliminatorias",6,6,"19/1/2022");
INSERT INTO Jogo VALUES("Atlético Mineiro-Libertad","quartos-de-final",6,0,"6/7/2021");
INSERT INTO Jogo VALUES("Independiente Petrolero-Nacional","semi-final",2,1,"2/6/2021");
INSERT INTO Jogo VALUES("Flamengo-Independiente del Valle","semi-final",3,3,"10/7/2021");