INSERT INTO JOGADOR VALUES("Mason",10,"Estados Unidos",47,12,65);
INSERT INTO JOGADOR VALUES("Lisa",4,"Reino Unido",4,9,379);
INSERT INTO JOGADOR VALUES("Justin",0,"Tonga",60,2,58);
INSERT INTO JOGADOR VALUES("Ronald",3,"Santa Helena",26,3,108);
INSERT INTO JOGADOR VALUES("Russell",9,"Países Baixos",42,8,181);
INSERT INTO JOGADOR VALUES("Julie",0,"Guatemala",25,0,0);
INSERT INTO JOGADOR VALUES("Russell",2,"Filipinas",57,12,413);
INSERT INTO JOGADOR VALUES("Brenda",2,"Singapura",79,3,12);
INSERT INTO JOGADOR VALUES("Ralph",11,"Ruanda",40,9,418);
INSERT INTO JOGADOR VALUES("Ethan",12,"Paraguai",23,12,177);
INSERT INTO JOGADOR VALUES("Isabella",4,"Israel",9,3,165);
INSERT INTO JOGADOR VALUES("Frances",0,"Território Britânico do Oceano Índico",2,5,338);
INSERT INTO JOGADOR VALUES("Brand",3,"Argentina",7,10,414);
INSERT INTO JOGADOR VALUES("Benjamin",3,"São Tomé e Príncipe",49,2,83);
INSERT INTO JOGADOR VALUES("Brand",16,"Porto Rico",96,14,498);
INSERT INTO JOGADOR VALUES("Arthur",11,"Lesoto",39,12,334);
INSERT INTO JOGADOR VALUES("Alexander",4,"Sara Ocidental",66,9,725);
INSERT INTO JOGADOR VALUES("Kathleen",7,"Barbados",88,12,368);
INSERT INTO JOGADOR VALUES("Samantha",2,"Papua-Nova Guiné",76,4,310);
INSERT INTO JOGADOR VALUES("Lawrence",14,"Ilha Norfolk",50,13,5);
INSERT INTO JOGADOR VALUES("Randy",8,"Índia",3,12,527);
INSERT INTO JOGADOR VALUES("Deborah",2,"Malávi",63,3,14);
INSERT INTO JOGADOR VALUES("Hannah",0,"Tajiquistão",17,11,412);
INSERT INTO JOGADOR VALUES("Joseph",0,"Bielorrússia",71,8,561);
INSERT INTO JOGADOR VALUES("Billy",8,"São Pedro e Miquelon",59,6,218);
INSERT INTO JOGADOR VALUES("Patrick",1,"Ucrânia",5,1,53);
INSERT INTO JOGADOR VALUES("Justin",2,"Honduras",72,3,227);
INSERT INTO JOGADOR VALUES("Vincent",15,"Estónia",17,14,401);
INSERT INTO JOGADOR VALUES("Jose",8,"Guiné Equatorial",53,8,55);
INSERT INTO JOGADOR VALUES("Judith",3,"Barém",38,2,99);
INSERT INTO JOGADOR VALUES("Christian",3,"Sérvia",55,3,191);
INSERT INTO JOGADOR VALUES("Julie",9,"Gibraltar",46,13,560);
INSERT INTO JOGADOR VALUES("Sandra",2,"Gibraltar",45,2,140);
INSERT INTO JOGADOR VALUES("Jason",3,"Ucrânia",38,7,376);
INSERT INTO JOGADOR VALUES("Lisa",5,"Tunísia",48,14,578);
INSERT INTO JOGADOR VALUES("Joe",9,"Kosovo",83,7,184);
INSERT INTO JOGADOR VALUES("Olivia",4,"Lesoto",15,11,539);
INSERT INTO JOGADOR VALUES("Sara",7,"Taiwan",87,13,85);
INSERT INTO JOGADOR VALUES("Grace",0,"Ilhas Cook",39,0,0);
INSERT INTO JOGADOR VALUES("Zachary",13,"Ilhas Turcas e Caicos",94,13,857);
INSERT INTO JOGADOR VALUES("Angela",0,"Haiti",50,5,373);
INSERT INTO JOGADOR VALUES("Brenda",0,"Itália",76,0,0);
INSERT INTO JOGADOR VALUES("Diana",4,"Samoa",30,5,403);
INSERT INTO JOGADOR VALUES("Stephen",4,"Maldivas",29,12,821);
INSERT INTO JOGADOR VALUES("Tyler",3,"Japão",70,2,138);
INSERT INTO JOGADOR VALUES("Kayla",0,"Roménia",96,10,26);
INSERT INTO JOGADOR VALUES("Gregory",5,"Curacao",43,4,316);
INSERT INTO JOGADOR VALUES("Olivia",4,"Angola",74,3,124);
INSERT INTO JOGADOR VALUES("Jerry",5,"Espanha",2,8,54);
INSERT INTO JOGADOR VALUES("Emma",5,"Israel",4,8,581);
INSERT INTO JOGADOR VALUES("Charles",8,"Letónia",74,13,1065);
INSERT INTO JOGADOR VALUES("Pamela",12,"Ilhas Caimão",67,10,43);
INSERT INTO JOGADOR VALUES("Helen",8,"Barém",57,8,417);
INSERT INTO JOGADOR VALUES("Brian",11,"Reino Unido",23,9,342);
INSERT INTO JOGADOR VALUES("Kathleen",2,"Sérvia",92,11,283);
INSERT INTO JOGADOR VALUES("Sophia",0,"Tuvalu",92,7,72);
INSERT INTO JOGADOR VALUES("Nicholas",8,"Isle of Man",71,8,167);
INSERT INTO JOGADOR VALUES("Arthur",0,"Comores",49,0,0);
INSERT INTO JOGADOR VALUES("David",3,"Salvador",30,3,173);
INSERT INTO JOGADOR VALUES("Dennis",4,"Paquistão",22,5,324);
INSERT INTO JOGADOR VALUES("Megan",1,"Singapura",19,1,32);
INSERT INTO JOGADOR VALUES("James",0,"Zimbabué",60,0,0);
INSERT INTO JOGADOR VALUES("Betty",4,"Reino Unido",75,6,268);
INSERT INTO JOGADOR VALUES("Aaron",16,"Emiratos Árabes Unidos",63,14,775);
INSERT INTO JOGADOR VALUES("Kelly",0,"Salvador",76,0,0);
INSERT INTO JOGADOR VALUES("Julia",10,"Congo-Kinshasa",78,9,673);
INSERT INTO JOGADOR VALUES("Jordan",3,"Territórios Austrais Franceses",33,4,86);
INSERT INTO JOGADOR VALUES("Raymond",3,"Islândia",10,5,154);
INSERT INTO JOGADOR VALUES("Gerald",3,"Rússia",38,4,153);
INSERT INTO JOGADOR VALUES("Willie",4,"Jamaica",31,4,154);
INSERT INTO JOGADOR VALUES("Philip",3,"Costa do Marfim",99,6,368);
INSERT INTO JOGADOR VALUES("Bobby",6,"Tajiquistão",64,7,247);
INSERT INTO JOGADOR VALUES("Judith",4,"Birmânia",58,14,580);
INSERT INTO JOGADOR VALUES("Andrew",1,"Mongólia",47,1,73);
INSERT INTO JOGADOR VALUES("Louis",0,"Vietname",53,9,689);
INSERT INTO JOGADOR VALUES("Joseph",10,"Emiratos Árabes Unidos",47,12,636);
INSERT INTO JOGADOR VALUES("Aaron",3,"Bulgária",58,5,150);
INSERT INTO JOGADOR VALUES("Lori",9,"Mali",79,7,27);
INSERT INTO JOGADOR VALUES("Catherine",10,"São Martinho",56,8,237);
INSERT INTO JOGADOR VALUES("Sara",4,"Kosovo",87,3,113);
INSERT INTO JOGADOR VALUES("Marie",2,"Fiji",14,13,1036);
INSERT INTO JOGADOR VALUES("Rebecca",0,"Catar",16,4,311);
INSERT INTO JOGADOR VALUES("Wayne",8,"Arménia",52,10,161);
INSERT INTO JOGADOR VALUES("Aaron",2,"Libéria",10,1,11);
INSERT INTO JOGADOR VALUES("Evelyn",0,"Ilhas Heard e McDonald",58,5,306);
INSERT INTO JOGADOR VALUES("Christine",2,"Monserrate",32,3,204);
INSERT INTO JOGADOR VALUES("Carol",0,"Turquemenistão",58,8,644);
INSERT INTO JOGADOR VALUES("Olivia",16,"Ilhas Salomão",34,14,109);
INSERT INTO JOGADOR VALUES("Kathryn",2,"Camboja",87,10,651);
INSERT INTO JOGADOR VALUES("Kenneth",4,"Chile",41,3,127);
INSERT INTO JOGADOR VALUES("Linda",10,"Peru",76,14,636);
INSERT INTO JOGADOR VALUES("Elizabeth",12,"Quirguizistão",74,10,203);
INSERT INTO JOGADOR VALUES("Brand",4,"Cabo Verde",45,10,331);
INSERT INTO JOGADOR VALUES("Laura",8,"Gabão",30,13,482);
INSERT INTO JOGADOR VALUES("Ann",2,"Ilhas Caimão",35,5,5);
INSERT INTO JOGADOR VALUES("Beverly",1,"Argélia",45,1,53);
INSERT INTO JOGADOR VALUES("Charles",1,"Akrotiri",43,3,59);
INSERT INTO JOGADOR VALUES("Samuel",3,"Hungria",33,2,132);
INSERT INTO JOGADOR VALUES("Victoria",2,"Antárctida",32,1,55);
INSERT INTO JOGADOR VALUES("Marilyn",8,"Cazaquistão",74,6,442);


INSERT INTO EQUIPA VALUES("Lille",1,2);
INSERT INTO EQUIPA VALUES("Barcelona",12,33);
INSERT INTO EQUIPA VALUES("Nether Ajax",12,20);
INSERT INTO EQUIPA VALUES("Paris Saint-Germain",2,7);
INSERT INTO EQUIPA VALUES("Sevilla",2,3);
INSERT INTO EQUIPA VALUES("Villarreal",13,44);
INSERT INTO EQUIPA VALUES("Milan",13,32);
INSERT INTO EQUIPA VALUES("Barcelona",13,7);
INSERT INTO EQUIPA VALUES("Barcelona",11,34);
INSERT INTO EQUIPA VALUES("Sporting CP",5,6);
INSERT INTO EQUIPA VALUES("Manchester City",4,10);
INSERT INTO EQUIPA VALUES("Milan",5,9);
INSERT INTO EQUIPA VALUES("Chelsea",1,1);
INSERT INTO EQUIPA VALUES("Atlético Madrid",7,2);
INSERT INTO EQUIPA VALUES("Paris Saint-Germain",6,10);
INSERT INTO EQUIPA VALUES("Manchester City",7,8);
INSERT INTO EQUIPA VALUES("Juventus",7,5);
INSERT INTO EQUIPA VALUES("Manchester City",14,19);
INSERT INTO EQUIPA VALUES("Club Brugge",7,15);
INSERT INTO EQUIPA VALUES("Beşiktaş",3,12);
INSERT INTO EQUIPA VALUES("Porto",12,6);
INSERT INTO EQUIPA VALUES("Club Brugge",2,1);
INSERT INTO EQUIPA VALUES("Lille",4,2);
INSERT INTO EQUIPA VALUES("Nether Ajax",2,3);
INSERT INTO EQUIPA VALUES("Manchester United",11,26);
INSERT INTO EQUIPA VALUES("RB Leipzig",14,33);
INSERT INTO EQUIPA VALUES("Milan",10,29);
INSERT INTO EQUIPA VALUES("Barcelona",1,0);
INSERT INTO EQUIPA VALUES("Bayern Munich",14,24);
INSERT INTO EQUIPA VALUES("Beşiktaş",2,2);
INSERT INTO EQUIPA VALUES("Lille",5,2);
INSERT INTO EQUIPA VALUES("Manchester City",2,0);
INSERT INTO EQUIPA VALUES("Atalanta",13,50);
INSERT INTO EQUIPA VALUES("Bayern Munich",2,3);
INSERT INTO EQUIPA VALUES("Club Brugge",9,23);
INSERT INTO EQUIPA VALUES("Juventus",1,1);
INSERT INTO EQUIPA VALUES("VfL Wolfsburg",6,10);
INSERT INTO EQUIPA VALUES("Atlético Madrid",5,16);
INSERT INTO EQUIPA VALUES("Chelsea",14,7);
INSERT INTO EQUIPA VALUES("Atalanta",5,15);
INSERT INTO EQUIPA VALUES("Porto",5,11);
INSERT INTO EQUIPA VALUES("Sporting CP",8,19);
INSERT INTO EQUIPA VALUES("Chelsea",1,1);
INSERT INTO EQUIPA VALUES("Inter Milan",11,33);
INSERT INTO EQUIPA VALUES("Sporting CP",13,47);
INSERT INTO EQUIPA VALUES("Juventus",2,7);
INSERT INTO EQUIPA VALUES("Manchester United",7,1);
INSERT INTO EQUIPA VALUES("Zenit Saint Petersburg",2,8);
INSERT INTO EQUIPA VALUES("Beşiktaş",7,26);
INSERT INTO EQUIPA VALUES("Club Brugge",6,1);
INSERT INTO EQUIPA VALUES("RB Leipzig",2,0);
INSERT INTO EQUIPA VALUES("Dynamo Kyiv",12,25);
INSERT INTO EQUIPA VALUES("Zenit Saint Petersburg",11,6);
INSERT INTO EQUIPA VALUES("Liverpool",6,13);
INSERT INTO EQUIPA VALUES("Beşiktaş",6,22);
INSERT INTO EQUIPA VALUES("Lille",4,11);
INSERT INTO EQUIPA VALUES("Manchester United",1,0);
INSERT INTO EQUIPA VALUES("RB Leipzig",2,6);
INSERT INTO EQUIPA VALUES("Atlético Madrid",6,2);
INSERT INTO EQUIPA VALUES("Sevilla",14,6);
INSERT INTO EQUIPA VALUES("Sevilla",13,14);
INSERT INTO EQUIPA VALUES("Nether Ajax",5,4);
INSERT INTO EQUIPA VALUES("VfL Wolfsburg",2,3);
INSERT INTO EQUIPA VALUES("Manchester United",13,48);
INSERT INTO EQUIPA VALUES("Sevilla",11,0);
INSERT INTO EQUIPA VALUES("Manchester City",14,14);
INSERT INTO EQUIPA VALUES("Manchester City",9,22);
INSERT INTO EQUIPA VALUES("Milan",3,10);
INSERT INTO EQUIPA VALUES("Milan",14,15);
INSERT INTO EQUIPA VALUES("Inter Milan",5,4);
INSERT INTO EQUIPA VALUES("Liverpool",1,0);
INSERT INTO EQUIPA VALUES("Juventus",11,34);
INSERT INTO EQUIPA VALUES("Zenit Saint Petersburg",11,41);
INSERT INTO EQUIPA VALUES("VfL Wolfsburg",8,11);
INSERT INTO EQUIPA VALUES("Chelsea",4,8);
INSERT INTO EQUIPA VALUES("Barcelona",10,10);
INSERT INTO EQUIPA VALUES("Beşiktaş",6,24);
INSERT INTO EQUIPA VALUES("Club Brugge",8,2);
INSERT INTO EQUIPA VALUES("Juventus",8,8);
INSERT INTO EQUIPA VALUES("Beşiktaş",2,7);
INSERT INTO EQUIPA VALUES("Bayern Munich",2,4);
INSERT INTO EQUIPA VALUES("Sevilla",10,15);
INSERT INTO EQUIPA VALUES("Real Madrid",9,31);
INSERT INTO EQUIPA VALUES("Juventus",8,11);
INSERT INTO EQUIPA VALUES("Club Brugge",11,0);
INSERT INTO EQUIPA VALUES("Club Brugge",9,23);
INSERT INTO EQUIPA VALUES("Manchester United",7,22);
INSERT INTO EQUIPA VALUES("Borussia Dortmund",13,5);
INSERT INTO EQUIPA VALUES("Atlético Madrid",12,31);
INSERT INTO EQUIPA VALUES("Club Brugge",9,12);
INSERT INTO EQUIPA VALUES("Barcelona",11,13);
INSERT INTO EQUIPA VALUES("Manchester City",2,3);
INSERT INTO EQUIPA VALUES("Lille",8,0);
INSERT INTO EQUIPA VALUES("Atlético Madrid",14,1);
INSERT INTO EQUIPA VALUES("Manchester United",6,13);
INSERT INTO EQUIPA VALUES("Barcelona",1,0);
INSERT INTO EQUIPA VALUES("Villarreal",12,34);
INSERT INTO EQUIPA VALUES("Nether Ajax",2,8);
INSERT INTO EQUIPA VALUES("Lille",3,0);
INSERT INTO EQUIPA VALUES("Zenit Saint Petersburg",2,8);


INSERT INTO GRUPO VALUES("A");
INSERT INTO GRUPO VALUES("B");
INSERT INTO GRUPO VALUES("C");
INSERT INTO GRUPO VALUES("D");
INSERT INTO GRUPO VALUES("E");
INSERT INTO GRUPO VALUES("F");
INSERT INTO GRUPO VALUES("G");
INSERT INTO GRUPO VALUES("H");


INSERT INTO ESTADO VALUES("fase-de-grupos");
INSERT INTO ESTADO VALUES("oitavos-de-final");
INSERT INTO ESTADO VALUES("quartos-de-final");
INSERT INTO ESTADO VALUES("semi-final");
INSERT INTO ESTADO VALUES("final");

INSERT INTO ESTATISTICASDEJOGO VALUES("quartos-de-final","1-5","1-4","46-54","8-6","10-24","37-177","6-20");
INSERT INTO ESTATISTICASDEJOGO VALUES("fase-de-grupos","4-1","13-9","57-43","14-1","6-28","191-159","4-4");
INSERT INTO ESTATISTICASDEJOGO VALUES("oitavos-de-final","5-0","1-6","37-63","4-7","3-16","12-266","1-8");
INSERT INTO ESTATISTICASDEJOGO VALUES("oitavos-de-final","4-5","15-5","56-44","9-7","30-9","141-103","13-3");
INSERT INTO ESTATISTICASDEJOGO VALUES("final","2-4","9-5","38-62","7-9","4-1","174-238","1-1");
INSERT INTO ESTATISTICASDEJOGO VALUES("fase-de-grupos","5-5","1-15","79-21","2-12","10-17","114-100","7-10");
INSERT INTO ESTATISTICASDEJOGO VALUES("semi-final","4-2","8-7","71-29","2-3","17-0","356-291","8-0");
INSERT INTO ESTATISTICASDEJOGO VALUES("final","3-5","8-0","67-33","3-15","10-2","272-449","2-1");
INSERT INTO ESTATISTICASDEJOGO VALUES("quartos-de-final","1-2","13-3","66-34","13-9","8-11","479-128","2-4");
INSERT INTO ESTATISTICASDEJOGO VALUES("fase-de-grupos","4-2","6-12","22-78","0-6","24-1","170-215","21-1");
INSERT INTO ESTATISTICASDEJOGO VALUES("semi-final","0-2","5-12","77-23","4-9","2-6","314-485","1-3");
INSERT INTO ESTATISTICASDEJOGO VALUES("fase-de-grupos","5-0","4-13","55-45","12-9","11-12","306-324","3-5");
INSERT INTO ESTATISTICASDEJOGO VALUES("final","1-3","10-14","46-54","15-13","27-20","175-232","20-10");
INSERT INTO ESTATISTICASDEJOGO VALUES("oitavos-de-final","0-2","13-7","60-40","1-2","19-20","118-151","18-8");
INSERT INTO ESTATISTICASDEJOGO VALUES("quartos-de-final","5-4","0-3","55-45","1-13","11-11","134-210","6-4");
INSERT INTO ESTATISTICASDEJOGO VALUES("fase-de-grupos","4-2","15-4","33-67","9-10","15-9","472-434","12-3");
INSERT INTO ESTATISTICASDEJOGO VALUES("quartos-de-final","2-4","15-2","21-79","6-1","18-10","78-443","7-1");
INSERT INTO ESTATISTICASDEJOGO VALUES("final","1-4","5-9","55-45","5-3","12-15","239-325","8-5");
INSERT INTO ESTATISTICASDEJOGO VALUES("semi-final","5-1","1-1","73-27","6-7","20-6","141-210","7-5");
INSERT INTO ESTATISTICASDEJOGO VALUES("final","5-3","14-10","78-22","6-14","8-27","431-108","3-9");
INSERT INTO ESTATISTICASDEJOGO VALUES("final","4-2","3-15","39-61","11-4","9-24","321-393","6-22");
INSERT INTO ESTATISTICASDEJOGO VALUES("final","2-5","12-6","73-27","14-7","12-7","373-58","7-4");
INSERT INTO ESTATISTICASDEJOGO VALUES("semi-final","1-0","13-0","41-59","10-4","5-17","314-112","4-13");
INSERT INTO ESTATISTICASDEJOGO VALUES("oitavos-de-final","1-0","11-12","80-20","12-9","8-6","190-47","2-3");
INSERT INTO ESTATISTICASDEJOGO VALUES("quartos-de-final","4-0","15-15","25-75","6-1","29-10","259-296","12-1");
INSERT INTO ESTATISTICASDEJOGO VALUES("quartos-de-final","5-0","4-14","59-41","5-15","9-0","177-185","2-0");
INSERT INTO ESTATISTICASDEJOGO VALUES("final","5-5","9-7","30-70","5-10","6-13","395-64","2-7");
INSERT INTO ESTATISTICASDEJOGO VALUES("semi-final","3-3","13-8","68-32","0-3","21-5","49-379","4-1");
INSERT INTO ESTATISTICASDEJOGO VALUES("quartos-de-final","0-0","3-12","56-44","10-1","3-23","175-48","3-19");
INSERT INTO ESTATISTICASDEJOGO VALUES("quartos-de-final","2-4","3-12","32-68","8-3","0-26","254-109","0-17");
INSERT INTO ESTATISTICASDEJOGO VALUES("semi-final","1-1","9-10","79-21","8-2","29-17","22-226","24-11");
INSERT INTO ESTATISTICASDEJOGO VALUES("fase-de-grupos","1-5","13-10","58-42","15-14","27-15","100-373","21-3");
INSERT INTO ESTATISTICASDEJOGO VALUES("oitavos-de-final","5-2","9-9","56-44","0-9","30-30","32-370","9-22");
INSERT INTO ESTATISTICASDEJOGO VALUES("quartos-de-final","3-5","14-6","39-61","8-11","13-1","114-5","3-1");
INSERT INTO ESTATISTICASDEJOGO VALUES("fase-de-grupos","2-4","3-9","34-66","8-6","14-1","206-35","13-1");
INSERT INTO ESTATISTICASDEJOGO VALUES("quartos-de-final","4-1","0-3","47-53","3-11","13-1","275-139","2-1");
INSERT INTO ESTATISTICASDEJOGO VALUES("oitavos-de-final","5-2","12-10","45-55","0-15","4-13","4-254","1-9");
INSERT INTO ESTATISTICASDEJOGO VALUES("semi-final","5-2","3-11","37-63","5-12","0-24","4-264","0-18");
INSERT INTO ESTATISTICASDEJOGO VALUES("final","3-5","9-6","46-54","9-15","27-13","255-366","19-12");
INSERT INTO ESTATISTICASDEJOGO VALUES("quartos-de-final","0-0","15-1","33-67","7-1","12-10","394-299","5-2");
INSERT INTO ESTATISTICASDEJOGO VALUES("oitavos-de-final","3-1","13-0","62-38","15-8","5-9","257-47","3-9");
INSERT INTO ESTATISTICASDEJOGO VALUES("quartos-de-final","2-5","7-0","58-42","11-0","3-4","244-406","1-1");
INSERT INTO ESTATISTICASDEJOGO VALUES("fase-de-grupos","0-0","7-2","35-65","5-10","2-15","182-62","2-14");
INSERT INTO ESTATISTICASDEJOGO VALUES("oitavos-de-final","1-5","5-11","72-28","5-13","25-19","260-209","10-5");
INSERT INTO ESTATISTICASDEJOGO VALUES("semi-final","2-1","11-1","33-67","0-1","10-7","125-218","8-5");
INSERT INTO ESTATISTICASDEJOGO VALUES("semi-final","2-0","15-5","71-29","8-8","16-16","288-405","10-4");
INSERT INTO ESTATISTICASDEJOGO VALUES("oitavos-de-final","2-4","13-4","44-56","15-13","24-12","481-391","21-4");
INSERT INTO ESTATISTICASDEJOGO VALUES("fase-de-grupos","0-2","0-3","29-71","9-4","10-0","230-161","1-0");
INSERT INTO ESTATISTICASDEJOGO VALUES("fase-de-grupos","5-3","8-9","68-32","14-4","12-30","296-113","10-5");
INSERT INTO ESTATISTICASDEJOGO VALUES("quartos-de-final","2-1","14-12","73-27","5-3","21-20","179-293","18-10");
INSERT INTO ESTATISTICASDEJOGO VALUES("semi-final","3-3","7-2","73-27","6-7","11-20","402-138","5-16");
INSERT INTO ESTATISTICASDEJOGO VALUES("final","5-0","2-1","29-71","6-4","24-20","365-405","21-15");
INSERT INTO ESTATISTICASDEJOGO VALUES("fase-de-grupos","1-0","6-10","50-50","3-11","4-0","411-488","2-0");
INSERT INTO ESTATISTICASDEJOGO VALUES("semi-final","0-4","5-6","67-33","10-4","15-18","383-56","12-3");
INSERT INTO ESTATISTICASDEJOGO VALUES("final","5-2","5-7","57-43","3-9","16-17","265-472","2-12");
INSERT INTO ESTATISTICASDEJOGO VALUES("oitavos-de-final","3-3","8-13","51-49","6-5","18-7","470-342","10-5");
INSERT INTO ESTATISTICASDEJOGO VALUES("quartos-de-final","5-0","12-6","47-53","11-8","29-3","268-41","11-2");
INSERT INTO ESTATISTICASDEJOGO VALUES("final","0-4","3-4","46-54","3-11","20-24","28-168","9-13");
INSERT INTO ESTATISTICASDEJOGO VALUES("quartos-de-final","2-0","8-12","25-75","10-4","4-22","463-217","4-9");
INSERT INTO ESTATISTICASDEJOGO VALUES("oitavos-de-final","3-4","2-10","56-44","7-11","20-26","354-458","3-11");
INSERT INTO ESTATISTICASDEJOGO VALUES("final","2-2","9-1","47-53","2-8","24-8","107-361","22-6");
INSERT INTO ESTATISTICASDEJOGO VALUES("oitavos-de-final","5-1","5-2","80-20","6-4","17-3","278-385","9-2");
INSERT INTO ESTATISTICASDEJOGO VALUES("quartos-de-final","0-5","2-6","22-78","8-2","15-21","476-94","8-9");
INSERT INTO ESTATISTICASDEJOGO VALUES("fase-de-grupos","0-4","11-10","58-42","12-6","25-18","409-171","7-13");
INSERT INTO ESTATISTICASDEJOGO VALUES("final","2-1","1-11","59-41","13-4","14-16","160-88","10-11");
INSERT INTO ESTATISTICASDEJOGO VALUES("oitavos-de-final","0-0","7-3","77-23","1-10","13-1","144-461","2-1");
INSERT INTO ESTATISTICASDEJOGO VALUES("semi-final","1-0","11-1","70-30","7-14","2-5","125-115","2-1");
INSERT INTO ESTATISTICASDEJOGO VALUES("semi-final","3-5","3-6","25-75","7-1","15-27","2-392","2-11");
INSERT INTO ESTATISTICASDEJOGO VALUES("oitavos-de-final","3-2","13-10","20-80","2-5","1-25","3-62","1-10");
INSERT INTO ESTATISTICASDEJOGO VALUES("oitavos-de-final","4-4","13-0","32-68","4-3","0-10","326-405","0-1");
INSERT INTO ESTATISTICASDEJOGO VALUES("oitavos-de-final","1-2","8-6","65-35","3-9","9-28","366-469","8-24");
INSERT INTO ESTATISTICASDEJOGO VALUES("final","4-4","15-3","61-39","7-4","21-19","30-320","15-12");
INSERT INTO ESTATISTICASDEJOGO VALUES("oitavos-de-final","5-5","0-10","80-20","7-8","27-12","298-62","5-3");
INSERT INTO ESTATISTICASDEJOGO VALUES("semi-final","0-1","8-1","40-60","1-11","24-11","109-95","17-3");
INSERT INTO ESTATISTICASDEJOGO VALUES("final","5-5","9-3","26-74","9-1","13-25","76-460","5-22");
INSERT INTO ESTATISTICASDEJOGO VALUES("final","3-5","1-5","79-21","9-2","21-2","4-144","9-1");
INSERT INTO ESTATISTICASDEJOGO VALUES("semi-final","5-3","12-13","36-64","15-8","22-2","320-345","19-1");
INSERT INTO ESTATISTICASDEJOGO VALUES("fase-de-grupos","1-1","2-0","54-46","6-10","16-22","77-253","14-19");
INSERT INTO ESTATISTICASDEJOGO VALUES("oitavos-de-final","0-3","5-7","57-43","9-7","7-18","372-55","2-7");
INSERT INTO ESTATISTICASDEJOGO VALUES("semi-final","2-1","0-12","20-80","10-2","8-26","298-288","3-13");
INSERT INTO ESTATISTICASDEJOGO VALUES("quartos-de-final","1-3","7-1","58-42","6-9","5-6","98-176","1-1");
INSERT INTO ESTATISTICASDEJOGO VALUES("quartos-de-final","3-0","4-4","47-53","14-8","5-5","360-350","5-2");
INSERT INTO ESTATISTICASDEJOGO VALUES("oitavos-de-final","3-3","2-4","77-23","11-14","24-14","346-67","6-10");
INSERT INTO ESTATISTICASDEJOGO VALUES("fase-de-grupos","2-2","4-11","43-57","0-7","9-0","71-317","7-0");
INSERT INTO ESTATISTICASDEJOGO VALUES("oitavos-de-final","3-0","13-10","70-30","15-12","20-6","396-308","14-4");
INSERT INTO ESTATISTICASDEJOGO VALUES("quartos-de-final","5-0","13-12","50-50","15-9","5-26","228-228","5-21");
INSERT INTO ESTATISTICASDEJOGO VALUES("fase-de-grupos","3-1","6-12","26-74","11-3","12-29","401-473","2-26");
INSERT INTO ESTATISTICASDEJOGO VALUES("semi-final","2-3","1-2","75-25","0-7","5-4","325-410","5-2");
INSERT INTO ESTATISTICASDEJOGO VALUES("oitavos-de-final","4-4","0-4","27-73","13-3","2-17","478-323","2-16");
INSERT INTO ESTATISTICASDEJOGO VALUES("quartos-de-final","5-5","3-8","47-53","11-9","30-23","203-25","27-15");
INSERT INTO ESTATISTICASDEJOGO VALUES("semi-final","4-4","6-6","21-79","11-1","11-9","218-67","9-4");
INSERT INTO ESTATISTICASDEJOGO VALUES("quartos-de-final","2-4","8-9","80-20","5-6","26-18","63-94","17-15");
INSERT INTO ESTATISTICASDEJOGO VALUES("final","0-5","7-15","28-72","11-3","14-1","339-284","11-1");
INSERT INTO ESTATISTICASDEJOGO VALUES("semi-final","0-3","7-2","65-35","3-6","11-4","22-487","10-1");
INSERT INTO ESTATISTICASDEJOGO VALUES("oitavos-de-final","2-5","15-15","22-78","14-15","8-28","315-370","3-7");
INSERT INTO ESTATISTICASDEJOGO VALUES("quartos-de-final","0-5","3-11","39-61","1-15","6-10","151-404","4-8");
INSERT INTO ESTATISTICASDEJOGO VALUES("fase-de-grupos","3-5","12-7","28-72","10-13","26-10","341-345","21-3");
INSERT INTO ESTATISTICASDEJOGO VALUES("oitavos-de-final","3-3","0-4","47-53","13-15","21-12","83-161","7-10");
INSERT INTO ESTATISTICASDEJOGO VALUES("final","3-3","11-0","76-24","9-1","30-18","351-356","20-16");
INSERT INTO ESTATISTICASDEJOGO VALUES("oitavos-de-final","2-4","2-5","55-45","13-5","12-4","195-132","2-1");


 Hoje às 19:30
INSERT INTO ESTATISTICASEQUIPA VALUES(13,1,29,11,9,3,2);
INSERT INTO ESTATISTICASEQUIPA VALUES(6,2,7,7,2,2,8);
INSERT INTO ESTATISTICASEQUIPA VALUES(12,1,7,13,5,7,0);
INSERT INTO ESTATISTICASEQUIPA VALUES(6,1,0,31,0,12,1);
INSERT INTO ESTATISTICASEQUIPA VALUES(13,2,42,1,13,1,0);
INSERT INTO ESTATISTICASEQUIPA VALUES(9,3,26,0,14,0,0);
INSERT INTO ESTATISTICASEQUIPA VALUES(7,4,8,8,4,7,0);
INSERT INTO ESTATISTICASEQUIPA VALUES(13,1,37,6,11,3,0);
INSERT INTO ESTATISTICASEQUIPA VALUES(3,1,34,7,9,2,2);
INSERT INTO ESTATISTICASEQUIPA VALUES(0,2,9,5,3,3,6);
INSERT INTO ESTATISTICASEQUIPA VALUES(6,1,16,10,5,3,6);
INSERT INTO ESTATISTICASEQUIPA VALUES(2,3,13,0,12,0,0);
INSERT INTO ESTATISTICASEQUIPA VALUES(4,3,15,2,8,2,2);
INSERT INTO ESTATISTICASEQUIPA VALUES(18,3,10,0,4,0,7);
INSERT INTO ESTATISTICASEQUIPA VALUES(15,2,6,0,6,0,7);
INSERT INTO ESTATISTICASEQUIPA VALUES(12,2,7,16,2,6,6);
INSERT INTO ESTATISTICASEQUIPA VALUES(10,2,46,0,14,0,0);
INSERT INTO ESTATISTICASEQUIPA VALUES(16,1,18,14,5,6,3);
INSERT INTO ESTATISTICASEQUIPA VALUES(2,3,37,0,10,0,4);
INSERT INTO ESTATISTICASEQUIPA VALUES(15,4,20,0,12,0,2);
INSERT INTO ESTATISTICASEQUIPA VALUES(10,3,28,12,10,3,1);
INSERT INTO ESTATISTICASEQUIPA VALUES(3,2,5,7,4,2,5);
INSERT INTO ESTATISTICASEQUIPA VALUES(12,1,18,0,10,0,3);
INSERT INTO ESTATISTICASEQUIPA VALUES(11,3,3,35,1,12,1);
INSERT INTO ESTATISTICASEQUIPA VALUES(14,2,0,3,0,1,3);
INSERT INTO ESTATISTICASEQUIPA VALUES(8,2,4,3,1,1,0);
INSERT INTO ESTATISTICASEQUIPA VALUES(14,1,33,0,14,0,0);
INSERT INTO ESTATISTICASEQUIPA VALUES(18,4,18,2,13,1,0);
INSERT INTO ESTATISTICASEQUIPA VALUES(8,4,9,24,8,6,0);
INSERT INTO ESTATISTICASEQUIPA VALUES(6,3,11,3,5,1,8);
INSERT INTO ESTATISTICASEQUIPA VALUES(11,1,39,1,13,1,0);
INSERT INTO ESTATISTICASEQUIPA VALUES(9,2,5,22,4,10,0);
INSERT INTO ESTATISTICASEQUIPA VALUES(5,3,20,17,8,5,1);
INSERT INTO ESTATISTICASEQUIPA VALUES(8,2,48,1,12,1,1);
INSERT INTO ESTATISTICASEQUIPA VALUES(7,3,10,13,3,9,1);
INSERT INTO ESTATISTICASEQUIPA VALUES(12,1,5,17,2,9,1);
INSERT INTO ESTATISTICASEQUIPA VALUES(15,2,8,6,6,2,6);
INSERT INTO ESTATISTICASEQUIPA VALUES(2,3,24,7,10,2,0);
INSERT INTO ESTATISTICASEQUIPA VALUES(14,4,31,6,10,3,1);
INSERT INTO ESTATISTICASEQUIPA VALUES(5,1,21,0,14,0,0);
INSERT INTO ESTATISTICASEQUIPA VALUES(4,3,37,7,12,2,0);
INSERT INTO ESTATISTICASEQUIPA VALUES(8,2,24,4,13,1,0);
INSERT INTO ESTATISTICASEQUIPA VALUES(11,4,13,11,7,5,2);
INSERT INTO ESTATISTICASEQUIPA VALUES(16,1,23,0,14,0,0);
INSERT INTO ESTATISTICASEQUIPA VALUES(12,3,32,3,11,3,0);
INSERT INTO ESTATISTICASEQUIPA VALUES(12,2,9,27,3,10,1);
INSERT INTO ESTATISTICASEQUIPA VALUES(10,1,12,4,8,1,0);
INSERT INTO ESTATISTICASEQUIPA VALUES(7,3,13,4,8,3,3);
INSERT INTO ESTATISTICASEQUIPA VALUES(5,3,6,1,5,1,0);
INSERT INTO ESTATISTICASEQUIPA VALUES(3,2,40,0,12,0,2);
INSERT INTO ESTATISTICASEQUIPA VALUES(18,2,38,0,13,0,1);
INSERT INTO ESTATISTICASEQUIPA VALUES(2,1,40,0,11,0,1);
INSERT INTO ESTATISTICASEQUIPA VALUES(16,1,35,0,14,0,0);
INSERT INTO ESTATISTICASEQUIPA VALUES(17,4,12,0,10,0,3);
INSERT INTO ESTATISTICASEQUIPA VALUES(11,4,26,18,7,5,2);
INSERT INTO ESTATISTICASEQUIPA VALUES(11,2,34,4,10,2,1);
INSERT INTO ESTATISTICASEQUIPA VALUES(9,2,32,3,10,1,3);
INSERT INTO ESTATISTICASEQUIPA VALUES(2,1,0,14,0,13,1);
INSERT INTO ESTATISTICASEQUIPA VALUES(2,2,8,10,2,4,7);
INSERT INTO ESTATISTICASEQUIPA VALUES(12,2,3,18,1,11,1);
INSERT INTO ESTATISTICASEQUIPA VALUES(10,2,15,0,8,0,4);
INSERT INTO ESTATISTICASEQUIPA VALUES(13,3,23,10,11,3,0);
INSERT INTO ESTATISTICASEQUIPA VALUES(3,4,6,14,5,7,1);
INSERT INTO ESTATISTICASEQUIPA VALUES(7,3,27,3,13,1,0);
INSERT INTO ESTATISTICASEQUIPA VALUES(11,4,12,3,5,1,7);
INSERT INTO ESTATISTICASEQUIPA VALUES(15,3,28,3,13,1,0);
INSERT INTO ESTATISTICASEQUIPA VALUES(8,1,45,1,13,1,0);
INSERT INTO ESTATISTICASEQUIPA VALUES(2,2,26,23,8,6,0);
INSERT INTO ESTATISTICASEQUIPA VALUES(5,2,6,27,3,8,3);
INSERT INTO ESTATISTICASEQUIPA VALUES(1,3,15,6,8,3,2);
INSERT INTO ESTATISTICASEQUIPA VALUES(13,3,22,7,12,2,0);
INSERT INTO ESTATISTICASEQUIPA VALUES(12,3,4,7,3,2,8);
INSERT INTO ESTATISTICASEQUIPA VALUES(9,1,11,19,3,11,0);
INSERT INTO ESTATISTICASEQUIPA VALUES(5,4,8,11,2,7,1);
INSERT INTO ESTATISTICASEQUIPA VALUES(11,4,7,7,6,6,1);
INSERT INTO ESTATISTICASEQUIPA VALUES(12,3,11,11,3,6,1);
INSERT INTO ESTATISTICASEQUIPA VALUES(17,3,3,17,1,5,3);
INSERT INTO ESTATISTICASEQUIPA VALUES(8,3,4,10,1,5,8);
INSERT INTO ESTATISTICASEQUIPA VALUES(8,4,1,16,1,7,2);
INSERT INTO ESTATISTICASEQUIPA VALUES(1,4,19,19,5,6,0);
INSERT INTO ESTATISTICASEQUIPA VALUES(1,2,2,13,1,5,2);
INSERT INTO ESTATISTICASEQUIPA VALUES(3,1,30,4,11,1,0);
INSERT INTO ESTATISTICASEQUIPA VALUES(10,2,1,14,1,7,2);
INSERT INTO ESTATISTICASEQUIPA VALUES(0,1,16,12,6,7,0);
INSERT INTO ESTATISTICASEQUIPA VALUES(17,2,4,4,3,1,4);
INSERT INTO ESTATISTICASEQUIPA VALUES(12,1,35,0,14,0,0);
INSERT INTO ESTATISTICASEQUIPA VALUES(12,2,20,6,11,2,0);
INSERT INTO ESTATISTICASEQUIPA VALUES(4,3,21,4,9,2,2);
INSERT INTO ESTATISTICASEQUIPA VALUES(8,2,13,8,7,3,4);
INSERT INTO ESTATISTICASEQUIPA VALUES(18,2,2,7,2,3,5);
INSERT INTO ESTATISTICASEQUIPA VALUES(8,2,19,2,8,1,0);
INSERT INTO ESTATISTICASEQUIPA VALUES(5,2,7,2,6,2,6);
INSERT INTO ESTATISTICASEQUIPA VALUES(9,3,30,0,8,0,6);
INSERT INTO ESTATISTICASEQUIPA VALUES(11,4,25,0,14,0,0);
INSERT INTO ESTATISTICASEQUIPA VALUES(17,1,22,0,14,0,0);
INSERT INTO ESTATISTICASEQUIPA VALUES(3,4,44,2,12,1,0);
INSERT INTO ESTATISTICASEQUIPA VALUES(17,3,8,11,3,4,7);
INSERT INTO ESTATISTICASEQUIPA VALUES(2,3,2,2,1,1,10);
INSERT INTO ESTATISTICASEQUIPA VALUES(5,1,22,13,8,5,0);
INSERT INTO ESTATISTICASEQUIPA VALUES(10,4,4,20,3,10,1);


INSERT INTO ESTATISTICASJOGADOR VALUES(12,6,15,0,1,1,0);
INSERT INTO ESTATISTICASJOGADOR VALUES(12,2,17,1,0,5,12);
INSERT INTO ESTATISTICASJOGADOR VALUES(12,3,60,1,0,14,9);
INSERT INTO ESTATISTICASJOGADOR VALUES(12,4,45,2,0,9,11);
INSERT INTO ESTATISTICASJOGADOR VALUES(12,7,34,1,1,11,9);
INSERT INTO ESTATISTICASJOGADOR VALUES(12,1,6,1,0,6,0);
INSERT INTO ESTATISTICASJOGADOR VALUES(12,3,37,1,0,8,0);
INSERT INTO ESTATISTICASJOGADOR VALUES(12,7,14,0,0,4,5);
INSERT INTO ESTATISTICASJOGADOR VALUES(12,6,63,1,1,11,4);
INSERT INTO ESTATISTICASJOGADOR VALUES(12,0,55,2,0,6,4);
INSERT INTO ESTATISTICASJOGADOR VALUES(12,3,58,2,1,0,8);
INSERT INTO ESTATISTICASJOGADOR VALUES(12,1,49,0,0,5,5);
INSERT INTO ESTATISTICASJOGADOR VALUES(12,4,22,1,1,1,10);
INSERT INTO ESTATISTICASJOGADOR VALUES(12,2,23,1,1,12,11);
INSERT INTO ESTATISTICASJOGADOR VALUES(12,0,51,1,0,14,5);
INSERT INTO ESTATISTICASJOGADOR VALUES(12,8,49,1,0,1,12);
INSERT INTO ESTATISTICASJOGADOR VALUES(12,3,69,1,0,2,9);
INSERT INTO ESTATISTICASJOGADOR VALUES(12,5,9,2,1,8,4);
INSERT INTO ESTATISTICASJOGADOR VALUES(12,1,35,0,0,1,10);
INSERT INTO ESTATISTICASJOGADOR VALUES(12,0,11,1,1,8,12);
INSERT INTO ESTATISTICASJOGADOR VALUES(12,0,35,1,1,0,1);
INSERT INTO ESTATISTICASJOGADOR VALUES(12,0,50,0,0,14,0);
INSERT INTO ESTATISTICASJOGADOR VALUES(12,3,59,2,0,4,0);
INSERT INTO ESTATISTICASJOGADOR VALUES(12,6,26,1,1,10,6);
INSERT INTO ESTATISTICASJOGADOR VALUES(12,7,23,2,1,12,0);
INSERT INTO ESTATISTICASJOGADOR VALUES(12,0,30,2,0,5,5);
INSERT INTO ESTATISTICASJOGADOR VALUES(12,0,54,2,1,7,5);
INSERT INTO ESTATISTICASJOGADOR VALUES(12,5,10,1,0,12,2);
INSERT INTO ESTATISTICASJOGADOR VALUES(12,0,41,2,0,14,8);
INSERT INTO ESTATISTICASJOGADOR VALUES(12,2,17,2,1,14,8);
INSERT INTO ESTATISTICASJOGADOR VALUES(12,3,73,2,1,6,10);
INSERT INTO ESTATISTICASJOGADOR VALUES(12,0,73,0,1,7,10);
INSERT INTO ESTATISTICASJOGADOR VALUES(12,0,73,0,1,14,12);
INSERT INTO ESTATISTICASJOGADOR VALUES(12,1,32,0,1,10,1);
INSERT INTO ESTATISTICASJOGADOR VALUES(12,5,15,0,1,0,2);
INSERT INTO ESTATISTICASJOGADOR VALUES(12,5,24,0,0,9,4);
INSERT INTO ESTATISTICASJOGADOR VALUES(12,0,28,0,1,12,10);
INSERT INTO ESTATISTICASJOGADOR VALUES(12,1,39,0,0,4,9);
INSERT INTO ESTATISTICASJOGADOR VALUES(12,0,25,2,0,4,9);
INSERT INTO ESTATISTICASJOGADOR VALUES(12,0,69,0,0,13,8);
INSERT INTO ESTATISTICASJOGADOR VALUES(12,3,44,0,1,0,10);
INSERT INTO ESTATISTICASJOGADOR VALUES(12,9,61,2,1,0,1);
INSERT INTO ESTATISTICASJOGADOR VALUES(12,2,43,2,0,10,9);
INSERT INTO ESTATISTICASJOGADOR VALUES(12,2,45,2,1,9,9);
INSERT INTO ESTATISTICASJOGADOR VALUES(12,8,49,2,0,10,11);
INSERT INTO ESTATISTICASJOGADOR VALUES(12,2,74,1,1,8,12);
INSERT INTO ESTATISTICASJOGADOR VALUES(12,0,37,0,1,7,9);
INSERT INTO ESTATISTICASJOGADOR VALUES(12,8,70,1,1,10,6);
INSERT INTO ESTATISTICASJOGADOR VALUES(12,7,29,2,1,0,7);
INSERT INTO ESTATISTICASJOGADOR VALUES(12,2,67,0,0,6,7);
INSERT INTO ESTATISTICASJOGADOR VALUES(12,4,27,0,1,7,5);
INSERT INTO ESTATISTICASJOGADOR VALUES(12,1,73,2,1,11,4);
INSERT INTO ESTATISTICASJOGADOR VALUES(12,0,7,2,0,4,7);
INSERT INTO ESTATISTICASJOGADOR VALUES(12,4,48,2,0,7,6);
INSERT INTO ESTATISTICASJOGADOR VALUES(12,0,48,2,0,13,9);
INSERT INTO ESTATISTICASJOGADOR VALUES(12,5,49,0,0,3,1);
INSERT INTO ESTATISTICASJOGADOR VALUES(12,2,49,2,1,2,8);
INSERT INTO ESTATISTICASJOGADOR VALUES(12,7,74,0,0,10,3);
INSERT INTO ESTATISTICASJOGADOR VALUES(12,0,75,0,1,4,7);
INSERT INTO ESTATISTICASJOGADOR VALUES(12,0,50,0,1,7,11);
INSERT INTO ESTATISTICASJOGADOR VALUES(12,0,58,2,0,0,1);
INSERT INTO ESTATISTICASJOGADOR VALUES(12,8,11,1,0,6,11);
INSERT INTO ESTATISTICASJOGADOR VALUES(12,6,6,0,1,3,5);
INSERT INTO ESTATISTICASJOGADOR VALUES(12,2,71,0,0,11,1);
INSERT INTO ESTATISTICASJOGADOR VALUES(12,0,33,1,0,4,10);
INSERT INTO ESTATISTICASJOGADOR VALUES(12,1,16,0,1,8,12);
INSERT INTO ESTATISTICASJOGADOR VALUES(12,3,4,2,1,5,9);
INSERT INTO ESTATISTICASJOGADOR VALUES(12,5,42,0,0,10,12);
INSERT INTO ESTATISTICASJOGADOR VALUES(12,0,54,0,1,2,6);
INSERT INTO ESTATISTICASJOGADOR VALUES(12,3,58,2,0,10,5);
INSERT INTO ESTATISTICASJOGADOR VALUES(12,1,24,1,0,5,10);
INSERT INTO ESTATISTICASJOGADOR VALUES(12,2,64,1,1,10,9);
INSERT INTO ESTATISTICASJOGADOR VALUES(12,0,29,1,1,2,11);
INSERT INTO ESTATISTICASJOGADOR VALUES(12,0,50,1,0,10,5);
INSERT INTO ESTATISTICASJOGADOR VALUES(12,4,64,0,1,10,4);
INSERT INTO ESTATISTICASJOGADOR VALUES(12,1,54,1,1,12,4);
INSERT INTO ESTATISTICASJOGADOR VALUES(12,7,58,1,0,14,11);
INSERT INTO ESTATISTICASJOGADOR VALUES(12,1,33,1,0,9,4);
INSERT INTO ESTATISTICASJOGADOR VALUES(12,5,46,2,1,9,7);
INSERT INTO ESTATISTICASJOGADOR VALUES(12,5,43,2,0,11,6);
INSERT INTO ESTATISTICASJOGADOR VALUES(12,3,67,0,1,3,4);
INSERT INTO ESTATISTICASJOGADOR VALUES(12,0,25,0,1,8,2);
INSERT INTO ESTATISTICASJOGADOR VALUES(12,0,10,1,0,8,4);
INSERT INTO ESTATISTICASJOGADOR VALUES(12,0,19,2,1,6,0);
INSERT INTO ESTATISTICASJOGADOR VALUES(12,4,66,0,1,11,9);
INSERT INTO ESTATISTICASJOGADOR VALUES(12,5,74,0,0,1,2);
INSERT INTO ESTATISTICASJOGADOR VALUES(12,2,57,1,0,7,7);
INSERT INTO ESTATISTICASJOGADOR VALUES(12,0,61,2,1,3,6);
INSERT INTO ESTATISTICASJOGADOR VALUES(12,3,7,2,1,0,9);
INSERT INTO ESTATISTICASJOGADOR VALUES(12,2,10,0,0,14,12);
INSERT INTO ESTATISTICASJOGADOR VALUES(12,1,56,0,1,2,3);
INSERT INTO ESTATISTICASJOGADOR VALUES(12,6,66,1,0,1,8);
INSERT INTO ESTATISTICASJOGADOR VALUES(12,0,55,0,1,3,7);
INSERT INTO ESTATISTICASJOGADOR VALUES(12,4,9,0,0,6,11);
INSERT INTO ESTATISTICASJOGADOR VALUES(12,3,21,1,1,6,3);
INSERT INTO ESTATISTICASJOGADOR VALUES(12,2,44,0,0,0,7);
INSERT INTO ESTATISTICASJOGADOR VALUES(12,2,73,0,0,10,2);
INSERT INTO ESTATISTICASJOGADOR VALUES(12,2,17,2,1,14,3);
INSERT INTO ESTATISTICASJOGADOR VALUES(12,8,29,0,1,9,12);
INSERT INTO ESTATISTICASJOGADOR VALUES(12,4,22,0,1,12,11);


INSERT INTO JOGO VALUES("104","semi-final",1,3,"09/09/15");
INSERT INTO JOGO VALUES("219","fase-de-grupos",5,1,"10/08/22");
INSERT INTO JOGO VALUES("38","fase-de-grupos",2,4,"18/11/4");
INSERT INTO JOGO VALUES("234","fase-de-grupos",2,2,"10/11/15");
INSERT INTO JOGO VALUES("154","quartos-de-final",2,1,"02/12/2");
INSERT INTO JOGO VALUES("147","quartos-de-final",0,0,"17/02/10");
INSERT INTO JOGO VALUES("194","fase-de-grupos",4,2,"27/09/2");
INSERT INTO JOGO VALUES("20","oitavos-de-final",0,5,"04/11/27");
INSERT INTO JOGO VALUES("87","oitavos-de-final",4,1,"19/03/25");
INSERT INTO JOGO VALUES("50","final",0,0,"04/09/12");
INSERT INTO JOGO VALUES("147","final",2,4,"02/09/15");
INSERT INTO JOGO VALUES("100","quartos-de-final",5,1,"15/06/28");
INSERT INTO JOGO VALUES("111","semi-final",3,2,"27/02/7");
INSERT INTO JOGO VALUES("175","semi-final",4,4,"01/06/14");
INSERT INTO JOGO VALUES("11","semi-final",5,4,"19/10/19");
INSERT INTO JOGO VALUES("31","semi-final",1,2,"12/11/24");
INSERT INTO JOGO VALUES("93","final",2,2,"01/09/5");
INSERT INTO JOGO VALUES("136","oitavos-de-final",1,2,"27/11/5");
INSERT INTO JOGO VALUES("214","semi-final",0,4,"29/08/19");
INSERT INTO JOGO VALUES("17","semi-final",5,0,"17/01/23");
INSERT INTO JOGO VALUES("80","semi-final",0,5,"29/03/13");
INSERT INTO JOGO VALUES("104","quartos-de-final",3,0,"24/01/25");
INSERT INTO JOGO VALUES("1","semi-final",1,2,"22/03/15");
INSERT INTO JOGO VALUES("70","final",3,5,"24/05/15");
INSERT INTO JOGO VALUES("241","oitavos-de-final",5,4,"20/04/26");
INSERT INTO JOGO VALUES("219","final",5,0,"24/11/13");
INSERT INTO JOGO VALUES("62","quartos-de-final",3,0,"23/10/21");
INSERT INTO JOGO VALUES("147","oitavos-de-final",4,4,"06/03/20");
INSERT INTO JOGO VALUES("254","oitavos-de-final",1,4,"07/09/24");
INSERT INTO JOGO VALUES("94","oitavos-de-final",4,2,"05/07/12");
INSERT INTO JOGO VALUES("178","final",1,0,"24/12/23");
INSERT INTO JOGO VALUES("159","quartos-de-final",4,5,"29/02/26");
INSERT INTO JOGO VALUES("45","quartos-de-final",2,3,"09/10/5");
INSERT INTO JOGO VALUES("174","final",3,4,"07/03/13");
INSERT INTO JOGO VALUES("82","final",1,5,"29/06/12");
INSERT INTO JOGO VALUES("7","quartos-de-final",3,2,"11/01/5");
INSERT INTO JOGO VALUES("169","quartos-de-final",5,3,"09/08/1");
INSERT INTO JOGO VALUES("173","oitavos-de-final",3,0,"27/08/6");
INSERT INTO JOGO VALUES("9","final",2,0,"22/12/7");
INSERT INTO JOGO VALUES("34","fase-de-grupos",4,3,"20/04/13");
INSERT INTO JOGO VALUES("201","oitavos-de-final",0,3,"19/10/14");
INSERT INTO JOGO VALUES("110","semi-final",5,0,"14/04/26");
INSERT INTO JOGO VALUES("234","final",0,3,"14/09/12");
INSERT INTO JOGO VALUES("7","quartos-de-final",1,2,"12/11/20");
INSERT INTO JOGO VALUES("147","oitavos-de-final",4,1,"06/05/24");
INSERT INTO JOGO VALUES("7","fase-de-grupos",4,3,"05/11/1");
INSERT INTO JOGO VALUES("28","quartos-de-final",3,5,"28/01/26");
INSERT INTO JOGO VALUES("169","semi-final",4,4,"20/06/10");
INSERT INTO JOGO VALUES("30","semi-final",2,4,"06/04/8");
INSERT INTO JOGO VALUES("84","fase-de-grupos",0,2,"27/09/14");
INSERT INTO JOGO VALUES("237","final",5,2,"24/01/18");
INSERT INTO JOGO VALUES("127","quartos-de-final",0,3,"23/04/16");
INSERT INTO JOGO VALUES("251","final",3,4,"04/01/7");
INSERT INTO JOGO VALUES("193","oitavos-de-final",1,5,"08/09/26");
INSERT INTO JOGO VALUES("115","final",0,2,"09/02/23");
INSERT INTO JOGO VALUES("154","oitavos-de-final",3,4,"27/09/17");
INSERT INTO JOGO VALUES("158","semi-final",5,2,"23/03/10");
INSERT INTO JOGO VALUES("0","fase-de-grupos",2,1,"09/05/27");
INSERT INTO JOGO VALUES("12","semi-final",0,2,"29/04/16");
INSERT INTO JOGO VALUES("156","final",0,3,"06/02/28");
INSERT INTO JOGO VALUES("166","semi-final",1,3,"22/06/26");
INSERT INTO JOGO VALUES("10","quartos-de-final",3,0,"12/03/15");
INSERT INTO JOGO VALUES("163","final",3,0,"18/12/17");
INSERT INTO JOGO VALUES("251","semi-final",2,1,"07/07/10");
INSERT INTO JOGO VALUES("65","quartos-de-final",1,5,"02/01/24");
INSERT INTO JOGO VALUES("112","quartos-de-final",4,0,"17/11/29");
INSERT INTO JOGO VALUES("95","semi-final",0,4,"01/06/20");
INSERT INTO JOGO VALUES("19","semi-final",0,1,"24/08/19");
INSERT INTO JOGO VALUES("87","semi-final",4,4,"08/05/17");
INSERT INTO JOGO VALUES("185","quartos-de-final",4,3,"08/11/15");
INSERT INTO JOGO VALUES("59","fase-de-grupos",4,5,"09/06/25");
INSERT INTO JOGO VALUES("65","quartos-de-final",1,4,"22/11/26");
INSERT INTO JOGO VALUES("41","final",0,0,"15/05/11");
INSERT INTO JOGO VALUES("85","semi-final",0,2,"23/12/8");
INSERT INTO JOGO VALUES("24","fase-de-grupos",5,2,"22/04/23");
INSERT INTO JOGO VALUES("218","semi-final",1,5,"10/07/1");
INSERT INTO JOGO VALUES("248","quartos-de-final",0,2,"22/12/1");
INSERT INTO JOGO VALUES("101","final",0,1,"29/06/12");
INSERT INTO JOGO VALUES("247","quartos-de-final",4,3,"19/05/9");
INSERT INTO JOGO VALUES("255","quartos-de-final",0,3,"13/01/20");
INSERT INTO JOGO VALUES("195","quartos-de-final",5,2,"18/02/22");
INSERT INTO JOGO VALUES("176","quartos-de-final",0,0,"28/05/13");
INSERT INTO JOGO VALUES("251","fase-de-grupos",3,0,"12/01/10");
INSERT INTO JOGO VALUES("123","oitavos-de-final",1,0,"17/06/12");
INSERT INTO JOGO VALUES("105","quartos-de-final",1,5,"09/12/24");
INSERT INTO JOGO VALUES("67","oitavos-de-final",0,4,"10/07/10");
INSERT INTO JOGO VALUES("130","quartos-de-final",5,2,"27/11/9");
INSERT INTO JOGO VALUES("167","quartos-de-final",3,3,"08/02/12");
INSERT INTO JOGO VALUES("67","final",2,5,"05/09/15");
INSERT INTO JOGO VALUES("131","fase-de-grupos",5,5,"16/12/25");
INSERT INTO JOGO VALUES("250","fase-de-grupos",5,3,"01/07/20");
INSERT INTO JOGO VALUES("4","semi-final",2,0,"02/12/14");
INSERT INTO JOGO VALUES("22","final",1,1,"07/04/20");
INSERT INTO JOGO VALUES("162","final",3,3,"12/05/11");
INSERT INTO JOGO VALUES("38","oitavos-de-final",0,0,"10/04/22");
INSERT INTO JOGO VALUES("104","fase-de-grupos",3,4,"03/02/29");
INSERT INTO JOGO VALUES("116","oitavos-de-final",3,2,"18/06/27");
INSERT INTO JOGO VALUES("29","semi-final",2,3,"11/10/22");
INSERT INTO JOGO VALUES("193","quartos-de-final",0,4,"08/04/6");
INSERT INTO JOGO VALUES("203","oitavos-de-final",3,0,"06/11/16");
