INSERT INTO Grupo VALUES('A');
INSERT INTO Grupo VALUES('B');
INSERT INTO Grupo VALUES('C');
INSERT INTO Grupo VALUES('D');
INSERT INTO Grupo VALUES('E');
INSERT INTO Grupo VALUES('F');
INSERT INTO Grupo VALUES('G');
INSERT INTO Grupo VALUES('H');
INSERT INTO Estados VALUES('Pre-eliminatorias');
INSERT INTO Estados VALUES('Fase-de-grupos');
INSERT INTO Estados VALUES('Oitavos-de-final');
INSERT INTO Estados VALUES('Quartos-de-final');
INSERT INTO Estados VALUES('Semi-final');
INSERT INTO Estados VALUES('Final');
INSERT INTO Treinador VALUES(1,'Graham Potter','Park the bus');
INSERT INTO Treinador VALUES(2,'Massimiliano Allegri','Long ball');
INSERT INTO Treinador VALUES(3,'Mikel Arteta','Park the bus');
INSERT INTO Treinador VALUES(4,'Maurizio Sarri','Gegenpress');
INSERT INTO Treinador VALUES(5,'Zinedine Zidane','Park the bus');
INSERT INTO Treinador VALUES(6,'Simone Inzaghi','Tiki-taka');
INSERT INTO Treinador VALUES(7,'Didier Deschamps','Tiki-taka');
INSERT INTO Treinador VALUES(8,'Luis Enrique','Park the bus');
INSERT INTO Treinador VALUES(9,'Brendan Rodgers','Tiki-taka');
INSERT INTO Treinador VALUES(10,'Carlo Ancelotti','Counter-attack');
INSERT INTO Treinador VALUES(11,'Stefano Pioli','Tiki-taka');
INSERT INTO Treinador VALUES(12,'Lionel Scaloni','Long ball');
INSERT INTO Treinador VALUES(13,'Julen Lopetegui','Park the bus');
INSERT INTO Treinador VALUES(14,'Ralf Rangnick','Gegenpress');
INSERT INTO Treinador VALUES(15,'Marcelo Bielsa','Park the bus');
INSERT INTO Treinador VALUES(16,'Steven Gerrard','Tiki-taka');
INSERT INTO Treinador VALUES(17,'David Moyes','Gegenpress');
INSERT INTO Treinador VALUES(18,'Marco Rose','Gegenpress');
INSERT INTO Treinador VALUES(19,'Gian Piero Gasperini','Tiki-taka');
INSERT INTO Treinador VALUES(20,'Unai Emery','Tiki-taka');
INSERT INTO Treinador VALUES(21,'Erik ten Hag','Counter-attack');
INSERT INTO Treinador VALUES(22,'Kasper Hjulmand','Tiki-taka');
INSERT INTO Treinador VALUES(23,'Mauricio Pochettino',NULL);
INSERT INTO Treinador VALUES(24,'Gareth Southgate','Park the bus');
INSERT INTO Treinador VALUES(25,'Julian Nagelsmann','Gegenpress');
INSERT INTO Treinador VALUES(26,'Diego Simeone',NULL);
INSERT INTO Treinador VALUES(27,'Roberto Mancini','Counter-attack');
INSERT INTO Treinador VALUES(28,'Hans-Dieter Flick','Tiki-taka');
INSERT INTO Treinador VALUES(29,'Antonio Conte','Tiki-taka');
INSERT INTO Treinador VALUES(30,'Jurgen Klopp','Long ball');
INSERT INTO Treinador VALUES(31,'Thomas Tuchel','Gegenpress');
INSERT INTO Treinador VALUES(32,'Pep Guardiola','Tiki-taka');
INSERT INTO Equipa VALUES(1,'Palmeiras',14,6,1,9,23,8,0,3,'C','Final',1);
INSERT INTO Equipa VALUES(2,'River Plate',13,16,1,13,10,6,4,3,'D','Oitavos-de-final',2);
INSERT INTO Equipa VALUES(3,'Boca Juniors',7,10,1,14,4,6,4,2,'E','Final',3);
INSERT INTO Equipa VALUES(4,'Flamengo',9,14,1,6,3,8,2,2,'B','Fase-de-grupos',4);
INSERT INTO Equipa VALUES(5,'Nacional',9,9,4,12,17,14,0,0,'A','Fase-de-grupos',5);
INSERT INTO Equipa VALUES(6,'Peñarol',6,13,2,4,7,0,8,5,'D','Pre-eliminatorias',6);
INSERT INTO Equipa VALUES(7,'Atlético Mineiro',12,12,2,15,6,14,0,0,'E','Final',7);
INSERT INTO Equipa VALUES(8,'Athletico Paranaense',14,1,2,18,15,3,7,4,'F','Quartos-de-final',8);
INSERT INTO Equipa VALUES(9,'Cerro Porteño',3,0,3,19,7,14,0,0,'C','Final',9);
INSERT INTO Equipa VALUES(10,'Libertad',8,2,4,8,1,8,5,0,'B','Fase-de-grupos',10);
INSERT INTO Equipa VALUES(11,'Independiente del Valle',14,10,2,0,20,14,0,0,'C','Final',11);
INSERT INTO Equipa VALUES(12,'Universidad Católica',12,15,3,17,1,10,2,2,'B','Quartos-de-final',12);
INSERT INTO Equipa VALUES(13,'Emelec',2,5,4,12,2,13,0,1,'C','Pre-eliminatorias',13);
INSERT INTO Equipa VALUES(14,'Corinthians',13,17,1,4,0,5,2,2,'G','Pre-eliminatorias',14);
INSERT INTO Equipa VALUES(15,'Colo-Colo',5,3,2,11,10,9,2,1,'B','Oitavos-de-final',15);
INSERT INTO Equipa VALUES(16,'Vélez Sarsfield',5,3,3,0,10,0,13,1,'G','Pre-eliminatorias',16);
INSERT INTO Equipa VALUES(17,'Sporting Cristal',11,6,1,24,14,11,0,1,'F','Fase-de-grupos',17);
INSERT INTO Equipa VALUES(18,'Deportivo Cali',2,13,3,8,9,10,3,0,'E','Semi-final',18);
INSERT INTO Equipa VALUES(19,'Red Bull Bragantino',13,2,4,5,13,14,0,0,'F','Semi-final',19);
INSERT INTO Equipa VALUES(20,'Deportivo Táchira',8,1,3,0,17,12,0,1,'A','Oitavos-de-final',20);
INSERT INTO Equipa VALUES(21,'Alianza Lima',3,2,1,22,17,12,1,0,'A','Semi-final',21);
INSERT INTO Equipa VALUES(22,'Deportes Tolima',6,6,2,13,8,8,2,4,'H','Fase-de-grupos',22);
INSERT INTO Equipa VALUES(23,'Colón',13,10,4,23,6,6,0,4,'D','Oitavos-de-final',23);
INSERT INTO Equipa VALUES(24,'Caracas',13,17,2,18,23,13,0,1,'A','Pre-eliminatorias',24);
INSERT INTO Equipa VALUES(25,'Always Ready',8,9,4,0,19,4,0,1,'E','Pre-eliminatorias',25);
INSERT INTO Equipa VALUES(26,'Talleres',9,1,4,24,25,1,2,10,'H','Pre-eliminatorias',26);
INSERT INTO Equipa VALUES(27,'Independiente Petrolero',7,7,1,2,17,6,0,1,'H','Quartos-de-final',27);
INSERT INTO Equipa VALUES(28,'Fortaleza',2,17,3,0,23,12,2,0,'F','Semi-final',28);
INSERT INTO Equipa VALUES(29,'Olimpia',11,12,2,22,23,6,4,3,'G','Pre-eliminatorias',29);
INSERT INTO Equipa VALUES(30,'Estudiantes',13,9,3,3,17,3,10,1,'H','Pre-eliminatorias',30);
INSERT INTO Equipa VALUES(31,'The Strongest',2,0,3,6,13,7,4,2,'D','Oitavos-de-final',31);
INSERT INTO Equipa VALUES(32,'América Mineiro',5,5,4,24,10,5,3,6,'G','Semi-final',32);
INSERT INTO Jogador VALUES(1,'Timothy Angela',4,'líbio',63,8,422,'AC',21,2);
INSERT INTO Jogador VALUES(2,'Barbara Rachel',4,'costa-marfinense',57,13,772,'PL',37,6);
INSERT INTO Jogador VALUES(3,'Nancy David',4,'gambiano',67,4,30,'MD',37,18);
INSERT INTO Jogador VALUES(4,'Philip Gregory',15,'queniano',57,14,274,'EE',23,10);
INSERT INTO Jogador VALUES(5,'Teresa Theresa',19,'palestino',87,14,579,'DE',23,17);
INSERT INTO Jogador VALUES(6,'Madison Angela',5,'nicaraguense',89,11,653,'MDC',22,7);
INSERT INTO Jogador VALUES(7,'Louis Philip',0,'tcheco',29,0,0,'DE',40,26);
INSERT INTO Jogador VALUES(8,'Noah Karen',14,'turco',38,14,462,'GR',19,14);
INSERT INTO Jogador VALUES(9,'Christina Alan',10,'barbadiano',35,13,1000,'MC',26,28);
INSERT INTO Jogador VALUES(10,'Michelle Christine',14,'ucraniano',72,12,145,'DD',26,32);
INSERT INTO Jogador VALUES(11,'Eric Hannah',5,'seichelense',89,6,113,'AC',31,6);
INSERT INTO Jogador VALUES(12,'Frank Brian',0,'norte-coreano',74,3,164,'PL',34,28);
INSERT INTO Jogador VALUES(13,'Jerry Eugene',14,'beninense',49,14,1074,'DD',32,30);
INSERT INTO Jogador VALUES(14,'Zachary Keith',0,'cazaque',42,3,250,'ED',35,21);
INSERT INTO Jogador VALUES(15,'Jose Michael',3,'cubano',29,2,178,'MC',32,1);
INSERT INTO Jogador VALUES(16,'Amy Lauren',4,'costa-marfinense',4,3,116,'ME',30,9);
INSERT INTO Jogador VALUES(17,'Patrick Joseph',10,'árabe',41,14,125,'MCO',24,17);
INSERT INTO Jogador VALUES(18,'Michelle Betty',1,'argelino',15,2,26,'MDC',34,16);
INSERT INTO Jogador VALUES(19,'Linda Ryan',5,'nauruano',59,4,338,'EE',23,21);
INSERT INTO Jogador VALUES(20,'Grace Carol',10,'português',29,11,303,'DE',22,18);
INSERT INTO Jogador VALUES(21,'Bryan Sarah',4,'peruano',21,7,339,'DC',36,24);
INSERT INTO Jogador VALUES(22,'Emma Kathleen',11,'laosiano',25,7,218,'DD',29,27);
INSERT INTO Jogador VALUES(23,'Noah Kelly',4,'suíço',28,8,561,'MDC',35,8);
INSERT INTO Jogador VALUES(24,'Jeremy Joshua',0,'sudanês',50,0,0,'PL',35,28);
INSERT INTO Jogador VALUES(25,'Michael Hannah',7,'malauiano',6,8,158,'AC',17,7);
INSERT INTO Jogador VALUES(26,'Judith Alan',5,'letão',91,10,890,'MD',24,31);
INSERT INTO Jogador VALUES(27,'Daniel Samuel',21,'kuwaitiano',88,14,482,'AC',24,6);
INSERT INTO Jogador VALUES(28,'Diana Danielle',2,'moçambicano',52,14,238,'EE',20,7);
INSERT INTO Jogador VALUES(29,'Joan Alice',0,'equatoriano',46,3,65,'EE',37,29);
INSERT INTO Jogador VALUES(30,'John Samantha',7,'kuwaitiano',45,8,231,'EE',17,5);
INSERT INTO Jogador VALUES(31,'acqueline Donna',0,'moldávio',47,0,0,'DE',21,7);
INSERT INTO Jogador VALUES(32,'Gregory Emily',6,'guineano',19,6,134,'MCO',33,20);
INSERT INTO Jogador VALUES(33,'Maria Justin',15,'argelino',4,14,337,'ED',29,25);
INSERT INTO Jogador VALUES(34,'Ashley Amy',3,'tajique',72,2,48,'DC',19,9);
INSERT INTO Jogador VALUES(35,'Lisa Judy',0,'samoano',61,7,253,'MD',37,16);
INSERT INTO Jogador VALUES(36,'Gabriel Susan',14,'andorrano',85,11,143,'DC',20,19);
INSERT INTO Jogador VALUES(37,'Amber Brian',2,'montenegrino',81,2,105,'DD',21,14);
INSERT INTO Jogador VALUES(38,'Jesse Charles',1,'turcomeno',58,5,204,'ME',26,28);
INSERT INTO Jogador VALUES(39,'Roy Theresa',2,'libanês',65,14,856,'DD',19,29);
INSERT INTO Jogador VALUES(40,'Kenneth Alexis',5,'finlandês',8,14,437,'PL',24,26);
INSERT INTO Jogador VALUES(41,'Brand Natalie',0,'bengalês',50,0,0,'AC',35,6);
INSERT INTO Jogador VALUES(42,'Jeremy Emma',4,'malai',10,4,285,'MCO',38,5);
INSERT INTO Jogador VALUES(43,'Michael Carl',4,'marroquino',45,10,117,'MC',19,19);
INSERT INTO Jogador VALUES(44,'Ashley Philip',6,'belga',22,6,194,'GR',20,7);
INSERT INTO Jogador VALUES(45,'Sean Andrea',2,'trinitino',61,13,951,'EE',22,17);
INSERT INTO Jogador VALUES(46,'Zachary Elijah',12,'eritreu',59,13,130,'MD',36,16);
INSERT INTO Jogador VALUES(47,'Gloria Theresa',1,'beninense',68,9,683,'DC',32,23);
INSERT INTO Jogador VALUES(48,'Christina Kimberly',6,'jamaicano',18,5,59,'AC',31,1);
INSERT INTO Jogador VALUES(49,'Ryan Karen',14,'birmanês',39,10,569,'DC',20,7);
INSERT INTO Jogador VALUES(50,'Barbara Deborah',4,'português',30,4,300,'ED',33,23);
INSERT INTO Jogador VALUES(51,'Brittany Andrew',1,'paraguaio',28,5,286,'MCO',21,29);
INSERT INTO Jogador VALUES(52,'Billy Carolyn',10,'paquistanês',65,7,223,'GR',30,31);
INSERT INTO Jogador VALUES(53,'William Samantha',8,'congolês',24,7,123,'DE',18,8);
INSERT INTO Jogador VALUES(54,'Peter Jack',2,'sírio',35,4,128,'DC',35,24);
INSERT INTO Jogador VALUES(55,'Katherine Lauren',15,'malai',63,11,500,'GR',20,10);
INSERT INTO Jogador VALUES(56,'David Ann',18,'beninense',37,13,455,'MC',30,30);
INSERT INTO Jogador VALUES(57,'Heather Gloria',4,'burundinês',50,4,29,'EE',37,1);
INSERT INTO Jogador VALUES(58,'Theresa Andrea',9,'costa-marfinense',33,10,395,'MD',26,12);
INSERT INTO Jogador VALUES(59,'Janet Cynthia',3,'georgiano',37,2,85,'DC',25,12);
INSERT INTO Jogador VALUES(60,'Megan Alice',2,'português',8,2,138,'GR',19,29);
INSERT INTO Jogador VALUES(61,'Peter Logan',5,'nepalês',84,3,58,'DE',40,17);
INSERT INTO Jogador VALUES(62,'Richard Timothy',0,'húngaro',38,12,765,'DE',17,13);
INSERT INTO Jogador VALUES(63,'Justin Janet',3,'cipriota',23,2,160,'DD',21,1);
INSERT INTO Jogador VALUES(64,'Kenneth Mary',0,'moldávio',99,11,692,'DE',19,8);
INSERT INTO Jogador VALUES(65,'Natalie acqueline',2,'somali',65,3,44,'AC',23,17);
INSERT INTO Jogador VALUES(66,'Douglas Arthur',3,'moldávio',21,2,130,'AC',40,3);
INSERT INTO Jogador VALUES(67,'Albert Sara',5,'sérvio',61,8,614,'EE',40,30);
INSERT INTO Jogador VALUES(68,'Daniel Jessica',4,'granadino',80,6,514,'ED',36,25);
INSERT INTO Jogador VALUES(69,'Olivia Gabriel',4,'birmanês',14,11,205,'MCO',21,20);
INSERT INTO Jogador VALUES(70,'acqueline Jennifer',0,'eslovaco',29,1,20,'MCO',40,10);
INSERT INTO Jogador VALUES(71,'William Brittany',10,'bielo-russo',12,9,245,'DC',29,3);
INSERT INTO Jogador VALUES(72,'Albert Dylan',0,'camaronês',13,4,209,'DE',30,31);
INSERT INTO Jogador VALUES(73,'Roy Arthur',1,'liberiano',50,2,115,'MD',32,3);
INSERT INTO Jogador VALUES(74,'Debra Joseph',12,'albanês',57,9,319,'MD',33,1);
INSERT INTO Jogador VALUES(75,'Kelly Alan',8,'guianês',86,7,280,'MDC',40,4);
INSERT INTO Jogador VALUES(76,'Angela Lauren',11,'grego',70,9,388,'MD',25,32);
INSERT INTO Jogador VALUES(77,'Dylan Sarah',3,'marshalino',71,5,351,'DE',31,12);
INSERT INTO Jogador VALUES(78,'Zachary Shirley',2,'liberiano',20,8,144,'MCO',30,19);
INSERT INTO Jogador VALUES(79,'Kayla Samantha',8,'palauano',58,8,64,'DD',36,13);
INSERT INTO Jogador VALUES(80,'Alexander Jessica',9,'vanuatuense',4,8,705,'DD',19,23);
INSERT INTO Jogador VALUES(81,'Alice Beverly',0,'uruguaio',39,1,90,'DE',17,28);
INSERT INTO Jogador VALUES(82,'Sara Roger',19,'bengalês',93,14,1139,'DE',27,10);
INSERT INTO Jogador VALUES(83,'Gloria Jesse',6,'são-tomense',35,4,98,'ME',34,15);
INSERT INTO Jogador VALUES(84,'Dennis Jerry',3,'monegasco',69,8,33,'DC',31,32);
INSERT INTO Jogador VALUES(85,'Margaret Daniel',0,'saudito',48,0,0,'AC',37,17);
INSERT INTO Jogador VALUES(86,'Eric Wayne',0,'romeno',38,3,255,'DD',19,14);
INSERT INTO Jogador VALUES(87,'Daniel Marilyn',0,'armênio',38,14,367,'MDC',23,28);
INSERT INTO Jogador VALUES(88,'Wayne Doris',12,'burundinês',3,10,212,'ED',22,23);
INSERT INTO Jogador VALUES(89,'Bobby Kathryn',9,'butanês',68,7,502,'DC',39,28);
INSERT INTO Jogador VALUES(90,'Timothy Isabella',2,'malgaxe',99,10,446,'MDC',35,3);
INSERT INTO Jogador VALUES(91,'Betty Lawrence',0,'nicaraguense',15,9,186,'MCO',21,26);
INSERT INTO Jogador VALUES(92,'Katherine Judith',1,'gambiano',46,1,22,'GR',18,15);
INSERT INTO Jogador VALUES(93,'Stephanie Richard',8,'búlgaro',11,11,26,'DC',25,14);
INSERT INTO Jogador VALUES(94,'Jason Jessica',9,'sul-africano',30,7,458,'EE',27,23);
INSERT INTO Jogador VALUES(95,'Aaron Paul',3,'birmanês',56,7,126,'PL',27,29);
INSERT INTO Jogador VALUES(96,'Alan Grace',6,'birmanês',1,7,131,'DC',35,27);
INSERT INTO Jogador VALUES(97,'Randy Benjamin',1,'canadense',15,5,54,'ED',29,3);
INSERT INTO Jogador VALUES(98,'George Frances',2,'nigeriano',9,3,206,'AC',17,8);
INSERT INTO Jogador VALUES(99,'Martha Arthur',3,'armênio',83,2,22,'PL',39,2);
INSERT INTO Jogador VALUES(100,'Alice Louis',3,'bósnio',73,5,104,'EE',28,1);
INSERT INTO Jogador VALUES(101,'Gabriel Sandra',19,'iemenita',48,14,817,'PL',20,25);
INSERT INTO Jogador VALUES(102,'Arthur Margaret',3,'bósnio',71,2,108,'ME',31,29);
INSERT INTO Jogador VALUES(103,'Bruce Keith',0,'mauritano',92,5,192,'ED',40,28);
INSERT INTO Jogador VALUES(104,'Samuel Bryan',3,'português',52,4,53,'EE',35,30);
INSERT INTO Jogador VALUES(105,'Kenneth Alice',2,'tailandês',41,5,33,'MD',35,6);
INSERT INTO Jogador VALUES(106,'Julia Samantha',12,'saudito',44,12,131,'MCO',40,6);
INSERT INTO Jogador VALUES(107,'Amy Jeremy',2,'guatemalteco',26,6,143,'MCO',24,15);
INSERT INTO Jogador VALUES(108,'Raymond Maria',10,'montenegrino',84,9,674,'MC',28,20);
INSERT INTO Jogador VALUES(109,'Alexis Kathleen',2,'francês',3,1,4,'PL',19,6);
INSERT INTO Jogador VALUES(110,'Aaron Sean',0,'namibiano',33,8,115,'AC',25,15);
INSERT INTO Jogador VALUES(111,'Walter Daniel',3,'suíço',14,3,115,'AC',35,20);
INSERT INTO Jogador VALUES(112,'Randy Ralph',4,'malai',33,4,339,'ED',37,12);
INSERT INTO Jogador VALUES(113,'Doris Steven',3,'malauiano',38,3,194,'MD',35,13);
INSERT INTO Jogador VALUES(114,'Justin Alexander',6,'irlandês',63,7,251,'PL',29,20);
INSERT INTO Jogador VALUES(115,'Alexis Christopher',3,'ucraniano',78,4,111,'ME',37,24);
INSERT INTO Jogador VALUES(116,'Samuel Eugene',2,'burundinês',67,2,23,'MD',35,23);
INSERT INTO Jogador VALUES(117,'Russell Alice',0,'moçambicano',7,0,0,'DE',33,9);
INSERT INTO Jogador VALUES(118,'Amy Jeremy',2,'neozelandês',75,2,14,'GR',25,2);
INSERT INTO Jogador VALUES(119,'Gregory Billy',6,'canadense',52,4,323,'DE',36,19);
INSERT INTO Jogador VALUES(120,'Margaret Isabella',8,'micronésio',79,9,699,'DD',35,8);
INSERT INTO Jogador VALUES(121,'George Deborah',3,'tajique',19,4,314,'MC',27,4);
INSERT INTO Jogador VALUES(122,'Samantha Tyler',12,'sudanês',38,12,902,'EE',21,9);
INSERT INTO Jogador VALUES(123,'Austin Willie',5,'indonésio',86,6,70,'ME',28,12);
INSERT INTO Jogador VALUES(124,'Madison Doris',7,'eslovaco',68,7,581,'AC',19,3);
INSERT INTO Jogador VALUES(125,'Rachel Helen',8,'brasileiro',11,13,576,'GR',31,3);
INSERT INTO Jogador VALUES(126,'John Katherine',3,'iemenita',58,2,178,'EE',34,16);
INSERT INTO Jogador VALUES(127,'Judy Alan',11,'bechuano',34,9,622,'DD',18,1);
INSERT INTO Jogador VALUES(128,'James Jennifer',11,'luxemburguês',91,12,242,'MC',35,13);
INSERT INTO Jogador VALUES(129,'Cheryl Olivia',5,'belizenho',33,4,147,'DC',39,6);
INSERT INTO Jogador VALUES(130,'Ashley Margaret',11,'nauruano',90,11,73,'GR',35,20);
INSERT INTO Jogador VALUES(131,'Tyler Amy',8,'ganês',79,7,574,'PL',27,31);
INSERT INTO Jogador VALUES(132,'Eric Judy',9,'malai',53,8,538,'MD',26,5);
INSERT INTO Jogador VALUES(133,'Judy Bobby',8,'zambiano',24,12,1037,'DE',21,29);
INSERT INTO Jogador VALUES(134,'John Henry',5,'inglês',28,5,223,'ME',32,7);
INSERT INTO Jogador VALUES(135,'Lawrence Isabella',0,'zambiano',63,1,70,'AC',31,17);
INSERT INTO Jogador VALUES(136,'Virginia Thomas',0,'samoano',27,1,57,'MCO',20,5);
INSERT INTO Jogador VALUES(137,'Emily Raymond',1,'sul-africano',73,5,431,'MCO',29,5);
INSERT INTO Jogador VALUES(138,'Katherine Sandra',3,'sudanês',5,7,91,'MD',38,6);
INSERT INTO Jogador VALUES(139,'Jeremy Gloria',8,'turcomeno',74,13,1164,'ME',25,30);
INSERT INTO Jogador VALUES(140,'Madison Larry',7,'costarriquenho',89,10,423,'MC',34,19);
INSERT INTO Jogador VALUES(141,'Mason Jean',1,'palauano',20,2,49,'EE',25,9);
INSERT INTO Jogador VALUES(142,'Melissa Hannah',0,'bielo-russo',60,3,136,'MDC',33,24);
INSERT INTO Jogador VALUES(143,'Jose Carl',0,'costarriquenho',31,2,67,'PL',28,13);
INSERT INTO Jogador VALUES(144,'Kayla Deborah',18,'azerbaijano',67,14,665,'DE',33,22);
INSERT INTO Jogador VALUES(145,'Jacob Laura',0,'letão',69,0,0,'DD',26,21);
INSERT INTO Jogador VALUES(146,'Melissa Janet',0,'tcheco',67,2,47,'DE',40,26);
INSERT INTO Jogador VALUES(147,'Danielle Lawrence',18,'tcheco',11,12,809,'PL',29,23);
INSERT INTO Jogador VALUES(148,'Alan Mary',15,'tunisiano',54,11,979,'DE',22,31);
INSERT INTO Jogador VALUES(149,'Carol Amanda',3,'americano',84,2,148,'AC',18,20);
INSERT INTO Jogador VALUES(150,'Charles Patricia',0,'francês',87,12,636,'MCO',19,17);
INSERT INTO Jogador VALUES(151,'Elijah Emma',9,'eslovaco',21,6,358,'DC',34,28);
INSERT INTO Jogador VALUES(152,'Victoria Diane',7,'cambojano',40,12,697,'EE',40,23);
INSERT INTO Jogador VALUES(153,'Brand Richard',1,'macedônio',77,8,590,'MC',29,30);
INSERT INTO Jogador VALUES(154,'Jessica Jack',4,'bareinita',9,9,229,'PL',34,17);
INSERT INTO Jogador VALUES(155,'Janet Evelyn',3,'omani',45,9,131,'PL',21,26);
INSERT INTO Jogador VALUES(156,'Jeremy Angela',0,'iraniano',87,1,54,'ME',32,5);
INSERT INTO Jogador VALUES(157,'Natalie Madison',3,'barbadiano',22,7,392,'DD',32,11);
INSERT INTO Jogador VALUES(158,'Mar Debra',10,'moçambicano',74,14,943,'DD',35,20);
INSERT INTO Jogador VALUES(159,'Donna Amy',1,'zimbabuano',44,2,96,'MCO',32,28);
INSERT INTO Jogador VALUES(160,'Jeremy Evelyn',2,'brasileiro',47,5,245,'ED',18,25);
INSERT INTO Jogador VALUES(161,'Anthon Andrew',11,'ruandês',71,13,639,'DD',20,5);
INSERT INTO Jogador VALUES(162,'Gary Scott',21,'colombiano',88,14,729,'ME',19,2);
INSERT INTO Jogador VALUES(163,'Mar Stephanie',7,'chadiano',62,6,80,'DE',30,20);
INSERT INTO Jogador VALUES(164,'Gerald Madison',11,'saudito',91,10,336,'MCO',17,12);
INSERT INTO Jogador VALUES(165,'Kathleen Aaron',0,'sudanês',12,4,86,'GR',18,31);
INSERT INTO Jogador VALUES(166,'Gregory Willie',0,'azerbaijano',81,0,0,'EE',33,26);
INSERT INTO Jogador VALUES(167,'Brenda Theresa',10,'neozelandês',27,8,258,'PL',28,30);
INSERT INTO Jogador VALUES(168,'Amanda Nathan',10,'mauriciano',15,9,128,'MC',27,27);
INSERT INTO Jogador VALUES(169,'Ruth Anna',3,'georgiano',57,3,174,'EE',24,7);
INSERT INTO Jogador VALUES(170,'Richard Mar',3,'ganês',60,8,534,'ED',23,7);
INSERT INTO Jogador VALUES(171,'Timothy Ruth',7,'georgiano',67,13,208,'AC',22,1);
INSERT INTO Jogador VALUES(172,'Ann Larry',8,'surinamês',29,10,139,'ME',38,24);
INSERT INTO Jogador VALUES(173,'Ruth William',3,'samarinês',31,14,380,'ED',32,8);
INSERT INTO Jogador VALUES(174,'Matthew Debra',4,'brasileiro',40,4,156,'ED',40,2);
INSERT INTO Jogador VALUES(175,'Samantha Mary',10,'são-tomense',16,12,625,'MC',19,8);
INSERT INTO Jogador VALUES(176,'Randy Christina',13,'boliviano',77,13,60,'MCO',32,27);
INSERT INTO Jogador VALUES(177,'Timothy Theresa',5,'vanuatuense',24,8,654,'ED',37,23);
INSERT INTO Jogador VALUES(178,'Keith Pamela',14,'micronésio',78,14,355,'EE',17,12);
INSERT INTO Jogador VALUES(179,'Carolyn Heather',2,'azerbaijano',18,3,100,'DC',34,32);
INSERT INTO Jogador VALUES(180,'Katherine Katherine',11,'zimbabuano',78,11,898,'MCO',19,11);
INSERT INTO Jogador VALUES(181,'Michelle Theresa',7,'gambiano',4,7,301,'MCO',33,18);
INSERT INTO Jogador VALUES(182,'Joe Jacob',0,'liechtensteinense',97,2,89,'EE',37,7);
INSERT INTO Jogador VALUES(183,'Charlotte Abigail',4,'tcheco',39,3,118,'DD',29,3);
INSERT INTO Jogador VALUES(184,'Alan Ethan',8,'macedônio',73,8,215,'DD',33,12);
INSERT INTO Jogador VALUES(185,'Janet Marie',1,'malai',65,9,395,'AC',22,6);
INSERT INTO Jogador VALUES(186,'Larry Amy',19,'moçambicano',57,14,152,'GR',33,3);
INSERT INTO Jogador VALUES(187,'Ronald Gloria',4,'tajique',78,13,525,'MDC',19,4);
INSERT INTO Jogador VALUES(188,'Stephen Sara',3,'malai',69,3,184,'ME',36,11);
INSERT INTO Jogador VALUES(189,'Rebecca Judith',3,'belga',25,6,105,'MD',19,5);
INSERT INTO Jogador VALUES(190,'Randy Diane',4,'irlandês',11,10,351,'MD',30,14);
INSERT INTO Jogador VALUES(191,'Dorothy Rachel',0,'chadiano',81,1,89,'MCO',39,31);
INSERT INTO Jogador VALUES(192,'Christine Diane',7,'filipino',15,13,753,'PL',23,2);
INSERT INTO Jogador VALUES(193,'James Benjamin',1,'macedônio',9,1,43,'DD',38,30);
INSERT INTO Jogador VALUES(194,'Brittany Janice',1,'croata',70,1,61,'ED',28,1);
INSERT INTO Jogador VALUES(195,'Gerald Jordan',8,'búlgaro',57,12,910,'DC',30,15);
INSERT INTO Jogador VALUES(196,'Alan Pamela',6,'sírio',24,9,701,'DC',18,18);
INSERT INTO Jogador VALUES(197,'Philip Philip',0,'dinamarquês',79,3,232,'DE',38,31);
INSERT INTO Jogador VALUES(198,'Paul Billy',1,'santa-luciense',57,1,14,'ME',28,11);
INSERT INTO Jogador VALUES(199,'Beverly Kelly',19,'polaco',19,13,35,'DE',35,19);
INSERT INTO Jogador VALUES(200,'Larry Diana',1,'birmanês',3,1,82,'EE',17,12);
INSERT INTO Jogador VALUES(201,'Edward Debra',6,'são-tomense',4,14,472,'DD',40,24);
INSERT INTO Jogador VALUES(202,'Vincent Amanda',8,'polaco',52,5,56,'ME',36,11);
INSERT INTO Jogador VALUES(203,'Brand Linda',3,'butanês',30,4,45,'AC',38,1);
INSERT INTO Jogador VALUES(204,'Jean Michelle',4,'bielo-russo',27,3,125,'AC',33,14);
INSERT INTO Jogador VALUES(205,'Alexander Anthon',5,'mauritano',21,7,351,'EE',30,28);
INSERT INTO Jogador VALUES(206,'Doris Jennifer',5,'birmanês',45,3,123,'DD',23,32);
INSERT INTO Jogador VALUES(207,'Kathryn Martha',2,'sudanês',23,13,196,'AC',35,27);
INSERT INTO Jogador VALUES(208,'Theresa Angela',6,'suazi',77,12,654,'DE',24,10);
INSERT INTO Jogador VALUES(209,'Alexander Diane',1,'irlandês',22,12,365,'ME',31,20);
INSERT INTO Jogador VALUES(210,'Gregory Ethan',4,'cingalês',52,5,378,'DC',25,5);
INSERT INTO Jogador VALUES(211,'Catherine Judith',7,'árabe',4,13,219,'MCO',40,21);
INSERT INTO Jogador VALUES(212,'Kathleen Jeffrey',6,'cambojano',48,5,246,'EE',22,3);
INSERT INTO Jogador VALUES(213,'Rebecca Angela',0,'liechtensteinense',33,12,808,'DD',21,19);
INSERT INTO Jogador VALUES(214,'Ruth Patrick',3,'malgaxe',85,6,246,'GR',34,29);
INSERT INTO Jogador VALUES(215,'Janet Pamela',20,'luxemburguês',86,14,649,'MD',32,3);
INSERT INTO Jogador VALUES(216,'Maria Megan',1,'samoano',41,1,80,'MC',32,27);
INSERT INTO Jogador VALUES(217,'Christine Joan',12,'finlandês',82,9,138,'MD',22,3);
INSERT INTO Jogador VALUES(218,'Carl Jean',5,'fijiano',42,13,177,'GR',26,17);
INSERT INTO Jogador VALUES(219,'Arthur Jennifer',5,'nicaraguense',4,12,355,'EE',17,1);
INSERT INTO Jogador VALUES(220,'Olivia Daniel',19,'chinês',80,13,547,'MD',22,12);
INSERT INTO Jogador VALUES(221,'Kenneth Ruth',2,'panamenho',35,3,84,'DC',25,20);
INSERT INTO Jogador VALUES(222,'Denise Rebecca',4,'ugandense',45,6,68,'MC',35,16);
INSERT INTO Jogador VALUES(223,'Beverly Heather',3,'romeno',68,13,1076,'MD',34,14);
INSERT INTO Jogador VALUES(224,'Alexander Christine',7,'zambiano',44,8,466,'PL',33,15);
INSERT INTO Jogador VALUES(225,'Jacob Billy',3,'turco',4,2,170,'PL',33,24);
INSERT INTO Jogador VALUES(226,'Doris Gabriel',0,'tcheco',15,2,74,'MD',30,31);
INSERT INTO Jogador VALUES(227,'Randy Gabriel',3,'azerbaijano',80,8,37,'AC',30,27);
INSERT INTO Jogador VALUES(228,'Deborah Andrea',2,'caboverdiano',60,6,417,'MC',34,19);
INSERT INTO Jogador VALUES(229,'Philip Paul',4,'gabonês',24,3,6,'ED',39,4);
INSERT INTO Jogador VALUES(230,'Vincent Deborah',1,'nicaraguense',81,6,130,'ED',18,6);
INSERT INTO Jogador VALUES(231,'Jean Natalie',1,'granadino',49,1,61,'MCO',20,25);
INSERT INTO Jogador VALUES(232,'Walter Adam',1,'croata',10,1,63,'GR',23,14);
INSERT INTO Jogador VALUES(233,'Wayne Kelly',0,'somali',86,5,44,'MDC',36,24);
INSERT INTO Jogador VALUES(234,'Brittany Scott',8,'guatemalteco',10,12,420,'GR',30,25);
INSERT INTO Jogador VALUES(235,'Noah Frances',0,'nigeriano',31,3,262,'ME',19,24);
INSERT INTO Jogador VALUES(236,'Austin Paul',2,'ugandense',25,14,114,'MDC',34,19);
INSERT INTO Jogador VALUES(237,'Marie Mary',6,'granadino',79,4,267,'EE',21,10);
INSERT INTO Jogador VALUES(238,'Teresa Danielle',2,'espanhol',96,1,7,'MCO',33,28);
INSERT INTO Jogador VALUES(239,'James Thomas',0,'belizenho',60,0,0,'ME',28,16);
INSERT INTO Jogador VALUES(240,'Michelle Samantha',2,'canadense',5,1,55,'MCO',18,4);
INSERT INTO Jogador VALUES(241,'Arthur Betty',6,'cingalês',12,9,58,'ME',31,22);
INSERT INTO Jogador VALUES(242,'Jack Stephen',16,'sudanês',96,13,372,'GR',22,6);
INSERT INTO Jogador VALUES(243,'Alexis Louis',0,'vietnamita',84,0,0,'MCO',26,1);
INSERT INTO Jogador VALUES(244,'Donald Alexander',0,'sírio',2,12,119,'DD',20,26);
INSERT INTO Jogador VALUES(245,'Bruce Hannah',4,'sul-coreano',24,4,181,'ED',18,8);
INSERT INTO Jogador VALUES(246,'Abigail Jonathan',6,'tailandês',87,14,633,'MC',40,18);
INSERT INTO Jogador VALUES(247,'Aaron Christina',14,'macedônio',28,13,989,'MC',33,4);
INSERT INTO Jogador VALUES(248,'Isabella Alice',18,'timorense',95,14,184,'DE',26,28);
INSERT INTO Jogador VALUES(249,'Donna Pamela',2,'andorrano',52,2,39,'MDC',37,6);
INSERT INTO Jogador VALUES(250,'Benjamin Bryan',0,'albanês',63,1,41,'DC',22,1);
INSERT INTO Jogador VALUES(251,'Donald Brand',3,'dominicano',23,2,9,'DC',32,29);
INSERT INTO Jogador VALUES(252,'Gabriel Ronald',8,'marshalino',1,11,463,'ME',21,21);
INSERT INTO Jogador VALUES(253,'Karen Charlotte',2,'congolês',36,1,78,'MCO',29,24);
INSERT INTO Jogador VALUES(254,'Deborah Thomas',0,'belga',15,0,0,'EE',22,18);
INSERT INTO Jogador VALUES(255,'Thomas Marie',1,'fijiano',48,6,175,'MDC',22,22);
INSERT INTO Jogador VALUES(256,'Grace Patrick',3,'tongalês',33,8,530,'MD',20,25);
INSERT INTO Jogador VALUES(257,'Amanda Matthew',0,'sudanês',36,12,1038,'ME',38,9);
INSERT INTO Jogador VALUES(258,'Douglas Jacob',6,'israelense',81,8,450,'ME',27,22);
INSERT INTO Jogador VALUES(259,'Ryan Nancy',0,'malai',99,0,0,'MC',20,30);
INSERT INTO Jogador VALUES(260,'Timothy Paul',1,'inglês',40,5,186,'EE',23,1);
INSERT INTO Jogador VALUES(261,'William Patrick',2,'tailandês',63,5,247,'MDC',21,14);
INSERT INTO Jogador VALUES(262,'Joe Alan',2,'malgaxe',43,1,66,'DE',31,21);
INSERT INTO Jogador VALUES(263,'Sean Paul',0,'liberiano',71,2,175,'PL',23,12);
INSERT INTO Jogador VALUES(264,'Rebecca Nancy',0,'russo',98,0,0,'DE',27,23);
INSERT INTO Jogador VALUES(265,'Carolyn Nancy',3,'eslovaco',13,2,126,'DC',34,9);
INSERT INTO Jogador VALUES(266,'Carl Ronald',1,'venezuelano',64,3,7,'MD',36,22);
INSERT INTO Jogador VALUES(267,'Sarah Jean',11,'iemenita',60,9,781,'MDC',39,22);
INSERT INTO Jogador VALUES(268,'Marilyn Randy',6,'sírio',88,6,433,'ME',18,32);
INSERT INTO Jogador VALUES(269,'Kathleen Mar',9,'boliviano',27,12,416,'MC',34,19);
INSERT INTO Jogador VALUES(270,'Nathan Jason',2,'belga',84,14,445,'MCO',18,6);
INSERT INTO Jogador VALUES(271,'Mason Kathryn',16,'sul-coreano',74,11,347,'ED',35,30);
INSERT INTO Jogador VALUES(272,'Jesse Debra',5,'são-tomense',29,9,295,'DC',28,1);
INSERT INTO Jogador VALUES(273,'Steven Jeffrey',1,'bielo-russo',31,1,44,'EE',19,22);
INSERT INTO Jogador VALUES(274,'Judith Jean',0,'andorrano',19,0,0,'GR',30,4);
INSERT INTO Jogador VALUES(275,'Kevin Jennifer',3,'senegalês',58,7,628,'ED',33,11);
INSERT INTO Jogador VALUES(276,'Emily Jacob',2,'marroquino',47,8,514,'ED',29,3);
INSERT INTO Jogador VALUES(277,'Katherine Karen',0,'argentino',41,1,11,'MDC',22,10);
INSERT INTO Jogador VALUES(278,'Laura Sandra',2,'egípcio',75,3,144,'DD',37,20);
INSERT INTO Jogador VALUES(279,'James Bruce',5,'suéco',87,6,398,'MCO',17,21);
INSERT INTO Jogador VALUES(280,'Natalie Kathryn',3,'usbeque',26,12,36,'AC',21,13);
INSERT INTO Jogador VALUES(281,'Douglas Grace',2,'zambiano',14,11,500,'ED',30,29);
INSERT INTO Jogador VALUES(282,'Aaron Patricia',0,'etíope',90,0,0,'MCO',40,2);
INSERT INTO Jogador VALUES(283,'Donald Mar',2,'brasileiro',25,3,208,'PL',25,9);
INSERT INTO Jogador VALUES(284,'John Marilyn',0,'maldivo',35,0,0,'DC',39,13);
INSERT INTO Jogador VALUES(285,'Helen Patricia',13,'israelense',36,10,819,'ED',29,23);
INSERT INTO Jogador VALUES(286,'Aaron Denise',1,'fijiano',28,10,338,'DC',21,13);
INSERT INTO Jogador VALUES(287,'Sophia Jesse',15,'ugandense',20,11,17,'AC',33,26);
INSERT INTO Jogador VALUES(288,'Cynthia Grace',9,'são-cristovense',50,6,126,'ME',39,11);
INSERT INTO Jogador VALUES(289,'Beverly Eric',9,'dominicano',71,9,204,'DE',38,23);
INSERT INTO Jogador VALUES(290,'Christina Nicole',0,'líbio',6,0,0,'MDC',32,12);
INSERT INTO Jogador VALUES(291,'James Terry',4,'namibiano',87,9,507,'ED',21,7);
INSERT INTO Jogador VALUES(292,'Patricia Robert',0,'costa-marfinense',34,1,17,'ED',34,16);
INSERT INTO Jogador VALUES(293,'Catherine William',0,'tailandês',33,7,339,'GR',19,8);
INSERT INTO Jogador VALUES(294,'Frances Olivia',1,'palestino',83,4,89,'AC',34,26);
INSERT INTO Jogador VALUES(295,'Philip Harold',3,'mongol',27,12,653,'DE',37,15);
INSERT INTO Jogador VALUES(296,'Beverly Nicole',16,'líbio',97,13,157,'MD',38,14);
INSERT INTO Jogador VALUES(297,'Carolyn Aaron',5,'catariano',19,5,87,'PL',25,13);
INSERT INTO Jogador VALUES(298,'Maria Russell',6,'eritreu',34,6,344,'DE',30,29);
INSERT INTO Jogador VALUES(299,'Timothy Jose',6,'belga',39,6,49,'GR',34,16);
INSERT INTO Jogador VALUES(300,'Janet Ryan',0,'nigerino',90,3,181,'DE',27,27);
INSERT INTO Jogador VALUES(301,'Emily Charlotte',4,'malauiano',40,3,55,'ME',28,23);
INSERT INTO Jogador VALUES(302,'Andrea Amber',0,'maldivo',7,0,0,'ME',30,26);
INSERT INTO Jogador VALUES(303,'Arthur Randy',1,'neozelandês',19,2,154,'DC',18,27);
INSERT INTO Jogador VALUES(304,'Olivia Dylan',7,'búlgaro',83,6,521,'GR',38,14);
INSERT INTO Jogador VALUES(305,'Ronald Joshua',0,'gambiano',47,0,0,'DE',35,22);
INSERT INTO Jogador VALUES(306,'Richard Joshua',0,'antiguano',16,3,270,'DD',39,27);
INSERT INTO Jogador VALUES(307,'Doris William',0,'libanês',61,7,189,'MD',39,13);
INSERT INTO Jogador VALUES(308,'Judy Donna',7,'inglês',73,13,403,'MC',29,24);
INSERT INTO Jogador VALUES(309,'Alice Julia',7,'armênio',70,14,409,'MC',19,14);
INSERT INTO Jogador VALUES(310,'Jacob Justin',9,'suéco',32,8,587,'MD',24,5);
INSERT INTO Jogador VALUES(311,'Eric Brian',1,'beninense',73,1,3,'GR',29,15);
INSERT INTO Jogador VALUES(312,'Raymond Lori',1,'dominicano',74,12,704,'ED',36,22);
INSERT INTO Jogador VALUES(313,'Benjamin Natalie',0,'beninense',56,10,645,'DE',28,27);
INSERT INTO Jogador VALUES(314,'Mar Juan',8,'leonês',99,14,1051,'MD',32,27);
INSERT INTO Jogador VALUES(315,'Frank Donna',0,'togonês',49,0,0,'ME',30,9);
INSERT INTO Jogador VALUES(316,'William Joan',0,'canadense',31,10,530,'MC',24,2);
INSERT INTO Jogador VALUES(317,'Stephanie Natalie',15,'armênio',90,13,515,'MDC',37,30);
INSERT INTO Jogador VALUES(318,'Cheryl Joyce',0,'guinéu-equatoriano',92,6,146,'MC',38,3);
INSERT INTO Jogador VALUES(319,'Beverly Alice',2,'nepalês',44,9,153,'MC',23,22);
INSERT INTO Jogador VALUES(320,'Laura Timothy',5,'indonésio',98,14,696,'ED',37,15);
INSERT INTO Jogador VALUES(321,'Gregory Matthew',0,'antiguano',66,0,0,'MD',31,4);
INSERT INTO Jogador VALUES(322,'Timothy Frank',3,'nigeriano',30,4,283,'DE',31,32);
INSERT INTO Jogador VALUES(323,'Peter Christine',3,'americano',97,8,119,'PL',30,1);
INSERT INTO Jogador VALUES(324,'Amy Amanda',2,'malauiano',24,12,685,'DC',19,20);
INSERT INTO Jogador VALUES(325,'Ryan Joseph',1,'ucraniano',47,1,3,'ME',33,13);
INSERT INTO Jogador VALUES(326,'Wayne George',17,'azerbaijano',71,14,1162,'PL',38,30);
INSERT INTO Jogador VALUES(327,'Laura Brian',14,'costarriquenho',61,12,479,'DE',37,28);
INSERT INTO Jogador VALUES(328,'Pamela Philip',0,'argentino',1,4,43,'ED',37,25);
INSERT INTO Jogador VALUES(329,'Lisa Dorothy',3,'etíope',12,14,326,'ED',18,27);
INSERT INTO Jogador VALUES(330,'Joan Christine',0,'singapuriano',23,0,0,'MD',39,24);
INSERT INTO Jogador VALUES(331,'Emma Frances',0,'angolano',49,1,15,'DE',27,4);
INSERT INTO Jogador VALUES(332,'Donna Walter',5,'jordaniano',97,3,240,'MC',21,17);
INSERT INTO Jogador VALUES(333,'Harold Kenneth',8,'kuwaitiano',31,8,94,'AC',38,16);
INSERT INTO Jogador VALUES(334,'Michael Sharon',14,'guineense',91,9,485,'GR',37,17);
INSERT INTO Jogador VALUES(335,'Emily Linda',0,'zambiano',3,0,0,'DD',29,30);
INSERT INTO Jogador VALUES(336,'Diana Thomas',0,'malgaxe',2,0,0,'MC',30,30);
INSERT INTO Jogador VALUES(337,'Nathan Nathan',0,'espanhol',29,3,89,'MD',19,4);
INSERT INTO Jogador VALUES(338,'Patricia Brenda',1,'monegasco',96,1,34,'GR',37,1);
INSERT INTO Jogador VALUES(339,'Amanda Helen',9,'palestino',39,14,1123,'DE',37,20);
INSERT INTO Jogador VALUES(340,'Dennis Eric',9,'surinamês',39,12,161,'DE',34,26);
INSERT INTO Jogador VALUES(341,'Larry Jesse',0,'antiguano',31,0,0,'ME',35,2);
INSERT INTO Jogador VALUES(342,'Gary Madison',6,'quiribatiano',94,14,355,'GR',18,2);
INSERT INTO Jogador VALUES(343,'Jack Joe',0,'catariano',57,1,70,'AC',29,28);
INSERT INTO Jogador VALUES(344,'Margaret Philip',5,'paraguaio',1,5,77,'MDC',39,20);
INSERT INTO Jogador VALUES(345,'Christine Larry',14,'francês',42,14,74,'MD',33,26);
INSERT INTO Jogador VALUES(346,'Frank Mary',0,'israelense',37,0,0,'DC',19,23);
INSERT INTO Jogador VALUES(347,'Cynthia Joseph',10,'tuvaluano',83,9,548,'MCO',25,13);
INSERT INTO Jogador VALUES(348,'Gerald Arthur',3,'moçambicano',22,13,168,'DD',27,31);
INSERT INTO Jogador VALUES(349,'Lisa Betty',4,'eslovaco',71,7,138,'EE',22,14);
INSERT INTO Jogador VALUES(350,'Carolyn Louis',13,'lituano',67,13,1112,'PL',38,16);
INSERT INTO Jogador VALUES(351,'David Gary',10,'marroquino',79,11,166,'MDC',30,24);
INSERT INTO Jogador VALUES(352,'Julie Melissa',8,'libanês',35,6,162,'AC',22,28);
INSERT INTO Jogador VALUES(353,'Louis Zachary',0,'gabonês',17,10,665,'DE',26,7);
INSERT INTO Jogador VALUES(354,'Gloria Melissa',3,'tajique',4,4,126,'DD',31,27);
INSERT INTO Jogador VALUES(355,'Lauren Alexis',7,'são-vicentino',48,5,76,'MC',17,30);
INSERT INTO Jogador VALUES(356,'Brenda Linda',0,'romeno',89,2,96,'MC',29,15);
INSERT INTO Jogador VALUES(357,'Roy Anna',10,'butanês',66,12,1044,'ED',25,12);
INSERT INTO Jogador VALUES(358,'Evelyn Victoria',2,'moçambicano',77,12,66,'MD',24,15);
INSERT INTO Jogador VALUES(359,'Anthon Teresa',0,'cipriota',98,0,0,'MDC',32,19);
INSERT INTO Jogador VALUES(360,'Hannah Teresa',6,'chileno',47,6,513,'DE',33,11);
INSERT INTO Jogador VALUES(361,'Ruth Gabriel',0,'papuásio',77,7,9,'PL',28,28);
INSERT INTO Jogador VALUES(362,'Judy Kathleen',17,'costarriquenho',93,11,131,'MCO',20,22);
INSERT INTO Jogador VALUES(363,'Karen Harold',0,'italiano',11,1,13,'DE',18,17);
INSERT INTO Jogador VALUES(364,'Sophia Andrew',0,'grego',3,4,81,'MC',38,13);
INSERT INTO Jogador VALUES(365,'Karen Patricia',4,'tanzaniano',71,8,196,'DE',36,5);
INSERT INTO Jogador VALUES(366,'Ronald Andrea',3,'belga',44,2,134,'MC',26,16);
INSERT INTO Jogador VALUES(367,'Bobby Joan',0,'líbio',66,1,89,'MD',30,32);
INSERT INTO Jogador VALUES(368,'Willie Amber',0,'sérvio',55,0,0,'DE',19,30);
INSERT INTO Jogador VALUES(369,'Ashley Raymond',1,'palauano',23,1,89,'DE',29,20);
INSERT INTO Jogador VALUES(370,'Logan Raymond',9,'turco',73,8,630,'MDC',22,10);
INSERT INTO Jogador VALUES(371,'Ethan Nancy',7,'burquinense',76,11,666,'MD',27,22);
INSERT INTO Jogador VALUES(372,'Gary Donald',18,'argentino',90,14,933,'MCO',20,5);
INSERT INTO Jogador VALUES(373,'Brand Keith',2,'indonésio',7,3,182,'PL',38,29);
INSERT INTO Jogador VALUES(374,'Kelly Cynthia',0,'guineense',47,1,44,'PL',37,29);
INSERT INTO Jogador VALUES(375,'Mar Evelyn',1,'saudito',15,6,211,'MCO',33,24);
INSERT INTO Jogador VALUES(376,'Abigail acqueline',0,'belga',95,2,21,'DD',34,21);
INSERT INTO Jogador VALUES(377,'Jeffrey Charlotte',0,'barbadiano',32,0,0,'MDC',34,22);
INSERT INTO Jogador VALUES(378,'Jessica Logan',0,'liberiano',50,0,0,'MD',27,20);
INSERT INTO Jogador VALUES(379,'Anna Tyler',9,'tcheco',10,6,120,'PL',38,13);
INSERT INTO Jogador VALUES(380,'Sara Benjamin',10,'liechtensteinense',46,13,18,'MC',34,29);
INSERT INTO Jogador VALUES(381,'Joseph Diana',2,'haitiano',9,13,629,'ED',24,4);
INSERT INTO Jogador VALUES(382,'Amber Frances',20,'albanês',89,14,534,'DC',20,28);
INSERT INTO Jogador VALUES(383,'Jeffrey Nancy',3,'peruano',4,4,295,'AC',39,12);
INSERT INTO Jogador VALUES(384,'Alexis George',19,'dominicano',14,13,383,'DD',38,18);
INSERT INTO Jogador VALUES(385,'Christian Janet',17,'seichelense',14,11,393,'MD',39,15);
INSERT INTO Jogador VALUES(386,'Patrick Donald',11,'brasileiro',41,9,38,'AC',37,16);
INSERT INTO Jogador VALUES(387,'Brand Benjamin',0,'samoano',13,9,447,'MDC',37,24);
INSERT INTO Jogador VALUES(388,'Nicole Gary',0,'liberiano',64,12,1073,'DD',29,28);
INSERT INTO Jogador VALUES(389,'Peter Alan',4,'albanês',94,12,185,'EE',29,22);
INSERT INTO Jogador VALUES(390,'Michael Roger',3,'mauriciano',11,2,97,'MC',21,25);
INSERT INTO Jogador VALUES(391,'Jacob Randy',3,'costa-marfinense',31,7,524,'MCO',28,6);
INSERT INTO Jogador VALUES(392,'Jose Elizabeth',0,'papuásio',29,7,170,'EE',36,32);
INSERT INTO Jogador VALUES(393,'Jennifer Nathan',1,'liberiano',85,2,16,'MCO',21,25);
INSERT INTO Jogador VALUES(394,'Nicole Alice',12,'cambojano',98,13,728,'DD',26,27);
INSERT INTO Jogador VALUES(395,'Julie Maria',2,'liechtensteinense',39,3,90,'MCO',22,24);
INSERT INTO Jogador VALUES(396,'Roger Linda',13,'argelino',23,14,546,'DE',24,4);
INSERT INTO Jogador VALUES(397,'Linda Madison',3,'fijiano',14,4,62,'AC',33,9);
INSERT INTO Jogador VALUES(398,'Raymond Natalie',2,'português',6,1,3,'MDC',34,30);
INSERT INTO Jogador VALUES(399,'Sharon Roger',6,'ucraniano',15,11,308,'MD',29,23);
INSERT INTO Jogador VALUES(400,'Betty Stephanie',14,'búlgaro',56,12,337,'ME',26,17);
INSERT INTO Jogador VALUES(401,'Madison Logan',10,'vanuatuense',89,14,666,'MDC',36,15);
INSERT INTO Jogador VALUES(402,'Keith Sarah',11,'salomônico',35,9,597,'EE',40,10);
INSERT INTO Jogador VALUES(403,'Katherine Donald',6,'liberiano',65,12,330,'DC',28,17);
INSERT INTO Jogador VALUES(404,'Sharon Scott',10,'paraguaio',6,10,587,'MCO',20,20);
INSERT INTO Jogador VALUES(405,'Philip Gregory',10,'sul-africano',45,8,387,'MCO',33,17);
INSERT INTO Jogador VALUES(406,'Catherine Nicholas',6,'sul-coreano',71,7,337,'EE',19,22);
INSERT INTO Jogador VALUES(407,'Terry Kyle',11,'moçambicano',64,10,571,'DE',38,18);
INSERT INTO Jogador VALUES(408,'Sharon Hannah',9,'nigerino',32,8,42,'DD',28,9);
INSERT INTO Jogador VALUES(409,'Jacob Lisa',1,'uruguaio',81,2,104,'EE',24,31);
INSERT INTO Jogador VALUES(410,'Abigail Noah',2,'cubano',6,6,228,'AC',19,18);
INSERT INTO Jogador VALUES(411,'Hannah Steven',0,'jamaicano',81,4,313,'EE',36,7);
INSERT INTO Jogador VALUES(412,'Deborah Joseph',2,'libanês',98,1,17,'EE',21,15);
INSERT INTO Jogador VALUES(413,'Roy Frank',5,'estoniano',89,5,277,'MDC',27,30);
INSERT INTO Jogador VALUES(414,'Olivia Debra',3,'marroquino',91,12,325,'AC',37,28);
INSERT INTO Jogador VALUES(415,'Rebecca Walter',2,'moldávio',71,3,100,'AC',22,5);
INSERT INTO Jogador VALUES(416,'Kevin Mason',5,'bahamiano',10,8,165,'MDC',29,11);
INSERT INTO Jogador VALUES(417,'Roy Anthon',3,'vietnamita',9,4,212,'MDC',32,32);
INSERT INTO Jogador VALUES(418,'Brian Jack',7,'tongalês',44,7,448,'AC',30,26);
INSERT INTO Jogador VALUES(419,'Brand Charlotte',6,'guianês',98,7,81,'GR',20,25);
INSERT INTO Jogador VALUES(420,'Virginia Shirley',1,'suéco',94,3,250,'ED',20,20);
INSERT INTO Jogador VALUES(421,'Anthon Kayla',1,'lituano',46,2,55,'DD',17,1);
INSERT INTO Jogador VALUES(422,'Alice Rebecca',5,'salvadorenho',58,5,367,'MDC',37,30);
INSERT INTO Jogador VALUES(423,'Andrea Katherine',4,'sudanês',38,7,321,'DC',32,26);
INSERT INTO Jogador VALUES(424,'Judith Harold',3,'tcheco',1,6,129,'GR',37,11);
INSERT INTO Jogador VALUES(425,'Christopher Carl',0,'venezuelano',14,0,0,'ME',32,11);
INSERT INTO Jogador VALUES(426,'Juan Michael',4,'singapuriano',35,3,97,'DC',31,21);
INSERT INTO Jogador VALUES(427,'Diana Billy',6,'armênio',73,5,115,'DC',39,31);
INSERT INTO Jogador VALUES(428,'Rachel Henry',3,'catariano',31,8,442,'MC',19,30);
INSERT INTO Jogador VALUES(429,'Kelly Jason',0,'bengalês',1,5,351,'DC',33,29);
INSERT INTO Jogador VALUES(430,'Evelyn Heather',15,'nigerino',75,10,857,'EE',36,7);
INSERT INTO Jogador VALUES(431,'George Roger',0,'granadino',18,0,0,'DC',25,2);
INSERT INTO Jogador VALUES(432,'Cheryl William',1,'húngaro',8,1,68,'ED',17,5);
INSERT INTO Jogador VALUES(433,'Robert Lori',6,'filipino',48,7,298,'GR',23,10);
INSERT INTO Jogador VALUES(434,'Alan Dorothy',7,'malai',86,7,70,'EE',19,10);
INSERT INTO Jogador VALUES(435,'Patricia Joshua',0,'haitiano',89,5,209,'MC',38,16);
INSERT INTO Jogador VALUES(436,'Billy Sean',0,'costarriquenho',44,2,102,'GR',35,9);
INSERT INTO Jogador VALUES(437,'Nicholas Timothy',1,'iemenita',45,4,100,'ME',31,5);
INSERT INTO Jogador VALUES(438,'Raymond Deborah',0,'butanês',49,1,49,'GR',32,25);
INSERT INTO Jogador VALUES(439,'Ann Danielle',8,'cingalês',43,5,245,'GR',29,32);
INSERT INTO Jogador VALUES(440,'Emma William',1,'sul-coreano',21,3,30,'AC',40,18);
INSERT INTO Jogador VALUES(441,'Heather Brittany',9,'bielo-russo',20,7,492,'ME',30,7);
INSERT INTO Jogador VALUES(442,'Margaret Marie',0,'fijiano',39,7,461,'MCO',20,18);
INSERT INTO Jogador VALUES(443,'Willie Sharon',9,'afegão',14,9,652,'EE',33,23);
INSERT INTO Jogador VALUES(444,'Nicole Nicole',1,'samarinês',63,2,19,'GR',26,7);
INSERT INTO Jogador VALUES(445,'Benjamin Gloria',11,'marshalino',75,8,649,'DD',36,13);
INSERT INTO Jogador VALUES(446,'Megan Victoria',12,'zimbabuano',9,11,12,'EE',29,30);
INSERT INTO Jogador VALUES(447,'Jonathan Christina',11,'salvadorenho',11,8,230,'GR',24,22);
INSERT INTO Jogador VALUES(448,'Juan Vincent',1,'luxemburguês',61,1,88,'ME',17,17);
INSERT INTO Jogador VALUES(449,'Natalie Melissa',2,'nigeriano',67,2,153,'ME',36,31);
INSERT INTO Jogador VALUES(450,'Kathryn Amanda',0,'liberiano',76,4,265,'MC',21,21);
INSERT INTO Jogador VALUES(451,'Donna Marie',9,'estoniano',31,8,511,'GR',27,4);
INSERT INTO Jogador VALUES(452,'Louis Jordan',8,'micronésio',82,5,238,'ED',32,15);
INSERT INTO Jogador VALUES(453,'George Angela',3,'paquistanês',22,10,616,'DC',35,31);
INSERT INTO Jogador VALUES(454,'Brian Emma',0,'lituano',98,3,73,'MD',32,7);
INSERT INTO Jogador VALUES(455,'Christopher Melissa',9,'nepalês',17,10,637,'MD',36,32);
INSERT INTO Jogador VALUES(456,'Juan Megan',15,'usbeque',71,10,734,'EE',39,8);
INSERT INTO Jogador VALUES(457,'Vincent Ann',6,'tajique',82,5,382,'PL',18,11);
INSERT INTO Jogador VALUES(458,'Victoria Aaron',19,'costa-marfinense',8,14,383,'AC',34,31);
INSERT INTO Jogador VALUES(459,'Henry Megan',0,'suéco',82,0,0,'AC',33,10);
INSERT INTO Jogador VALUES(460,'Timothy John',2,'somali',15,4,142,'PL',33,28);
INSERT INTO Jogador VALUES(461,'Raymond Cheryl',0,'malai',5,12,270,'AC',34,29);
INSERT INTO Jogador VALUES(462,'Amber Dylan',4,'armênio',41,6,328,'AC',39,21);
INSERT INTO Jogador VALUES(463,'Douglas George',3,'nigeriano',65,12,787,'PL',34,21);
INSERT INTO Jogador VALUES(464,'Louis Walter',5,'alemmão',21,14,616,'MC',38,32);
INSERT INTO Jogador VALUES(465,'James Dennis',0,'sírio',59,2,113,'ED',21,7);
INSERT INTO Jogador VALUES(466,'Sophia Heather',3,'seichelense',78,2,144,'DD',40,3);
INSERT INTO Jogador VALUES(467,'Frances Joan',13,'ucraniano',41,11,73,'ME',31,26);
INSERT INTO Jogador VALUES(468,'Andrea Catherine',1,'norueguês',80,8,240,'MDC',20,10);
INSERT INTO Jogador VALUES(469,'Tyler Brenda',0,'paraguaio',31,1,57,'MCO',26,9);
INSERT INTO Jogador VALUES(470,'Rachel Dennis',1,'libanês',11,6,23,'MC',22,18);
INSERT INTO Jogador VALUES(471,'Christian Christopher',0,'etíope',89,1,80,'ED',20,26);
INSERT INTO Jogador VALUES(472,'Nicholas Bryan',2,'ruandês',99,8,535,'GR',26,14);
INSERT INTO Jogador VALUES(473,'Raymond Randy',6,'butanês',88,5,46,'MD',31,1);
INSERT INTO Jogador VALUES(474,'Stephen Bruce',1,'zimbabuano',39,2,115,'PL',36,26);
INSERT INTO Jogador VALUES(475,'Dennis Ronald',1,'samoano',31,12,780,'MD',19,23);
INSERT INTO Jogador VALUES(476,'Samuel Aaron',14,'bareinita',3,12,78,'ED',34,25);
INSERT INTO Jogador VALUES(477,'William Robert',4,'albanês',94,10,318,'EE',33,13);
INSERT INTO Jogador VALUES(478,'Joseph Justin',0,'espanhol',51,3,133,'MD',37,23);
INSERT INTO Jogador VALUES(479,'Natalie Isabella',5,'árabe',51,9,519,'ME',38,9);
INSERT INTO Jogador VALUES(480,'Jeremy Gloria',10,'espanhol',94,11,939,'GR',20,9);
INSERT INTO Jogador VALUES(481,'acqueline Mary',7,'georgiano',91,7,68,'EE',24,9);
INSERT INTO Jogador VALUES(482,'Larry Frank',2,'japonês',93,2,122,'DD',33,32);
INSERT INTO Jogador VALUES(483,'Abigail Ryan',14,'venezuelano',53,9,630,'PL',21,21);
INSERT INTO Jogador VALUES(484,'David Brand',1,'bechuano',49,1,82,'MC',28,25);
INSERT INTO Jogador VALUES(485,'Michael Anna',4,'catariano',72,8,243,'DE',17,15);
INSERT INTO Jogador VALUES(486,'Jeffrey Evelyn',4,'português',14,4,305,'GR',33,22);
INSERT INTO Jogador VALUES(487,'Carl Dorothy',14,'são-vicentino',52,13,537,'DE',34,26);
INSERT INTO Jogador VALUES(488,'Emma Denise',4,'esloveno',49,4,10,'ME',29,28);
INSERT INTO Jogador VALUES(489,'Pamela Kimberly',1,'andorrano',59,4,232,'MCO',27,19);
INSERT INTO Jogador VALUES(490,'Dorothy Danielle',11,'gabonês',19,8,462,'EE',32,7);
INSERT INTO Jogador VALUES(491,'Peter George',5,'butanês',78,5,81,'MC',25,13);
INSERT INTO Jogador VALUES(492,'Justin Frank',5,'tanzaniano',82,4,355,'MCO',29,19);
INSERT INTO Jogador VALUES(493,'Albert Doris',0,'nauruano',31,4,171,'PL',20,5);
INSERT INTO Jogador VALUES(494,'Abigail Ruth',8,'gambiano',16,10,574,'MC',27,28);
INSERT INTO Jogador VALUES(495,'Nicole Paul',2,'polaco',97,2,113,'MC',34,5);
INSERT INTO Jogador VALUES(496,'Eric Barbara',2,'luxemburguês',37,1,65,'GR',25,22);
INSERT INTO Jogador VALUES(497,'Peter Doris',11,'mongol',20,10,280,'ME',26,32);
INSERT INTO Jogador VALUES(498,'Mary Janet',3,'suazi',61,11,639,'MDC',28,12);
INSERT INTO Jogador VALUES(499,'Sara Larry',0,'tongalês',69,10,314,'MC',37,10);
INSERT INTO Jogador VALUES(500,'Randy Patrick',3,'costarriquenho',66,8,147,'ME',32,21);
INSERT INTO Jogador VALUES(501,'James Sara',2,'birmanês',92,3,147,'GR',33,29);
INSERT INTO Jogador VALUES(502,'Benjamin Janet',12,'cipriota',11,10,841,'ED',39,4);
INSERT INTO Jogador VALUES(503,'Samuel Joshua',2,'suéco',57,7,624,'AC',21,8);
INSERT INTO Jogador VALUES(504,'Jason Kayla',15,'finlandês',29,14,222,'ED',32,30);
INSERT INTO Jogador VALUES(505,'Gabriel Deborah',6,'antiguano',82,12,154,'DC',28,30);
INSERT INTO Jogador VALUES(506,'Cynthia Dylan',12,'húngaro',14,10,454,'MCO',27,1);
INSERT INTO Jogador VALUES(507,'Janet Sarah',9,'zambiano',78,12,761,'DE',19,6);
INSERT INTO Jogador VALUES(508,'Beverly Barbara',0,'tongalês',75,1,42,'ED',24,25);
INSERT INTO Jogador VALUES(509,'Jean Anthon',5,'samarinês',36,10,633,'DD',38,7);
INSERT INTO Jogador VALUES(510,'Wayne Donald',11,'norte-coreano',28,7,120,'PL',23,4);
INSERT INTO Jogador VALUES(511,'Nicholas Sandra',3,'costarriquenho',13,6,447,'AC',34,26);
INSERT INTO Jogador VALUES(512,'Albert Barbara',1,'marshalino',92,12,932,'AC',20,25);
INSERT INTO Jogador VALUES(513,'Logan Nancy',1,'macedônio',65,1,36,'MC',20,15);
INSERT INTO Jogador VALUES(514,'Albert Cheryl',9,'croata',7,9,276,'PL',29,20);
INSERT INTO Jogador VALUES(515,'Amber Michelle',0,'sul-coreano',61,0,0,'MC',18,4);
INSERT INTO Jogador VALUES(516,'Zachary Linda',9,'lesoto',95,11,37,'MCO',33,7);
INSERT INTO Jogador VALUES(517,'Alice Nicholas',1,'palestino',24,3,105,'PL',29,27);
INSERT INTO Jogador VALUES(518,'Philip Jeremy',1,'djibutiano',66,11,75,'DD',37,23);
INSERT INTO Jogador VALUES(519,'William Gary',14,'brasileiro',96,12,1048,'MD',31,31);
INSERT INTO Jogador VALUES(520,'Billy Alan',1,'sírio',91,12,765,'GR',23,7);
INSERT INTO Jogador VALUES(521,'Gary Patrick',4,'mexicano',98,13,757,'MD',19,21);
INSERT INTO Jogador VALUES(522,'Scott Donald',3,'guineense',94,4,225,'EE',25,12);
INSERT INTO Jogador VALUES(523,'Ethan Jessica',0,'tanzaniano',24,0,0,'DD',31,1);
INSERT INTO Jogador VALUES(524,'Anna Judith',0,'jamaicano',1,4,162,'MC',37,9);
INSERT INTO Jogador VALUES(525,'Brand Doris',6,'letão',12,8,367,'GR',34,18);
INSERT INTO Jogador VALUES(526,'Margaret David',0,'colombiano',94,0,0,'PL',26,29);
INSERT INTO Jogador VALUES(527,'Michael Teresa',3,'norte-coreano',1,14,1093,'DE',32,11);
INSERT INTO Jogador VALUES(528,'Shirley Eugene',3,'tcheco',58,6,456,'EE',40,11);
INSERT INTO Jogador VALUES(529,'Barbara Michelle',3,'egípcio',93,2,23,'MCO',29,3);
INSERT INTO Jogador VALUES(530,'Laura Mary',9,'nauruano',21,8,29,'PL',29,24);
INSERT INTO Jogador VALUES(531,'Jerry Roger',9,'palauano',46,9,356,'AC',37,26);
INSERT INTO Jogador VALUES(532,'Amy Janice',1,'sul-coreano',82,5,66,'MDC',21,27);
INSERT INTO Jogador VALUES(533,'Arthur Benjamin',8,'árabe',78,10,845,'MD',18,12);
INSERT INTO Jogador VALUES(534,'Thomas Betty',2,'húngaro',71,2,106,'GR',21,8);
INSERT INTO Jogador VALUES(535,'Jessica Nathan',0,'laosiano',89,0,0,'DE',36,18);
INSERT INTO Jogador VALUES(536,'Kenneth Walter',4,'djibutiano',72,7,288,'PL',29,5);
INSERT INTO Jogador VALUES(537,'Billy Noah',1,'antiguano',68,6,459,'DC',18,16);
INSERT INTO Jogador VALUES(538,'Eugene Scott',3,'guianês',28,2,52,'MD',22,14);
INSERT INTO Jogador VALUES(539,'Nathan Albert',6,'suazi',38,8,219,'PL',36,22);
INSERT INTO Jogador VALUES(540,'George Rebecca',6,'sudanês',40,4,64,'DD',37,31);
INSERT INTO Jogador VALUES(541,'Diane Sandra',3,'australiano',61,2,13,'MD',25,22);
INSERT INTO Jogador VALUES(542,'Joseph Julia',0,'argelino',66,1,22,'DC',21,8);
INSERT INTO Jogador VALUES(543,'Megan Christopher',4,'tajique',14,10,63,'EE',36,14);
INSERT INTO Jogador VALUES(544,'Austin Bruce',1,'bósnio',12,1,45,'DE',18,1);
INSERT INTO Arbitro VALUES(1,'Helen Cruz',41,4);
INSERT INTO Arbitro VALUES(2,'Grace Fernandes',61,7);
INSERT INTO Arbitro VALUES(3,'Logan Paul',63,5);
INSERT INTO Arbitro VALUES(4,'Gloria Newmann',42,5);
INSERT INTO Arbitro VALUES(5,'Thomas Jefferson',46,3);
INSERT INTO Arbitro VALUES(6,'Christine Aguilera',79,6);
INSERT INTO Arbitro VALUES(7,'Andrew Tate',52,9);
INSERT INTO Arbitro VALUES(8,'Ryan Judas',74,5);
INSERT INTO Arbitro VALUES(9,'Ruth Jones',21,5);
INSERT INTO Arbitro VALUES(10,'Justin Bieber',54,6);
INSERT INTO Arbitro VALUES(11,'Kathleen Everdeen',22,5);
INSERT INTO Arbitro VALUES(12,'Wayne Rooney',65,3);
INSERT INTO Arbitro VALUES(13,'Christina Johnson',38,4);
INSERT INTO Arbitro VALUES(14,'Sandra Bullock',75,4);
INSERT INTO Arbitro VALUES(15,'Joffrey Baratheon',81,9);
INSERT INTO Arbitro VALUES(16,'Shirley Lorenzo',48,3);
INSERT INTO Arbitro VALUES(17,'Lauren Grey',80,6);
INSERT INTO Arbitro VALUES(18,'Diana Diana',50,2);
INSERT INTO Arbitro VALUES(19,'Daniela Bryan',69,1);
INSERT INTO Arbitro VALUES(20,'Mar Remoto',24,9);
INSERT INTO Arbitro VALUES(21,'Cynthia Garchomp',45,4);
INSERT INTO Arbitro VALUES(22,'Kevin Spacey',41,8);
INSERT INTO Arbitro VALUES(23,'Peter Parker',50,4);
INSERT INTO Arbitro VALUES(24,'Pamela Anderson',62,3);
INSERT INTO Arbitro VALUES(25,'Samuel L. Jackson',39,4);
INSERT INTO Arbitro VALUES(26,'Dorothy Blue',56,2);
INSERT INTO Arbitro VALUES(27,'David Rocha',31,5);
INSERT INTO Arbitro VALUES(28,'Pamela Cruz',72,5);
INSERT INTO Arbitro VALUES(29,'Hannah Montanna',81,3);
INSERT INTO Arbitro VALUES(30,'Vincent Van Gogh',71,1);
INSERT INTO Arbitro VALUES(31,'David Lynch',41,2);
INSERT INTO Arbitro VALUES(32,'Joshua Fernandez',63,6);
INSERT INTO Arbitro VALUES(33,'Barbara Bandeira',79,6);
INSERT INTO Arbitro VALUES(34,'Joan Chen',78,3);
INSERT INTO Arbitro VALUES(35,'Willie Wonka',49,7);
INSERT INTO Arbitro VALUES(36,'Max Virginia',84,2);
INSERT INTO Arbitro VALUES(37,'Louis Griffin',35,8);
INSERT INTO Arbitro VALUES(38,'Michael Cera',55,1);
INSERT INTO Arbitro VALUES(39,'Sandra Pacheco',44,5);
INSERT INTO Arbitro VALUES(40,'Hannah Lauren',50,2);
INSERT INTO Estadio VALUES(1,'Presidente Juan Domingo Perón',37060,1910);
INSERT INTO Estadio VALUES(2,'Libertadores de América',32194,1945);
INSERT INTO Estadio VALUES(3,'Nemesio Camacho El Campín',21874,1918);
INSERT INTO Estadio VALUES(4,'Nacional Julio Martínez Prádanos',54668,1950);
INSERT INTO Estadio VALUES(5,'Gran Parque Central',30024,1932);
INSERT INTO Estadio VALUES(6,'Sudamericano Félix Capriles',19002,1925);
INSERT INTO Estadio VALUES(7,'Estadio George Capwell',50558,1902);
INSERT INTO Estadio VALUES(8,'Estadio Alberto Gallardo',31307,1913);
INSERT INTO Estadio VALUES(9,'Estadio Olímpico Atahualpa',59882,1940);
INSERT INTO Jogo VALUES(1,'Quartos-de-final','27/7/2021',30,1,4,4,15,12,55,45,0,1,9,6,112,647,5,0,3,0);
INSERT INTO Jogo VALUES(2,'Fase-de-grupos','6/11/2022',3,27,7,3,15,4,57,43,8,1,15,9,533,207,4,0,2,2);
INSERT INTO Jogo VALUES(3,'Semi-final','27/7/2021',29,13,15,2,4,13,81,19,0,2,2,0,753,664,2,0,4,1);
INSERT INTO Jogo VALUES(4,'Pre-eliminatorias','18/5/2021',14,27,11,1,7,2,20,80,8,9,2,5,38,125,2,3,10,10);
INSERT INTO Jogo VALUES(5,'Pre-eliminatorias','22/2/2022',22,26,34,7,1,9,67,33,8,10,0,2,21,80,0,0,2,1);
INSERT INTO Jogo VALUES(6,'Quartos-de-final','17/10/2022',8,14,12,9,6,9,89,11,1,6,3,11,609,316,2,1,0,4);
INSERT INTO Jogo VALUES(7,'Quartos-de-final','16/7/2021',18,31,32,4,3,13,80,20,7,10,5,6,354,161,1,5,0,5);
INSERT INTO Jogo VALUES(8,'Fase-de-grupos','13/8/2021',25,22,5,7,2,15,31,69,7,2,8,13,287,139,3,0,7,2);
INSERT INTO Jogo VALUES(9,'Pre-eliminatorias','5/9/2022',3,26,35,4,1,13,65,35,1,4,8,3,365,399,4,1,1,6);
INSERT INTO Jogo VALUES(10,'Final','2/11/2021',31,22,17,6,1,13,87,13,8,5,14,14,339,399,14,6,1,10);
INSERT INTO Jogo VALUES(11,'Fase-de-grupos','15/3/2022',7,28,8,4,14,6,82,18,7,10,10,3,487,582,6,3,10,7);
INSERT INTO Jogo VALUES(12,'Fase-de-grupos','12/11/2021',4,16,3,3,2,2,66,34,1,2,2,0,722,14,2,0,3,5);
INSERT INTO Jogo VALUES(13,'Pre-eliminatorias','26/11/2021',1,14,22,5,5,2,21,79,2,6,6,4,181,519,3,1,6,7);
INSERT INTO Jogo VALUES(14,'Quartos-de-final','3/10/2022',9,25,35,1,3,3,25,75,10,1,2,1,730,385,0,0,4,2);
INSERT INTO Jogo VALUES(15,'Oitavos-de-final','11/8/2021',31,3,36,5,7,11,26,74,6,0,7,14,358,716,7,1,8,4);
INSERT INTO Jogo VALUES(16,'Fase-de-grupos','21/10/2021',17,10,18,4,7,14,62,38,9,10,5,12,764,346,1,6,9,5);
INSERT INTO Jogo VALUES(17,'Semi-final','1/5/2021',32,5,34,9,5,11,33,67,1,5,11,12,563,375,0,9,1,5);
INSERT INTO Jogo VALUES(18,'Semi-final','7/7/2022',4,31,29,7,13,15,51,49,7,9,2,1,547,473,0,0,8,0);
INSERT INTO Jogo VALUES(19,'Oitavos-de-final','25/12/2021',9,22,6,7,10,4,47,53,0,4,3,8,168,63,2,6,5,0);
INSERT INTO Jogo VALUES(20,'Quartos-de-final','26/10/2021',15,14,16,1,8,6,22,78,6,1,1,3,293,330,1,0,9,8);
INSERT INTO Jogo VALUES(21,'Semi-final','18/1/2021',26,20,27,4,13,13,41,59,10,1,6,11,240,610,4,7,6,3);
INSERT INTO Jogo VALUES(22,'Semi-final','1/7/2022',5,15,12,9,4,0,37,63,4,5,6,0,798,546,1,0,1,1);
INSERT INTO Jogo VALUES(23,'Semi-final','28/11/2022',10,14,23,2,2,2,37,63,10,10,6,15,666,725,6,4,4,1);
INSERT INTO Jogo VALUES(24,'Final','23/5/2021',15,19,36,8,7,9,71,29,3,0,6,4,120,428,0,3,9,3);
INSERT INTO Jogo VALUES(25,'Fase-de-grupos','8/1/2022',22,9,8,4,4,3,45,55,2,7,2,2,89,61,1,1,6,6);
INSERT INTO Jogo VALUES(26,'Fase-de-grupos','21/6/2022',16,3,2,1,6,2,23,77,0,5,15,11,556,399,3,11,5,1);
INSERT INTO Jogo VALUES(27,'Semi-final','12/2/2022',6,32,15,9,11,10,79,21,0,0,14,15,786,385,0,4,7,8);
INSERT INTO Jogo VALUES(28,'Quartos-de-final','15/11/2021',15,23,40,9,12,5,72,28,5,4,12,0,479,649,0,0,6,2);
INSERT INTO Jogo VALUES(29,'Final','15/4/2022',9,32,9,9,2,2,73,27,7,3,3,2,399,614,1,2,9,8);
INSERT INTO Jogo VALUES(30,'Pre-eliminatorias','25/12/2021',9,16,39,5,4,12,29,71,0,7,2,14,724,568,2,8,6,1);
INSERT INTO Jogo VALUES(31,'Pre-eliminatorias','11/11/2021',6,19,21,3,12,4,60,40,6,1,6,1,283,652,1,1,3,1);
INSERT INTO Jogo VALUES(32,'Oitavos-de-final','21/4/2021',29,32,3,9,15,11,100,0,3,9,1,14,204,271,0,1,0,9);
INSERT INTO Jogo VALUES(33,'Pre-eliminatorias','10/11/2021',30,27,35,2,4,4,38,62,9,5,8,1,428,207,3,0,10,2);
INSERT INTO Jogo VALUES(34,'Quartos-de-final','19/11/2022',27,22,12,4,3,4,22,78,5,2,0,9,501,136,0,6,3,4);
INSERT INTO Jogo VALUES(35,'Semi-final','25/4/2022',11,4,22,4,14,9,88,12,7,9,5,12,709,235,0,10,10,4);
INSERT INTO Jogo VALUES(36,'Fase-de-grupos','28/4/2021',8,9,28,8,9,6,85,15,6,6,10,0,257,189,4,0,1,2);
INSERT INTO Jogo VALUES(37,'Oitavos-de-final','1/3/2022',1,24,1,9,8,0,68,32,0,1,10,3,554,48,2,3,0,0);
INSERT INTO Jogo VALUES(38,'Pre-eliminatorias','21/8/2021',18,28,23,4,10,7,82,18,3,10,9,13,366,192,6,9,1,1);
INSERT INTO Jogo VALUES(39,'Fase-de-grupos','28/8/2022',23,11,22,3,9,4,82,18,7,6,6,10,254,115,4,1,8,4);
INSERT INTO Jogo VALUES(40,'Fase-de-grupos','25/6/2022',5,22,16,4,0,11,85,15,5,6,5,14,63,433,3,2,6,5);
INSERT INTO EstatisticasJogador VALUES(9,1,4,113,27,2,0,1,10,1,1);
INSERT INTO EstatisticasJogador VALUES(67,3,2,0,0,0,0,5,15,2,2);
INSERT INTO EstatisticasJogador VALUES(63,0,1,114,7,2,1,0,13,3,3);
INSERT INTO EstatisticasJogador VALUES(45,5,4,9,25,1,1,0,6,4,4);
INSERT INTO EstatisticasJogador VALUES(39,5,0,57,9,1,0,3,12,5,5);
INSERT INTO EstatisticasJogador VALUES(49,1,1,6,5,0,0,4,15,6,6);
INSERT INTO EstatisticasJogador VALUES(78,3,2,25,14,1,1,3,6,7,7);
INSERT INTO EstatisticasJogador VALUES(49,0,0,33,12,1,0,5,7,8,8);
INSERT INTO EstatisticasJogador VALUES(66,1,4,47,9,0,1,6,2,9,9);
INSERT INTO EstatisticasJogador VALUES(27,1,1,82,28,2,1,5,14,10,10);
INSERT INTO EstatisticasJogador VALUES(9,1,3,131,33,1,1,6,7,11,11);
INSERT INTO EstatisticasJogador VALUES(90,3,1,146,7,2,1,3,10,12,12);
INSERT INTO EstatisticasJogador VALUES(4,3,3,28,31,1,0,1,4,13,13);
INSERT INTO EstatisticasJogador VALUES(68,0,2,103,17,2,0,6,8,14,14);
INSERT INTO EstatisticasJogador VALUES(50,1,5,138,25,2,1,0,20,15,15);
INSERT INTO EstatisticasJogador VALUES(81,0,5,123,35,2,1,3,16,16,16);
INSERT INTO EstatisticasJogador VALUES(38,3,4,128,18,1,1,5,0,17,17);
INSERT INTO EstatisticasJogador VALUES(43,2,4,54,13,1,1,2,20,18,18);
INSERT INTO EstatisticasJogador VALUES(86,0,0,148,36,2,0,2,2,19,19);
INSERT INTO EstatisticasJogador VALUES(67,4,0,81,24,0,0,3,1,20,20);
INSERT INTO EstatisticasJogador VALUES(65,2,0,39,18,0,0,2,3,21,21);
INSERT INTO EstatisticasJogador VALUES(55,3,4,90,24,0,1,0,20,22,22);
INSERT INTO EstatisticasJogador VALUES(22,1,3,117,37,0,1,3,2,23,23);
INSERT INTO EstatisticasJogador VALUES(47,1,5,40,3,1,0,6,18,24,24);
INSERT INTO EstatisticasJogador VALUES(5,1,0,114,40,0,0,6,13,25,25);
INSERT INTO EstatisticasJogador VALUES(65,4,0,120,24,0,0,0,15,26,26);
INSERT INTO EstatisticasJogador VALUES(43,1,4,63,25,0,0,6,17,27,27);
INSERT INTO EstatisticasJogador VALUES(75,5,4,37,37,2,1,6,2,28,28);
INSERT INTO EstatisticasJogador VALUES(70,4,1,55,0,2,0,4,9,29,29);
INSERT INTO EstatisticasJogador VALUES(72,1,4,150,39,1,1,2,19,30,30);
INSERT INTO EstatisticasJogador VALUES(22,2,0,18,21,2,1,0,19,31,31);
INSERT INTO EstatisticasJogador VALUES(19,1,1,109,32,0,0,0,7,32,32);
INSERT INTO EstatisticasJogador VALUES(33,5,5,87,25,1,1,4,19,33,33);
INSERT INTO EstatisticasJogador VALUES(30,5,4,17,18,2,0,3,2,34,34);
INSERT INTO EstatisticasJogador VALUES(0,5,2,137,12,0,1,4,2,35,35);
INSERT INTO EstatisticasJogador VALUES(4,3,2,133,20,1,0,0,15,36,36);
INSERT INTO EstatisticasJogador VALUES(87,2,0,139,36,0,0,6,14,37,37);
INSERT INTO EstatisticasJogador VALUES(3,2,4,90,23,2,0,3,2,38,38);
INSERT INTO EstatisticasJogador VALUES(14,2,4,27,4,0,0,0,2,39,39);
INSERT INTO EstatisticasJogador VALUES(55,5,0,61,35,1,0,4,10,40,40);
INSERT INTO EstatisticasJogador VALUES(88,4,4,5,24,1,0,4,13,41,1);
INSERT INTO EstatisticasJogador VALUES(10,4,5,79,5,2,0,5,6,42,2);
INSERT INTO EstatisticasJogador VALUES(14,3,2,83,31,0,0,0,4,43,3);
INSERT INTO EstatisticasJogador VALUES(39,4,5,121,2,0,0,1,11,44,4);
INSERT INTO EstatisticasJogador VALUES(85,0,0,7,10,2,1,3,7,45,5);
INSERT INTO EstatisticasJogador VALUES(20,0,5,133,1,2,1,1,5,46,6);
INSERT INTO EstatisticasJogador VALUES(2,0,5,102,37,2,0,5,7,47,7);
INSERT INTO EstatisticasJogador VALUES(69,4,1,126,35,2,1,6,12,48,8);
INSERT INTO EstatisticasJogador VALUES(27,1,2,113,10,1,1,3,13,49,9);
INSERT INTO EstatisticasJogador VALUES(4,0,0,149,31,2,0,3,6,50,10);
INSERT INTO EstatisticasJogador VALUES(87,3,0,39,34,1,0,5,4,51,11);
INSERT INTO EstatisticasJogador VALUES(72,4,3,91,32,1,0,3,0,52,12);
INSERT INTO EstatisticasJogador VALUES(11,0,0,44,5,0,0,1,5,53,13);
INSERT INTO EstatisticasJogador VALUES(42,5,3,12,24,0,1,3,6,54,14);
INSERT INTO EstatisticasJogador VALUES(56,5,0,46,20,2,1,1,13,55,15);
INSERT INTO EstatisticasJogador VALUES(89,4,5,126,7,1,1,2,18,56,16);
INSERT INTO EstatisticasJogador VALUES(37,1,5,94,36,1,0,4,15,57,17);
INSERT INTO EstatisticasJogador VALUES(5,2,0,123,14,1,1,2,16,58,18);
INSERT INTO EstatisticasJogador VALUES(43,5,4,16,12,0,0,2,13,59,19);
INSERT INTO EstatisticasJogador VALUES(37,4,4,27,37,0,0,5,14,60,20);
INSERT INTO EstatisticasJogador VALUES(57,1,2,138,7,1,1,6,20,61,21);
INSERT INTO EstatisticasJogador VALUES(24,0,1,8,31,1,0,4,1,62,22);
INSERT INTO EstatisticasJogador VALUES(65,4,2,24,1,0,1,3,19,63,23);
INSERT INTO EstatisticasJogador VALUES(15,4,4,7,35,2,1,1,17,64,24);
INSERT INTO EstatisticasJogador VALUES(53,1,1,71,21,0,0,4,14,65,25);
INSERT INTO EstatisticasJogador VALUES(9,1,4,112,38,0,0,2,20,66,26);
INSERT INTO EstatisticasJogador VALUES(17,3,5,17,33,2,1,0,1,67,27);
INSERT INTO EstatisticasJogador VALUES(39,5,5,79,37,0,0,1,18,68,28);
INSERT INTO EstatisticasJogador VALUES(90,5,3,11,7,0,0,4,4,69,29);
INSERT INTO EstatisticasJogador VALUES(13,4,5,14,18,0,1,5,3,70,30);
INSERT INTO EstatisticasJogador VALUES(36,4,5,52,28,2,1,6,9,71,31);
INSERT INTO EstatisticasJogador VALUES(6,0,3,24,35,2,0,5,3,72,32);
INSERT INTO EstatisticasJogador VALUES(69,3,4,146,33,0,0,4,12,73,33);
INSERT INTO EstatisticasJogador VALUES(86,3,1,79,25,0,1,6,2,74,34);
INSERT INTO EstatisticasJogador VALUES(76,0,3,96,9,1,1,1,10,75,35);
INSERT INTO EstatisticasJogador VALUES(44,1,5,76,13,2,0,1,9,76,36);
INSERT INTO EstatisticasJogador VALUES(11,5,2,38,37,0,1,2,16,77,37);
INSERT INTO EstatisticasJogador VALUES(76,1,1,77,7,2,1,3,9,78,38);
INSERT INTO EstatisticasJogador VALUES(15,1,3,148,30,0,0,5,3,79,39);
INSERT INTO EstatisticasJogador VALUES(36,4,0,147,5,1,0,1,11,80,40);
INSERT INTO EstatisticasJogador VALUES(68,2,4,98,27,1,1,0,13,81,1);
INSERT INTO EstatisticasJogador VALUES(60,3,4,111,35,2,0,5,0,82,2);
INSERT INTO EstatisticasJogador VALUES(16,2,5,135,25,0,1,5,14,83,3);
INSERT INTO EstatisticasJogador VALUES(22,0,4,72,7,0,0,1,14,84,4);
INSERT INTO EstatisticasJogador VALUES(55,1,4,29,15,1,0,0,3,85,5);
INSERT INTO EstatisticasJogador VALUES(33,2,0,99,36,1,1,6,0,86,6);
INSERT INTO EstatisticasJogador VALUES(52,4,3,113,19,2,1,2,6,87,7);
INSERT INTO EstatisticasJogador VALUES(63,4,2,32,17,1,1,6,16,88,8);
INSERT INTO EstatisticasJogador VALUES(44,4,2,92,8,1,1,4,8,89,9);
INSERT INTO EstatisticasJogador VALUES(22,4,5,8,14,1,1,1,20,90,10);
INSERT INTO EstatisticasJogador VALUES(72,4,0,51,15,1,0,0,16,91,11);
INSERT INTO EstatisticasJogador VALUES(38,1,1,47,40,0,0,1,1,92,12);
INSERT INTO EstatisticasJogador VALUES(88,0,3,119,0,0,1,0,4,93,13);
INSERT INTO EstatisticasJogador VALUES(2,1,3,77,28,2,0,3,10,94,14);
INSERT INTO EstatisticasJogador VALUES(23,3,2,63,40,0,1,4,6,95,15);
INSERT INTO EstatisticasJogador VALUES(69,3,5,5,25,2,0,4,4,96,16);
INSERT INTO EstatisticasJogador VALUES(75,2,4,39,24,2,0,2,5,97,17);
INSERT INTO EstatisticasJogador VALUES(84,5,2,39,13,0,1,1,4,98,18);
INSERT INTO EstatisticasJogador VALUES(3,4,5,126,25,2,0,3,19,99,19);
INSERT INTO EstatisticasJogador VALUES(6,1,5,92,37,1,1,2,10,100,20);
INSERT INTO EstatisticasJogador VALUES(18,5,4,56,9,1,0,0,4,101,21);
INSERT INTO EstatisticasJogador VALUES(72,4,1,115,24,2,0,0,20,102,22);
INSERT INTO EstatisticasJogador VALUES(67,1,3,111,40,0,0,5,2,103,23);
INSERT INTO EstatisticasJogador VALUES(81,0,5,122,19,0,0,4,11,104,24);
INSERT INTO EstatisticasJogador VALUES(89,5,1,117,8,2,1,2,19,105,25);
INSERT INTO EstatisticasJogador VALUES(4,4,5,130,37,0,0,6,2,106,26);
INSERT INTO EstatisticasJogador VALUES(2,4,4,24,14,0,1,4,0,107,27);
INSERT INTO EstatisticasJogador VALUES(53,2,5,51,22,0,1,6,9,108,28);
INSERT INTO EstatisticasJogador VALUES(7,0,0,105,8,1,1,4,20,109,29);
INSERT INTO EstatisticasJogador VALUES(72,1,3,122,26,1,0,4,8,110,30);
INSERT INTO EstatisticasJogador VALUES(38,1,3,137,28,1,0,1,5,111,31);
INSERT INTO EstatisticasJogador VALUES(61,1,2,110,3,1,0,0,3,112,32);
INSERT INTO EstatisticasJogador VALUES(84,5,1,94,11,2,0,2,4,113,33);
INSERT INTO EstatisticasJogador VALUES(25,5,1,58,13,2,1,5,3,114,34);
INSERT INTO EstatisticasJogador VALUES(85,2,4,63,17,1,1,4,12,115,35);
INSERT INTO EstatisticasJogador VALUES(81,3,4,117,10,1,0,3,7,116,36);
INSERT INTO EstatisticasJogador VALUES(32,2,2,121,0,1,0,5,19,117,37);
INSERT INTO EstatisticasJogador VALUES(76,2,0,50,10,2,1,6,20,118,38);
INSERT INTO EstatisticasJogador VALUES(53,0,1,29,0,2,1,4,18,119,39);
INSERT INTO EstatisticasJogador VALUES(0,4,5,5,33,0,1,3,14,120,40);
INSERT INTO EstatisticasJogador VALUES(14,5,0,57,5,1,1,1,2,121,1);
INSERT INTO EstatisticasJogador VALUES(4,4,5,106,35,0,0,5,18,122,2);
INSERT INTO EstatisticasJogador VALUES(14,4,1,142,12,2,1,2,7,123,3);
INSERT INTO EstatisticasJogador VALUES(79,2,2,65,1,1,1,5,7,124,4);
INSERT INTO EstatisticasJogador VALUES(88,0,4,34,16,2,1,4,13,125,5);
INSERT INTO EstatisticasJogador VALUES(69,4,5,74,39,0,1,4,9,126,6);
INSERT INTO EstatisticasJogador VALUES(7,0,2,77,0,0,0,6,15,127,7);
INSERT INTO EstatisticasJogador VALUES(3,3,0,114,20,2,1,5,9,128,8);
INSERT INTO EstatisticasJogador VALUES(82,3,4,80,27,2,1,2,19,129,9);
INSERT INTO EstatisticasJogador VALUES(82,4,4,38,9,2,0,1,14,130,10);
INSERT INTO EstatisticasJogador VALUES(17,0,1,12,30,1,0,2,19,131,11);
INSERT INTO EstatisticasJogador VALUES(72,1,0,141,18,1,1,5,16,132,12);
INSERT INTO EstatisticasJogador VALUES(69,2,2,34,19,1,1,5,1,133,13);
INSERT INTO EstatisticasJogador VALUES(3,1,2,19,22,1,1,1,4,134,14);
INSERT INTO EstatisticasJogador VALUES(11,1,5,5,40,0,1,1,2,135,15);
INSERT INTO EstatisticasJogador VALUES(43,3,0,41,23,0,1,3,17,136,16);
INSERT INTO EstatisticasJogador VALUES(36,5,3,86,34,1,1,6,20,137,17);
INSERT INTO EstatisticasJogador VALUES(56,5,2,30,14,0,1,4,10,138,18);
INSERT INTO EstatisticasJogador VALUES(41,3,3,117,40,1,1,2,6,139,19);
INSERT INTO EstatisticasJogador VALUES(13,1,1,144,7,1,1,4,8,140,20);
INSERT INTO EstatisticasJogador VALUES(89,3,0,114,27,2,1,6,3,141,21);
INSERT INTO EstatisticasJogador VALUES(86,4,2,31,24,0,0,4,18,142,22);
INSERT INTO EstatisticasJogador VALUES(30,3,4,100,26,0,1,4,5,143,23);
INSERT INTO EstatisticasJogador VALUES(81,1,5,61,36,2,0,5,19,144,24);
INSERT INTO EstatisticasJogador VALUES(69,5,0,2,34,1,0,2,10,145,25);
INSERT INTO EstatisticasJogador VALUES(43,5,1,87,21,0,1,0,20,146,26);
INSERT INTO EstatisticasJogador VALUES(43,0,1,137,14,0,0,4,17,147,27);
INSERT INTO EstatisticasJogador VALUES(41,1,2,24,16,1,1,3,5,148,28);
INSERT INTO EstatisticasJogador VALUES(83,2,2,57,24,2,1,5,1,149,29);
INSERT INTO EstatisticasJogador VALUES(16,5,0,62,25,2,0,1,15,150,30);
INSERT INTO EstatisticasJogador VALUES(86,3,5,35,32,2,1,4,0,151,31);
INSERT INTO EstatisticasJogador VALUES(22,3,1,139,37,2,0,0,16,152,32);
INSERT INTO EstatisticasJogador VALUES(0,0,1,139,39,1,0,3,10,153,33);
INSERT INTO EstatisticasJogador VALUES(37,2,3,132,15,2,0,3,18,154,34);
INSERT INTO EstatisticasJogador VALUES(78,2,3,136,21,0,0,5,16,155,35);
INSERT INTO EstatisticasJogador VALUES(44,1,4,117,9,0,0,0,4,156,36);
INSERT INTO EstatisticasJogador VALUES(13,0,3,28,40,1,0,5,9,157,37);
INSERT INTO EstatisticasJogador VALUES(5,2,3,33,26,2,1,0,16,158,38);
INSERT INTO EstatisticasJogador VALUES(58,5,2,16,20,1,0,6,16,159,39);
INSERT INTO EstatisticasJogador VALUES(69,3,3,141,19,2,0,0,10,160,40);
INSERT INTO EstatisticasJogador VALUES(89,4,1,100,5,2,1,2,13,161,1);
INSERT INTO EstatisticasJogador VALUES(4,4,4,113,33,0,0,1,19,162,2);
INSERT INTO EstatisticasJogador VALUES(33,1,0,76,18,1,0,0,19,163,3);
INSERT INTO EstatisticasJogador VALUES(76,2,2,62,36,0,1,2,11,164,4);
INSERT INTO EstatisticasJogador VALUES(74,0,1,22,1,0,0,4,1,165,5);
INSERT INTO EstatisticasJogador VALUES(90,4,1,127,22,1,1,0,20,166,6);
INSERT INTO EstatisticasJogador VALUES(55,3,1,60,23,1,1,3,12,167,7);
INSERT INTO EstatisticasJogador VALUES(5,4,0,5,6,1,0,1,3,168,8);
INSERT INTO EstatisticasJogador VALUES(68,0,4,4,13,0,1,2,6,169,9);
INSERT INTO EstatisticasJogador VALUES(77,0,5,78,36,2,0,2,14,170,10);
INSERT INTO EstatisticasJogador VALUES(22,2,5,26,25,1,0,5,17,171,11);
INSERT INTO EstatisticasJogador VALUES(50,0,4,132,27,1,0,6,12,172,12);
INSERT INTO EstatisticasJogador VALUES(55,4,1,139,3,1,0,2,10,173,13);
INSERT INTO EstatisticasJogador VALUES(34,0,0,54,5,0,0,1,3,174,14);
INSERT INTO EstatisticasJogador VALUES(31,1,1,45,16,0,0,4,8,175,15);
INSERT INTO EstatisticasJogador VALUES(45,1,0,60,6,2,0,4,0,176,16);
INSERT INTO EstatisticasJogador VALUES(25,0,2,48,39,2,1,3,5,177,17);
INSERT INTO EstatisticasJogador VALUES(5,5,0,141,19,2,1,4,20,178,18);
INSERT INTO EstatisticasJogador VALUES(65,5,3,146,37,2,0,2,9,179,19);
INSERT INTO EstatisticasJogador VALUES(27,2,1,5,6,0,1,2,20,180,20);
INSERT INTO EstatisticasJogador VALUES(65,2,2,43,33,0,1,3,13,181,21);
INSERT INTO EstatisticasJogador VALUES(60,0,3,16,24,0,0,4,13,182,22);
INSERT INTO EstatisticasJogador VALUES(39,5,2,24,35,0,0,6,8,183,23);
INSERT INTO EstatisticasJogador VALUES(56,2,5,77,22,2,0,1,2,184,24);
INSERT INTO EstatisticasJogador VALUES(36,3,5,83,16,2,1,6,10,185,25);
INSERT INTO EstatisticasJogador VALUES(81,5,1,45,23,1,0,1,20,186,26);
INSERT INTO EstatisticasJogador VALUES(21,3,0,124,24,0,0,1,5,187,27);
INSERT INTO EstatisticasJogador VALUES(50,1,0,129,3,1,0,5,4,188,28);
INSERT INTO EstatisticasJogador VALUES(3,5,1,67,5,1,0,6,20,189,29);
INSERT INTO EstatisticasJogador VALUES(40,5,1,10,28,0,1,6,11,190,30);
INSERT INTO EstatisticasJogador VALUES(17,5,3,25,23,2,0,3,17,191,31);
INSERT INTO EstatisticasJogador VALUES(64,0,4,125,1,2,0,5,11,192,32);
INSERT INTO EstatisticasJogador VALUES(7,5,4,3,34,0,0,3,16,193,33);
INSERT INTO EstatisticasJogador VALUES(24,4,1,74,21,2,1,3,3,194,34);
INSERT INTO EstatisticasJogador VALUES(44,0,5,10,8,1,0,1,18,195,35);
INSERT INTO EstatisticasJogador VALUES(72,3,3,112,36,2,0,3,17,196,36);
INSERT INTO EstatisticasJogador VALUES(62,0,3,111,33,2,0,2,13,197,37);
INSERT INTO EstatisticasJogador VALUES(7,3,0,22,14,0,0,0,1,198,38);
INSERT INTO EstatisticasJogador VALUES(77,1,5,23,5,0,1,0,1,199,39);
INSERT INTO EstatisticasJogador VALUES(76,4,4,63,1,1,0,0,13,200,40);
INSERT INTO EstatisticasJogador VALUES(68,0,2,150,10,0,0,4,13,201,1);
INSERT INTO EstatisticasJogador VALUES(49,0,2,138,25,0,1,3,6,202,2);
INSERT INTO EstatisticasJogador VALUES(46,5,5,59,40,1,0,4,15,203,3);
INSERT INTO EstatisticasJogador VALUES(61,5,1,40,7,2,0,3,11,204,4);
INSERT INTO EstatisticasJogador VALUES(8,4,4,4,40,1,0,2,14,205,5);
INSERT INTO EstatisticasJogador VALUES(26,1,1,51,23,1,1,1,12,206,6);
INSERT INTO EstatisticasJogador VALUES(29,4,3,142,36,0,1,0,17,207,7);
INSERT INTO EstatisticasJogador VALUES(41,1,5,8,10,1,0,5,12,208,8);
INSERT INTO EstatisticasJogador VALUES(47,2,2,114,13,2,0,1,12,209,9);
INSERT INTO EstatisticasJogador VALUES(79,0,1,15,22,0,0,3,20,210,10);
INSERT INTO EstatisticasJogador VALUES(1,4,0,12,12,0,1,2,12,211,11);
INSERT INTO EstatisticasJogador VALUES(76,3,2,90,9,0,0,4,13,212,12);
INSERT INTO EstatisticasJogador VALUES(58,1,0,107,19,1,0,5,9,213,13);
INSERT INTO EstatisticasJogador VALUES(62,2,3,37,39,2,0,5,16,214,14);
INSERT INTO EstatisticasJogador VALUES(17,4,3,10,3,0,0,0,8,215,15);
INSERT INTO EstatisticasJogador VALUES(42,4,0,55,6,1,1,4,2,216,16);
INSERT INTO EstatisticasJogador VALUES(87,4,2,5,34,0,1,4,13,217,17);
INSERT INTO EstatisticasJogador VALUES(47,1,0,25,11,0,1,0,9,218,18);
INSERT INTO EstatisticasJogador VALUES(21,1,4,84,5,2,1,0,14,219,19);
INSERT INTO EstatisticasJogador VALUES(52,2,2,102,10,2,1,2,18,220,20);
INSERT INTO EstatisticasJogador VALUES(83,4,0,128,39,2,0,5,8,221,21);
INSERT INTO EstatisticasJogador VALUES(68,1,1,14,31,0,1,2,19,222,22);
INSERT INTO EstatisticasJogador VALUES(55,2,4,89,17,1,0,4,5,223,23);
INSERT INTO EstatisticasJogador VALUES(44,3,1,112,31,2,1,3,18,224,24);
INSERT INTO EstatisticasJogador VALUES(36,2,0,41,14,1,0,3,15,225,25);
INSERT INTO EstatisticasJogador VALUES(70,3,0,50,34,0,0,1,13,226,26);
INSERT INTO EstatisticasJogador VALUES(74,2,0,141,1,1,1,3,19,227,27);
INSERT INTO EstatisticasJogador VALUES(75,0,3,19,13,2,1,1,5,228,28);
INSERT INTO EstatisticasJogador VALUES(49,3,0,20,24,0,0,3,7,229,29);
INSERT INTO EstatisticasJogador VALUES(10,0,5,104,33,0,1,3,11,230,30);
INSERT INTO EstatisticasJogador VALUES(2,5,2,18,10,2,1,5,15,231,31);
INSERT INTO EstatisticasJogador VALUES(29,1,1,149,34,1,0,0,13,232,32);
INSERT INTO EstatisticasJogador VALUES(61,0,4,23,20,1,1,4,9,233,33);
INSERT INTO EstatisticasJogador VALUES(24,2,3,125,13,0,0,4,10,234,34);
INSERT INTO EstatisticasJogador VALUES(24,3,1,19,33,0,0,6,1,235,35);
INSERT INTO EstatisticasJogador VALUES(0,3,3,91,31,2,0,1,1,236,36);
INSERT INTO EstatisticasJogador VALUES(4,0,5,131,12,0,1,1,3,237,37);
INSERT INTO EstatisticasJogador VALUES(86,1,5,134,31,0,1,5,15,238,38);
INSERT INTO EstatisticasJogador VALUES(42,4,1,2,22,2,1,6,16,239,39);
INSERT INTO EstatisticasJogador VALUES(1,3,5,76,37,0,1,0,10,240,40);
INSERT INTO EstatisticasJogador VALUES(78,3,4,104,5,1,0,3,2,241,1);
INSERT INTO EstatisticasJogador VALUES(85,3,5,150,35,1,0,1,13,242,2);
INSERT INTO EstatisticasJogador VALUES(66,4,3,21,13,0,1,1,4,243,3);
INSERT INTO EstatisticasJogador VALUES(46,4,3,90,2,1,0,0,0,244,4);
INSERT INTO EstatisticasJogador VALUES(80,5,3,81,35,1,1,0,5,245,5);
INSERT INTO EstatisticasJogador VALUES(86,0,3,54,4,0,0,6,11,246,6);
INSERT INTO EstatisticasJogador VALUES(68,3,0,133,25,2,1,2,16,247,7);
INSERT INTO EstatisticasJogador VALUES(57,0,4,126,18,0,0,3,5,248,8);
INSERT INTO EstatisticasJogador VALUES(50,2,5,66,15,2,1,5,16,249,9);
INSERT INTO EstatisticasJogador VALUES(5,0,2,41,39,2,0,4,3,250,10);
INSERT INTO EstatisticasJogador VALUES(50,2,3,133,30,1,0,1,0,251,11);
INSERT INTO EstatisticasJogador VALUES(85,4,5,141,27,2,1,3,2,252,12);
INSERT INTO EstatisticasJogador VALUES(10,2,4,52,16,1,1,6,20,253,13);
INSERT INTO EstatisticasJogador VALUES(14,5,2,67,32,0,0,1,19,254,14);
INSERT INTO EstatisticasJogador VALUES(25,2,2,50,27,2,0,2,20,255,15);
INSERT INTO EstatisticasJogador VALUES(30,5,5,103,27,0,1,1,9,256,16);
INSERT INTO EstatisticasJogador VALUES(10,2,4,114,21,0,1,5,13,257,17);
INSERT INTO EstatisticasJogador VALUES(35,4,1,150,15,2,1,1,12,258,18);
INSERT INTO EstatisticasJogador VALUES(26,1,2,10,8,1,0,1,12,259,19);
INSERT INTO EstatisticasJogador VALUES(20,0,0,16,24,1,0,4,11,260,20);
INSERT INTO EstatisticasJogador VALUES(19,0,3,54,14,2,0,3,14,261,21);
INSERT INTO EstatisticasJogador VALUES(20,3,1,145,0,1,0,3,5,262,22);
INSERT INTO EstatisticasJogador VALUES(52,2,1,150,30,0,1,2,11,263,23);
INSERT INTO EstatisticasJogador VALUES(51,0,1,69,0,0,0,6,16,264,24);
INSERT INTO EstatisticasJogador VALUES(47,1,3,99,21,0,1,4,9,265,25);
INSERT INTO EstatisticasJogador VALUES(69,2,5,55,9,2,0,4,14,266,26);
INSERT INTO EstatisticasJogador VALUES(59,1,1,99,11,0,0,0,5,267,27);
INSERT INTO EstatisticasJogador VALUES(3,2,1,140,32,1,0,4,5,268,28);
INSERT INTO EstatisticasJogador VALUES(41,3,1,53,32,2,0,3,5,269,29);
INSERT INTO EstatisticasJogador VALUES(87,5,2,31,17,1,1,0,7,270,30);
INSERT INTO EstatisticasJogador VALUES(77,3,2,11,24,2,1,4,9,271,31);
INSERT INTO EstatisticasJogador VALUES(77,5,1,79,31,2,0,5,12,272,32);
INSERT INTO EstatisticasJogador VALUES(34,0,4,95,36,0,1,4,19,273,33);
INSERT INTO EstatisticasJogador VALUES(15,0,3,32,22,2,1,1,9,274,34);
INSERT INTO EstatisticasJogador VALUES(73,0,4,103,3,2,0,0,9,275,35);
INSERT INTO EstatisticasJogador VALUES(61,1,2,43,9,1,1,1,10,276,36);
INSERT INTO EstatisticasJogador VALUES(13,4,1,68,6,1,1,4,1,277,37);
INSERT INTO EstatisticasJogador VALUES(38,2,4,23,9,0,0,1,7,278,38);
INSERT INTO EstatisticasJogador VALUES(57,1,5,86,3,0,0,4,15,279,39);
INSERT INTO EstatisticasJogador VALUES(90,5,1,101,0,0,1,2,7,280,40);
INSERT INTO EstatisticasJogador VALUES(65,0,0,83,5,0,0,6,20,281,1);
INSERT INTO EstatisticasJogador VALUES(29,3,1,38,35,2,1,1,0,282,2);
INSERT INTO EstatisticasJogador VALUES(90,3,3,125,33,0,1,5,15,283,3);
INSERT INTO EstatisticasJogador VALUES(83,5,1,115,35,1,1,0,16,284,4);
INSERT INTO EstatisticasJogador VALUES(71,0,4,109,36,0,1,6,20,285,5);
INSERT INTO EstatisticasJogador VALUES(89,5,2,114,0,2,1,4,2,286,6);
INSERT INTO EstatisticasJogador VALUES(60,4,0,39,0,0,0,2,4,287,7);
INSERT INTO EstatisticasJogador VALUES(71,2,5,41,21,0,0,6,20,288,8);
INSERT INTO EstatisticasJogador VALUES(35,2,4,34,22,2,0,5,11,289,9);
INSERT INTO EstatisticasJogador VALUES(29,5,3,48,29,2,0,2,6,290,10);
INSERT INTO EstatisticasJogador VALUES(43,5,4,14,24,2,0,4,5,291,11);
INSERT INTO EstatisticasJogador VALUES(2,4,3,99,14,2,0,0,15,292,12);
INSERT INTO EstatisticasJogador VALUES(43,4,3,17,30,1,1,3,4,293,13);
INSERT INTO EstatisticasJogador VALUES(66,3,4,24,27,2,0,3,2,294,14);
INSERT INTO EstatisticasJogador VALUES(26,1,2,91,35,2,1,2,18,295,15);
INSERT INTO EstatisticasJogador VALUES(4,0,0,21,23,1,0,4,7,296,16);
INSERT INTO EstatisticasJogador VALUES(65,3,3,2,38,1,0,3,14,297,17);
INSERT INTO EstatisticasJogador VALUES(90,3,1,141,12,0,0,2,4,298,18);
INSERT INTO EstatisticasJogador VALUES(41,4,5,119,23,1,1,2,2,299,19);
INSERT INTO EstatisticasJogador VALUES(4,0,1,101,24,1,1,5,6,300,20);
INSERT INTO EstatisticasJogador VALUES(79,4,3,41,31,1,0,0,13,301,21);
INSERT INTO EstatisticasJogador VALUES(13,1,0,124,40,0,1,3,1,302,22);
INSERT INTO EstatisticasJogador VALUES(58,2,4,89,17,1,0,5,16,303,23);
INSERT INTO EstatisticasJogador VALUES(68,1,1,58,36,1,0,5,7,304,24);
INSERT INTO EstatisticasJogador VALUES(2,0,0,28,17,1,0,1,1,305,25);
INSERT INTO EstatisticasJogador VALUES(33,5,4,136,39,1,1,3,14,306,26);
INSERT INTO EstatisticasJogador VALUES(82,3,5,34,7,2,1,3,7,307,27);
INSERT INTO EstatisticasJogador VALUES(85,5,5,96,37,0,1,2,5,308,28);
INSERT INTO EstatisticasJogador VALUES(71,0,1,116,34,1,1,5,11,309,29);
INSERT INTO EstatisticasJogador VALUES(84,5,4,95,36,2,0,4,3,310,30);
INSERT INTO EstatisticasJogador VALUES(14,4,5,127,27,2,1,5,1,311,31);
INSERT INTO EstatisticasJogador VALUES(85,5,4,116,11,1,0,6,12,312,32);
INSERT INTO EstatisticasJogador VALUES(90,5,5,81,21,0,1,4,4,313,33);
INSERT INTO EstatisticasJogador VALUES(73,4,5,99,40,0,1,1,3,314,34);
INSERT INTO EstatisticasJogador VALUES(41,3,2,39,34,2,1,3,9,315,35);
INSERT INTO EstatisticasJogador VALUES(12,3,2,69,21,2,1,3,10,316,36);
INSERT INTO EstatisticasJogador VALUES(84,0,0,146,26,2,1,4,18,317,37);
INSERT INTO EstatisticasJogador VALUES(30,5,0,63,8,2,1,0,4,318,38);
INSERT INTO EstatisticasJogador VALUES(42,1,5,144,6,1,0,1,12,319,39);
INSERT INTO EstatisticasJogador VALUES(33,0,2,114,5,1,0,3,6,320,40);
INSERT INTO EstatisticasJogador VALUES(31,2,1,127,12,0,0,2,6,321,1);
INSERT INTO EstatisticasJogador VALUES(28,4,4,131,20,0,0,6,20,322,2);
INSERT INTO EstatisticasJogador VALUES(15,4,5,131,35,2,1,0,10,323,3);
INSERT INTO EstatisticasJogador VALUES(35,3,1,19,9,0,1,1,15,324,4);
INSERT INTO EstatisticasJogador VALUES(65,4,2,14,29,1,0,4,18,325,5);
INSERT INTO EstatisticasJogador VALUES(67,5,1,22,12,2,0,5,10,326,6);
INSERT INTO EstatisticasJogador VALUES(72,2,0,65,36,0,0,1,2,327,7);
INSERT INTO EstatisticasJogador VALUES(30,3,1,47,12,1,1,2,13,328,8);
INSERT INTO EstatisticasJogador VALUES(17,2,2,43,12,0,0,5,15,329,9);
INSERT INTO EstatisticasJogador VALUES(24,0,5,146,4,1,0,0,3,330,10);
INSERT INTO EstatisticasJogador VALUES(31,2,1,57,14,2,1,6,5,331,11);
INSERT INTO EstatisticasJogador VALUES(89,0,0,103,19,2,1,5,1,332,12);
INSERT INTO EstatisticasJogador VALUES(76,5,0,113,15,2,1,0,3,333,13);
INSERT INTO EstatisticasJogador VALUES(11,0,0,27,33,0,1,2,11,334,14);
INSERT INTO EstatisticasJogador VALUES(50,0,0,34,27,0,0,1,2,335,15);
INSERT INTO EstatisticasJogador VALUES(74,4,5,125,1,0,0,1,8,336,16);
INSERT INTO EstatisticasJogador VALUES(87,5,4,58,21,2,0,3,19,337,17);
INSERT INTO EstatisticasJogador VALUES(40,4,5,81,34,0,0,5,0,338,18);
INSERT INTO EstatisticasJogador VALUES(72,2,0,94,16,1,1,1,12,339,19);
INSERT INTO EstatisticasJogador VALUES(36,4,1,131,5,2,0,2,8,340,20);
INSERT INTO EstatisticasJogador VALUES(45,2,5,150,17,2,0,5,12,341,21);
INSERT INTO EstatisticasJogador VALUES(88,0,0,113,32,0,0,5,5,342,22);
INSERT INTO EstatisticasJogador VALUES(9,2,2,5,13,0,1,2,15,343,23);
INSERT INTO EstatisticasJogador VALUES(33,3,2,9,13,1,1,2,16,344,24);
INSERT INTO EstatisticasJogador VALUES(56,0,2,30,32,2,1,3,3,345,25);
INSERT INTO EstatisticasJogador VALUES(41,4,3,38,25,0,1,2,14,346,26);
INSERT INTO EstatisticasJogador VALUES(40,1,3,32,13,2,0,2,15,347,27);
INSERT INTO EstatisticasJogador VALUES(0,0,0,15,4,1,1,0,7,348,28);
INSERT INTO EstatisticasJogador VALUES(30,5,2,110,21,2,1,4,1,349,29);
INSERT INTO EstatisticasJogador VALUES(66,2,1,81,5,0,0,2,1,350,30);
INSERT INTO EstatisticasJogador VALUES(69,2,2,58,4,0,0,3,9,351,31);
INSERT INTO EstatisticasJogador VALUES(47,0,3,40,31,0,0,1,12,352,32);
INSERT INTO EstatisticasJogador VALUES(13,1,0,110,31,2,1,0,9,353,33);
INSERT INTO EstatisticasJogador VALUES(51,1,5,64,25,0,0,1,17,354,34);
INSERT INTO EstatisticasJogador VALUES(4,2,4,125,28,1,1,3,17,355,35);
INSERT INTO EstatisticasJogador VALUES(16,0,1,70,39,2,0,5,0,356,36);
INSERT INTO EstatisticasJogador VALUES(33,1,0,142,23,1,1,0,5,357,37);
INSERT INTO EstatisticasJogador VALUES(38,2,0,16,4,2,0,3,6,358,38);
INSERT INTO EstatisticasJogador VALUES(16,3,4,47,6,0,0,4,18,359,39);
INSERT INTO EstatisticasJogador VALUES(4,2,5,149,0,0,1,4,4,360,40);
INSERT INTO EstatisticasJogador VALUES(77,2,1,64,10,0,1,1,9,361,1);
INSERT INTO EstatisticasJogador VALUES(68,0,0,127,20,1,1,5,11,362,2);
INSERT INTO EstatisticasJogador VALUES(83,5,0,97,8,0,0,1,14,363,3);
INSERT INTO EstatisticasJogador VALUES(14,2,0,115,3,2,0,1,3,364,4);
INSERT INTO EstatisticasJogador VALUES(46,5,3,53,27,0,0,3,9,365,5);
INSERT INTO EstatisticasJogador VALUES(63,3,4,138,17,2,0,4,18,366,6);
INSERT INTO EstatisticasJogador VALUES(52,0,4,51,13,0,0,1,5,367,7);
INSERT INTO EstatisticasJogador VALUES(16,0,1,81,12,1,1,0,17,368,8);
INSERT INTO EstatisticasJogador VALUES(72,3,0,5,12,0,1,5,3,369,9);
INSERT INTO EstatisticasJogador VALUES(76,2,2,33,1,0,1,4,0,370,10);
INSERT INTO EstatisticasJogador VALUES(52,4,2,130,4,2,1,3,14,371,11);
INSERT INTO EstatisticasJogador VALUES(3,1,1,1,39,1,0,5,12,372,12);
INSERT INTO EstatisticasJogador VALUES(5,5,2,14,17,1,0,4,8,373,13);
INSERT INTO EstatisticasJogador VALUES(68,3,1,74,27,0,1,4,18,374,14);
INSERT INTO EstatisticasJogador VALUES(5,5,2,90,12,1,1,4,12,375,15);
INSERT INTO EstatisticasJogador VALUES(74,2,3,4,19,1,0,4,7,376,16);
INSERT INTO EstatisticasJogador VALUES(9,0,4,94,34,2,1,3,18,377,17);
INSERT INTO EstatisticasJogador VALUES(49,4,0,58,11,0,1,3,15,378,18);
INSERT INTO EstatisticasJogador VALUES(19,0,5,46,23,2,1,2,11,379,19);
INSERT INTO EstatisticasJogador VALUES(73,5,2,1,24,2,1,5,0,380,20);
INSERT INTO EstatisticasJogador VALUES(51,5,2,113,17,2,0,3,8,381,21);
INSERT INTO EstatisticasJogador VALUES(23,4,2,2,17,2,0,3,15,382,22);
INSERT INTO EstatisticasJogador VALUES(31,4,2,132,28,0,1,6,16,383,23);
INSERT INTO EstatisticasJogador VALUES(77,2,5,96,16,2,1,5,7,384,24);
INSERT INTO EstatisticasJogador VALUES(74,4,0,88,9,2,1,3,19,385,25);
INSERT INTO EstatisticasJogador VALUES(40,1,1,25,40,1,0,6,16,386,26);
INSERT INTO EstatisticasJogador VALUES(54,5,2,137,27,2,0,0,17,387,27);
INSERT INTO EstatisticasJogador VALUES(2,4,2,96,6,1,0,0,3,388,28);
INSERT INTO EstatisticasJogador VALUES(42,3,5,149,25,0,1,6,3,389,29);
INSERT INTO EstatisticasJogador VALUES(54,3,1,128,29,0,1,5,16,390,30);
INSERT INTO EstatisticasJogador VALUES(85,1,4,4,26,0,0,0,3,391,31);
INSERT INTO EstatisticasJogador VALUES(48,4,3,58,20,2,0,0,4,392,32);
INSERT INTO EstatisticasJogador VALUES(2,2,3,127,12,2,0,1,10,393,33);
INSERT INTO EstatisticasJogador VALUES(39,1,4,114,14,1,0,0,18,394,34);
INSERT INTO EstatisticasJogador VALUES(80,1,5,62,12,1,0,3,19,395,35);
INSERT INTO EstatisticasJogador VALUES(34,2,4,44,13,0,1,3,13,396,36);
INSERT INTO EstatisticasJogador VALUES(52,3,0,72,22,1,1,4,6,397,37);
INSERT INTO EstatisticasJogador VALUES(25,3,5,84,34,1,1,0,7,398,38);
INSERT INTO EstatisticasJogador VALUES(67,0,5,44,25,1,0,6,3,399,39);
INSERT INTO EstatisticasJogador VALUES(17,4,5,38,26,0,1,1,1,400,40);
INSERT INTO EstatisticasJogador VALUES(2,0,2,28,11,2,1,5,19,401,1);
INSERT INTO EstatisticasJogador VALUES(60,0,5,76,31,1,1,5,20,402,2);
INSERT INTO EstatisticasJogador VALUES(67,2,1,150,2,1,0,2,17,403,3);
INSERT INTO EstatisticasJogador VALUES(14,1,0,68,24,1,1,4,9,404,4);
INSERT INTO EstatisticasJogador VALUES(5,4,3,93,11,1,1,5,14,405,5);
INSERT INTO EstatisticasJogador VALUES(0,3,0,78,36,0,1,0,19,406,6);
INSERT INTO EstatisticasJogador VALUES(25,5,0,27,18,1,0,4,4,407,7);
INSERT INTO EstatisticasJogador VALUES(50,5,0,98,13,1,0,2,13,408,8);
INSERT INTO EstatisticasJogador VALUES(55,5,1,127,5,0,1,6,2,409,9);
INSERT INTO EstatisticasJogador VALUES(5,5,0,32,3,2,0,3,20,410,10);
INSERT INTO EstatisticasJogador VALUES(60,3,2,130,26,0,1,5,3,411,11);
INSERT INTO EstatisticasJogador VALUES(46,3,3,126,3,1,0,4,5,412,12);
INSERT INTO EstatisticasJogador VALUES(38,3,2,75,3,0,0,5,2,413,13);
INSERT INTO EstatisticasJogador VALUES(78,3,1,6,5,2,0,4,18,414,14);
INSERT INTO EstatisticasJogador VALUES(50,4,3,58,32,2,1,6,1,415,15);
INSERT INTO EstatisticasJogador VALUES(74,1,1,90,16,1,1,2,18,416,16);
INSERT INTO EstatisticasJogador VALUES(87,5,5,89,1,2,0,0,9,417,17);
INSERT INTO EstatisticasJogador VALUES(60,3,1,63,2,2,0,1,3,418,18);
INSERT INTO EstatisticasJogador VALUES(71,4,2,102,23,2,0,0,18,419,19);
INSERT INTO EstatisticasJogador VALUES(87,4,2,139,2,0,0,1,9,420,20);
INSERT INTO EstatisticasJogador VALUES(54,3,0,40,28,1,0,5,12,421,21);
INSERT INTO EstatisticasJogador VALUES(61,1,4,94,23,2,0,2,19,422,22);
INSERT INTO EstatisticasJogador VALUES(61,3,5,21,8,1,0,4,1,423,23);
INSERT INTO EstatisticasJogador VALUES(50,3,3,76,23,2,1,1,0,424,24);
INSERT INTO EstatisticasJogador VALUES(29,1,4,112,17,1,0,6,4,425,25);
INSERT INTO EstatisticasJogador VALUES(29,3,0,40,37,0,0,2,13,426,26);
INSERT INTO EstatisticasJogador VALUES(19,5,4,130,31,1,1,3,7,427,27);
INSERT INTO EstatisticasJogador VALUES(57,5,5,8,21,1,0,1,14,428,28);
INSERT INTO EstatisticasJogador VALUES(4,1,2,97,29,1,1,5,19,429,29);
INSERT INTO EstatisticasJogador VALUES(26,2,0,28,6,0,0,5,19,430,30);
INSERT INTO EstatisticasJogador VALUES(4,0,1,150,40,1,1,2,5,431,31);
INSERT INTO EstatisticasJogador VALUES(21,4,1,46,32,2,1,3,9,432,32);
INSERT INTO EstatisticasJogador VALUES(79,1,1,51,4,0,0,5,3,433,33);
INSERT INTO EstatisticasJogador VALUES(53,0,4,85,22,0,1,0,16,434,34);
INSERT INTO EstatisticasJogador VALUES(74,5,2,124,23,0,0,0,3,435,35);
INSERT INTO EstatisticasJogador VALUES(32,5,2,31,15,0,1,1,8,436,36);
INSERT INTO EstatisticasJogador VALUES(16,0,4,80,36,0,1,4,17,437,37);
INSERT INTO EstatisticasJogador VALUES(71,2,5,123,3,0,0,1,17,438,38);
INSERT INTO EstatisticasJogador VALUES(62,2,3,19,19,1,0,2,11,439,39);
INSERT INTO EstatisticasJogador VALUES(75,3,3,18,12,1,0,2,16,440,40);
INSERT INTO EstatisticasJogador VALUES(15,0,1,13,21,1,1,4,20,441,1);
INSERT INTO EstatisticasJogador VALUES(3,5,0,78,35,2,0,6,20,442,2);
INSERT INTO EstatisticasJogador VALUES(88,3,2,65,14,0,1,2,18,443,3);
INSERT INTO EstatisticasJogador VALUES(56,4,5,122,26,0,0,5,6,444,4);
INSERT INTO EstatisticasJogador VALUES(49,2,3,141,25,2,0,6,11,445,5);
INSERT INTO EstatisticasJogador VALUES(37,1,3,150,28,2,1,3,19,446,6);
INSERT INTO EstatisticasJogador VALUES(73,3,2,35,21,2,0,1,20,447,7);
INSERT INTO EstatisticasJogador VALUES(71,1,4,134,32,0,0,1,9,448,8);
INSERT INTO EstatisticasJogador VALUES(58,4,0,44,4,1,0,6,8,449,9);
INSERT INTO EstatisticasJogador VALUES(62,1,3,51,39,2,0,3,8,450,10);
INSERT INTO EstatisticasJogador VALUES(16,2,1,94,22,0,1,2,1,451,11);
INSERT INTO EstatisticasJogador VALUES(65,4,1,45,2,2,1,0,6,452,12);
INSERT INTO EstatisticasJogador VALUES(31,0,2,130,20,1,0,6,9,453,13);
INSERT INTO EstatisticasJogador VALUES(20,0,1,148,30,0,1,5,1,454,14);
INSERT INTO EstatisticasJogador VALUES(52,2,4,142,33,2,1,1,7,455,15);
INSERT INTO EstatisticasJogador VALUES(42,4,4,97,12,0,1,4,15,456,16);
INSERT INTO EstatisticasJogador VALUES(78,1,1,23,38,2,1,2,9,457,17);
INSERT INTO EstatisticasJogador VALUES(55,2,1,1,9,1,0,6,5,458,18);
INSERT INTO EstatisticasJogador VALUES(18,4,5,51,4,2,1,5,3,459,19);
INSERT INTO EstatisticasJogador VALUES(41,1,0,119,35,0,1,3,15,460,20);
INSERT INTO EstatisticasJogador VALUES(88,5,5,149,4,2,0,0,17,461,21);
INSERT INTO EstatisticasJogador VALUES(27,1,1,150,27,0,0,3,17,462,22);
INSERT INTO EstatisticasJogador VALUES(89,1,4,69,15,1,1,1,0,463,23);
INSERT INTO EstatisticasJogador VALUES(16,3,4,140,10,0,1,0,0,464,24);
INSERT INTO EstatisticasJogador VALUES(68,2,2,1,7,2,1,1,9,465,25);
INSERT INTO EstatisticasJogador VALUES(80,0,4,96,20,1,0,5,0,466,26);
INSERT INTO EstatisticasJogador VALUES(5,1,2,10,14,0,0,1,8,467,27);
INSERT INTO EstatisticasJogador VALUES(25,1,4,75,25,2,0,6,0,468,28);
INSERT INTO EstatisticasJogador VALUES(13,4,2,88,8,2,1,6,13,469,29);
INSERT INTO EstatisticasJogador VALUES(23,1,2,43,0,2,1,0,3,470,30);
INSERT INTO EstatisticasJogador VALUES(21,4,1,105,19,0,1,2,19,471,31);
INSERT INTO EstatisticasJogador VALUES(61,3,4,71,10,0,0,1,4,472,32);
INSERT INTO EstatisticasJogador VALUES(27,2,2,109,13,0,1,3,9,473,33);
INSERT INTO EstatisticasJogador VALUES(26,3,4,54,28,0,1,4,12,474,34);
INSERT INTO EstatisticasJogador VALUES(6,3,3,99,5,1,0,3,18,475,35);
INSERT INTO EstatisticasJogador VALUES(26,0,3,123,4,1,0,0,15,476,36);
INSERT INTO EstatisticasJogador VALUES(6,5,2,67,33,2,0,1,10,477,37);
INSERT INTO EstatisticasJogador VALUES(46,5,4,54,20,1,1,0,15,478,38);
INSERT INTO EstatisticasJogador VALUES(39,1,4,70,26,0,1,6,1,479,39);
INSERT INTO EstatisticasJogador VALUES(76,5,5,122,30,1,1,5,6,480,40);
INSERT INTO EstatisticasJogador VALUES(80,3,1,22,28,2,1,5,17,481,1);
INSERT INTO EstatisticasJogador VALUES(1,1,2,5,24,2,1,1,16,482,2);
INSERT INTO EstatisticasJogador VALUES(18,3,0,60,7,0,1,0,11,483,3);
INSERT INTO EstatisticasJogador VALUES(18,1,3,87,37,2,0,3,12,484,4);
INSERT INTO EstatisticasJogador VALUES(58,0,2,42,23,0,0,1,1,485,5);
INSERT INTO EstatisticasJogador VALUES(74,1,3,56,23,2,0,0,18,486,6);
INSERT INTO EstatisticasJogador VALUES(87,0,3,38,1,0,1,4,5,487,7);
INSERT INTO EstatisticasJogador VALUES(90,2,0,54,9,2,0,5,5,488,8);
INSERT INTO EstatisticasJogador VALUES(15,1,1,7,40,2,0,4,5,489,9);
INSERT INTO EstatisticasJogador VALUES(5,2,1,134,33,2,0,1,11,490,10);
INSERT INTO EstatisticasJogador VALUES(58,5,2,87,9,1,1,5,2,491,11);
INSERT INTO EstatisticasJogador VALUES(3,2,4,36,19,1,1,3,16,492,12);
INSERT INTO EstatisticasJogador VALUES(60,4,5,43,16,1,0,5,11,493,13);
INSERT INTO EstatisticasJogador VALUES(71,3,1,53,3,1,1,2,7,494,14);
INSERT INTO EstatisticasJogador VALUES(87,3,2,25,38,0,0,4,10,495,15);
INSERT INTO EstatisticasJogador VALUES(23,4,5,12,16,2,0,4,14,496,16);
INSERT INTO EstatisticasJogador VALUES(14,5,1,5,22,1,0,6,19,497,17);
INSERT INTO EstatisticasJogador VALUES(19,4,3,140,25,0,1,3,7,498,18);
INSERT INTO EstatisticasJogador VALUES(22,3,0,2,14,2,1,1,14,499,19);
INSERT INTO EstatisticasJogador VALUES(17,2,3,60,39,2,0,3,7,500,20);
INSERT INTO EstatisticasJogador VALUES(30,4,2,71,4,0,0,2,10,501,21);
INSERT INTO EstatisticasJogador VALUES(17,0,3,125,20,0,1,4,9,502,22);
INSERT INTO EstatisticasJogador VALUES(9,5,1,68,18,0,1,0,18,503,23);
INSERT INTO EstatisticasJogador VALUES(0,2,1,68,6,0,1,5,16,504,24);
INSERT INTO EstatisticasJogador VALUES(19,1,4,78,29,0,1,2,13,505,25);
INSERT INTO EstatisticasJogador VALUES(12,1,2,121,7,1,0,4,0,506,26);
INSERT INTO EstatisticasJogador VALUES(60,5,4,132,34,0,1,6,2,507,27);
INSERT INTO EstatisticasJogador VALUES(34,2,0,144,14,0,1,6,10,508,28);
INSERT INTO EstatisticasJogador VALUES(23,1,1,86,0,0,1,0,9,509,29);
INSERT INTO EstatisticasJogador VALUES(67,2,2,11,6,1,1,3,12,510,30);
INSERT INTO EstatisticasJogador VALUES(13,1,0,66,6,1,1,0,3,511,31);
INSERT INTO EstatisticasJogador VALUES(9,1,3,137,0,2,0,1,15,512,32);
INSERT INTO EstatisticasJogador VALUES(3,2,4,106,30,2,1,6,4,513,33);
INSERT INTO EstatisticasJogador VALUES(85,4,2,10,33,1,1,1,2,514,34);
INSERT INTO EstatisticasJogador VALUES(67,4,0,147,9,2,1,5,19,515,35);
INSERT INTO EstatisticasJogador VALUES(0,5,1,10,16,0,0,0,7,516,36);
INSERT INTO EstatisticasJogador VALUES(74,3,0,79,19,2,0,3,15,517,37);
INSERT INTO EstatisticasJogador VALUES(28,2,1,85,1,0,1,4,19,518,38);
INSERT INTO EstatisticasJogador VALUES(4,1,4,66,38,0,0,3,11,519,39);
INSERT INTO EstatisticasJogador VALUES(12,1,0,42,25,1,0,3,10,520,40);
INSERT INTO EstatisticasJogador VALUES(6,2,5,78,30,2,0,5,15,521,1);
INSERT INTO EstatisticasJogador VALUES(46,4,4,147,10,0,0,0,6,522,2);
INSERT INTO EstatisticasJogador VALUES(39,5,1,141,18,0,0,1,3,523,3);
INSERT INTO EstatisticasJogador VALUES(59,0,5,75,3,0,1,5,12,524,4);
INSERT INTO EstatisticasJogador VALUES(19,5,2,136,23,0,0,2,3,525,5);
INSERT INTO EstatisticasJogador VALUES(90,5,5,31,30,1,1,2,3,526,6);
INSERT INTO EstatisticasJogador VALUES(59,3,0,22,14,2,1,5,9,527,7);
INSERT INTO EstatisticasJogador VALUES(60,4,2,86,7,0,0,2,10,528,8);
INSERT INTO EstatisticasJogador VALUES(17,1,1,90,3,0,0,3,13,529,9);
INSERT INTO EstatisticasJogador VALUES(8,5,4,108,7,0,0,4,4,530,10);
INSERT INTO EstatisticasJogador VALUES(79,5,5,24,13,0,1,0,17,531,11);
INSERT INTO EstatisticasJogador VALUES(58,3,2,79,28,2,0,5,19,532,12);
INSERT INTO EstatisticasJogador VALUES(19,0,3,148,28,2,1,1,6,533,13);
INSERT INTO EstatisticasJogador VALUES(42,3,3,95,1,0,0,4,12,534,14);
INSERT INTO EstatisticasJogador VALUES(10,3,0,94,15,1,0,3,18,535,15);
INSERT INTO EstatisticasJogador VALUES(52,4,1,145,23,1,0,4,4,536,16);
INSERT INTO EstatisticasJogador VALUES(78,1,2,69,11,0,0,0,2,537,17);
INSERT INTO EstatisticasJogador VALUES(80,1,2,135,30,2,0,1,2,538,18);
INSERT INTO EstatisticasJogador VALUES(26,4,4,91,31,0,0,0,11,539,19);
INSERT INTO EstatisticasJogador VALUES(82,1,4,10,1,0,0,1,1,540,20);
INSERT INTO EstatisticasJogador VALUES(71,5,1,4,12,0,1,1,18,541,21);
INSERT INTO EstatisticasJogador VALUES(81,1,4,121,5,0,1,6,3,542,22);
INSERT INTO EstatisticasJogador VALUES(19,2,0,136,0,0,1,2,17,543,23);
INSERT INTO EstatisticasJogador VALUES(83,2,4,125,26,1,1,1,14,544,24);
