INSERT INTO Grupo VALUES("A");
INSERT INTO Grupo VALUES("B");
INSERT INTO Grupo VALUES("C");
INSERT INTO Grupo VALUES("D");
INSERT INTO Grupo VALUES("E");
INSERT INTO Grupo VALUES("F");
INSERT INTO Grupo VALUES("G");
INSERT INTO Grupo VALUES("H");
INSERT INTO Estado VALUES("Pre-eliminatorias");
INSERT INTO Estado VALUES("Fase-de-grupos");
INSERT INTO Estado VALUES("Oitavos-de-final");
INSERT INTO Estado VALUES("Quartos-de-final");
INSERT INTO Estado VALUES("Semi-final");
INSERT INTO Estado VALUES("Final");
INSERT INTO Treinador VALUES(1,"Graham Potter","Counter-attack");
INSERT INTO Treinador VALUES(2,"Massimiliano Allegri","Tiki-taka");
INSERT INTO Treinador VALUES(3,"Mikel Arteta","Tiki-taka");
INSERT INTO Treinador VALUES(4,"Maurizio Sarri","Tiki-taka");
INSERT INTO Treinador VALUES(5,"Zinedine Zidane","Counter-attack");
INSERT INTO Treinador VALUES(6,"Simone Inzaghi",NULL);
INSERT INTO Treinador VALUES(7,"Didier Deschamps",NULL);
INSERT INTO Treinador VALUES(8,"Luis Enrique","Counter-attack");
INSERT INTO Treinador VALUES(9,"Brendan Rodgers","Gegenpress");
INSERT INTO Treinador VALUES(10,"Carlo Ancelotti",NULL);
INSERT INTO Treinador VALUES(11,"Stefano Pioli","Tiki-taka");
INSERT INTO Treinador VALUES(12,"Lionel Scaloni","Gegenpress");
INSERT INTO Treinador VALUES(13,"Julen Lopetegui","Gegenpress");
INSERT INTO Treinador VALUES(14,"Ralf Rangnick","Gegenpress");
INSERT INTO Treinador VALUES(15,"Marcelo Bielsa","Tiki-taka");
INSERT INTO Treinador VALUES(16,"Steven Gerrard","Counter-attack");
INSERT INTO Treinador VALUES(17,"David Moyes","Counter-attack");
INSERT INTO Treinador VALUES(18,"Marco Rose","Counter-attack");
INSERT INTO Treinador VALUES(19,"Gian Piero Gasperini","Tiki-taka");
INSERT INTO Treinador VALUES(20,"Unai Emery",NULL);
INSERT INTO Treinador VALUES(21,"Erik ten Hag","Park the bus");
INSERT INTO Treinador VALUES(22,"Kasper Hjulmand","Long ball");
INSERT INTO Treinador VALUES(23,"Mauricio Pochettino","Counter-attack");
INSERT INTO Treinador VALUES(24,"Gareth Southgate",NULL);
INSERT INTO Treinador VALUES(25,"Julian Nagelsmann",NULL);
INSERT INTO Treinador VALUES(26,"Diego Simeone","Gegenpress");
INSERT INTO Treinador VALUES(27,"Roberto Mancini",NULL);
INSERT INTO Treinador VALUES(28,"Hans-Dieter Flick","Park the bus");
INSERT INTO Treinador VALUES(29,"Antonio Conte",NULL);
INSERT INTO Treinador VALUES(30,"Jurgen Klopp","Park the bus");
INSERT INTO Treinador VALUES(31,"Thomas Tuchel","Tiki-taka");
INSERT INTO Treinador VALUES(32,"Pep Guardiola",NULL);
INSERT INTO Equipa VALUES(1,"Palmeiras",13,7,3,20,9,0,1,0,"A","Oitavos-de-final",1);
INSERT INTO Equipa VALUES(2,"River Plate",8,13,4,8,16,3,10,0,"B","Semi-final",2);
INSERT INTO Equipa VALUES(3,"Boca Juniors",12,15,4,10,8,1,13,0,"H","Pre-eliminatorias",3);
INSERT INTO Equipa VALUES(4,"Flamengo",7,10,3,15,19,14,0,0,"B","Final",4);
INSERT INTO Equipa VALUES(5,"Nacional",1,1,4,9,8,11,0,1,"D","Fase-de-grupos",5);
INSERT INTO Equipa VALUES(6,"Peñarol",11,10,3,19,14,14,0,0,"H","Pre-eliminatorias",6);
INSERT INTO Equipa VALUES(7,"Atlético Mineiro",4,5,3,5,9,11,3,0,"E","Quartos-de-final",7);
INSERT INTO Equipa VALUES(8,"Athletico Paranaense",4,18,4,20,22,6,4,1,"G","Semi-final",8);
INSERT INTO Equipa VALUES(9,"Cerro Porteño",9,4,4,1,11,8,1,0,"B","Pre-eliminatorias",9);
INSERT INTO Equipa VALUES(10,"Libertad",3,5,1,5,18,14,0,0,"D","Oitavos-de-final",10);
INSERT INTO Equipa VALUES(11,"Independiente del Valle",8,1,2,18,7,3,10,0,"C","Fase-de-grupos",11);
INSERT INTO Equipa VALUES(12,"Universidad Católica",2,16,2,16,13,11,3,0,"B","Oitavos-de-final",12);
INSERT INTO Equipa VALUES(13,"Emelec",11,7,3,1,10,11,1,2,"G","Final",13);
INSERT INTO Equipa VALUES(14,"Corinthians",2,18,4,9,4,11,0,3,"G","Oitavos-de-final",14);
INSERT INTO Equipa VALUES(15,"Colo-Colo",13,5,3,9,25,3,7,0,"B","Oitavos-de-final",15);
INSERT INTO Equipa VALUES(16,"Vélez Sarsfield",2,11,4,6,12,13,0,1,"C","Oitavos-de-final",16);
INSERT INTO Equipa VALUES(17,"Sporting Cristal",14,9,3,15,23,7,4,0,"H","Pre-eliminatorias",17);
INSERT INTO Equipa VALUES(18,"Deportivo Cali",4,17,3,20,10,1,5,4,"G","Pre-eliminatorias",18);
INSERT INTO Equipa VALUES(19,"Red Bull Bragantino",2,8,1,2,13,6,4,2,"E","Semi-final",19);
INSERT INTO Equipa VALUES(20,"Deportivo Táchira",10,16,3,1,15,2,5,2,"B","Fase-de-grupos",20);
INSERT INTO Equipa VALUES(21,"Alianza Lima",1,8,4,11,20,9,1,2,"B","Pre-eliminatorias",21);
INSERT INTO Equipa VALUES(22,"Deportes Tolima",3,10,2,1,13,2,7,2,"D","Pre-eliminatorias",22);
INSERT INTO Equipa VALUES(23,"Colón",2,6,1,22,13,8,5,1,"A","Quartos-de-final",23);
INSERT INTO Equipa VALUES(24,"Caracas",2,9,4,4,10,11,2,1,"A","Final",24);
INSERT INTO Equipa VALUES(25,"Always Ready",2,12,3,12,23,3,6,4,"E","Quartos-de-final",25);
INSERT INTO Equipa VALUES(26,"Talleres",2,9,1,12,1,10,4,0,"D","Oitavos-de-final",26);
INSERT INTO Equipa VALUES(27,"Independiente Petrolero",4,0,3,22,15,8,0,2,"G","Pre-eliminatorias",27);
INSERT INTO Equipa VALUES(28,"Fortaleza",2,15,4,5,0,2,10,1,"G","Quartos-de-final",28);
INSERT INTO Equipa VALUES(29,"Olimpia",11,10,3,0,8,13,0,1,"G","Semi-final",29);
INSERT INTO Equipa VALUES(30,"Estudiantes",2,8,2,2,22,2,3,4,"D","Semi-final",30);
INSERT INTO Equipa VALUES(31,"The Strongest",11,3,2,23,5,10,3,0,"F","Oitavos-de-final",31);
INSERT INTO Equipa VALUES(32,"América Mineiro",12,15,2,8,12,9,4,0,"G","Oitavos-de-final",32);
INSERT INTO Jogador VALUES(1,"Jack Marie",3,"cingalês",19,2,147,"MDC",33,19);
INSERT INTO Jogador VALUES(2,"Natalie Elizabeth",8,"cipriota",1,5,234,"DC",34,28);
INSERT INTO Jogador VALUES(3,"Amanda Mason",4,"tcheco",9,4,171,"DD",26,8);
INSERT INTO Jogador VALUES(4,"Sarah Jean",1,"japonês",17,3,54,"PL",18,23);
INSERT INTO Jogador VALUES(5,"Daniel Ethan",8,"malgaxe",47,11,901,"MCO",37,14);
INSERT INTO Jogador VALUES(6,"Nicholas Kyle",7,"paraguaio",66,7,505,"DD",29,20);
INSERT INTO Jogador VALUES(7,"Samantha Anna",3,"gabonês",12,4,150,"DC",36,17);
INSERT INTO Jogador VALUES(8,"Brittany William",9,"dinamarquês",48,7,108,"DC",39,11);
INSERT INTO Jogador VALUES(9,"Terry Eric",1,"nigeriano",40,1,13,"MCO",40,20);
INSERT INTO Jogador VALUES(10,"Debra Alexis",0,"ganês",49,8,168,"DC",28,5);
INSERT INTO Jogador VALUES(11,"acqueline William",16,"antiguano",24,13,516,"DE",37,15);
INSERT INTO Jogador VALUES(12,"Ryan Kayla",4,"quirguiz",80,6,366,"AC",38,27);
INSERT INTO Jogador VALUES(13,"Martha Hannah",3,"ruandês",56,7,600,"MCO",28,7);
INSERT INTO Jogador VALUES(14,"Heather Carl",1,"palauano",9,3,120,"MC",19,13);
INSERT INTO Jogador VALUES(15,"Andrea Judith",4,"azerbaijano",19,14,278,"MCO",34,15);
INSERT INTO Jogador VALUES(16,"Virginia Christine",7,"palestino",57,8,28,"DD",32,23);
INSERT INTO Jogador VALUES(17,"Jesse Douglas",10,"mauritano",58,9,37,"DC",35,29);
INSERT INTO Jogador VALUES(18,"Sophia Vincent",17,"ganês",66,11,161,"PL",39,12);
INSERT INTO Jogador VALUES(19,"Betty Danielle",6,"tongalês",31,6,427,"DD",31,1);
INSERT INTO Jogador VALUES(20,"Brian Danielle",0,"nigerino",81,1,39,"DC",37,4);
INSERT INTO Jogador VALUES(21,"Billy Martha",3,"chileno",44,14,744,"AC",30,14);
INSERT INTO Jogador VALUES(22,"Albert Marilyn",3,"mauriciano",53,4,29,"DD",36,23);
INSERT INTO Jogador VALUES(23,"Alexander Donna",2,"etíope",88,1,75,"DC",25,1);
INSERT INTO Jogador VALUES(24,"Benjamin Sara",0,"boliviano",91,0,0,"PL",19,8);
INSERT INTO Jogador VALUES(25,"Timothy Keith",3,"tunisiano",28,12,857,"DE",34,14);
INSERT INTO Jogador VALUES(26,"Danielle Justin",0,"vietnamita",97,4,171,"DD",24,25);
INSERT INTO Jogador VALUES(27,"Eugene Christopher",8,"vanuatuense",52,5,110,"MD",30,32);
INSERT INTO Jogador VALUES(28,"Cynthia Diana",1,"indonésio",97,7,458,"ME",35,25);
INSERT INTO Jogador VALUES(29,"Gabriel Shirley",8,"costarriquenho",7,5,52,"GR",33,26);
INSERT INTO Jogador VALUES(30,"William Susan",1,"cipriota",5,14,98,"MCO",21,7);
INSERT INTO Jogador VALUES(31,"Joe Theresa",4,"zimbabuano",89,5,84,"PL",20,20);
INSERT INTO Jogador VALUES(32,"Joyce Robert",0,"russo",40,3,108,"MCO",21,29);
INSERT INTO Jogador VALUES(33,"Olivia Donna",0,"surinamês",88,3,266,"DE",19,22);
INSERT INTO Jogador VALUES(34,"Jacob Willie",8,"norte-coreano",21,11,291,"DE",36,29);
INSERT INTO Jogador VALUES(35,"Michelle Judith",6,"turco",54,4,303,"DD",21,24);
INSERT INTO Jogador VALUES(36,"Debra Noah",0,"trinitino",63,3,86,"MC",40,30);
INSERT INTO Jogador VALUES(37,"Juan Marie",0,"bengalês",16,2,12,"DD",26,31);
INSERT INTO Jogador VALUES(38,"Natalie Zachary",1,"bechuano",60,4,140,"ED",37,15);
INSERT INTO Jogador VALUES(39,"Ronald Mary",15,"laosiano",48,13,425,"DD",27,14);
INSERT INTO Jogador VALUES(40,"Marilyn Anthon",12,"granadino",20,10,309,"PL",40,24);
INSERT INTO Jogador VALUES(41,"Anna Beverly",1,"japonês",46,1,69,"ED",31,24);
INSERT INTO Jogador VALUES(42,"Deborah Judith",3,"mongol",26,5,150,"PL",24,7);
INSERT INTO Jogador VALUES(43,"Bruce Jason",2,"inglês",22,2,128,"MD",39,3);
INSERT INTO Jogador VALUES(44,"Kayla Nicole",6,"micronésio",40,13,23,"MDC",34,19);
INSERT INTO Jogador VALUES(45,"Amber Christine",3,"bósnio",1,5,105,"EE",40,29);
INSERT INTO Jogador VALUES(46,"Ronald Daniel",8,"vanuatuense",16,7,315,"MC",38,22);
INSERT INTO Jogador VALUES(47,"Carolyn Martha",11,"centro-africano",44,9,658,"MCO",26,23);
INSERT INTO Jogador VALUES(48,"Jordan Olivia",13,"samarinês",63,10,567,"AC",32,1);
INSERT INTO Jogador VALUES(49,"Henry Christine",21,"etíope",57,14,184,"MC",22,15);
INSERT INTO Jogador VALUES(50,"Randy Juan",4,"nicaraguense",88,4,305,"AC",17,6);
INSERT INTO Jogador VALUES(51,"Denise Abigail",10,"equatoriano",43,13,911,"EE",37,22);
INSERT INTO Jogador VALUES(52,"Nancy Andrea",7,"tuvaluano",67,5,90,"MD",24,18);
INSERT INTO Jogador VALUES(53,"Gloria Kimberly",1,"moldávio",60,8,273,"AC",19,30);
INSERT INTO Jogador VALUES(54,"Patrick Alexander",11,"tailandês",98,12,214,"MDC",31,12);
INSERT INTO Jogador VALUES(55,"Willie acqueline",12,"costarriquenho",89,13,664,"DC",27,10);
INSERT INTO Jogador VALUES(56,"Victoria Abigail",6,"malauiano",60,6,339,"DD",23,23);
INSERT INTO Jogador VALUES(57,"Julia Thomas",7,"húngaro",45,5,139,"DD",40,7);
INSERT INTO Jogador VALUES(58,"Alice Ethan",5,"bareinita",24,3,63,"AC",31,22);
INSERT INTO Jogador VALUES(59,"Paul Nancy",1,"malai",28,3,80,"MC",18,29);
INSERT INTO Jogador VALUES(60,"Ashley Anthon",1,"guatemalteco",10,5,27,"AC",35,17);
INSERT INTO Jogador VALUES(61,"Diane Raymond",3,"sírio",14,11,395,"DE",34,30);
INSERT INTO Jogador VALUES(62,"Abigail Samuel",1,"bósnio",46,1,22,"MD",30,8);
INSERT INTO Jogador VALUES(63,"Abigail Abigail",2,"georgiano",41,2,22,"MD",18,18);
INSERT INTO Jogador VALUES(64,"Lisa Justin",8,"mongol",92,10,532,"ME",32,14);
INSERT INTO Jogador VALUES(65,"Jonathan Abigail",11,"moçambicano",71,7,339,"MCO",35,18);
INSERT INTO Jogador VALUES(66,"acqueline Alice",14,"senegalês",45,12,331,"MDC",21,2);
INSERT INTO Jogador VALUES(67,"Aaron Ethan",8,"suéco",46,12,129,"ED",27,26);
INSERT INTO Jogador VALUES(68,"Paul Beverly",8,"indonésio",69,5,402,"EE",30,22);
INSERT INTO Jogador VALUES(69,"Gabriel Ashley",9,"andorrano",54,9,589,"DE",17,1);
INSERT INTO Jogador VALUES(70,"Diana Laura",4,"suazi",5,3,143,"MCO",23,1);
INSERT INTO Jogador VALUES(71,"Gloria Sharon",3,"estoniano",8,6,281,"EE",39,26);
INSERT INTO Jogador VALUES(72,"Anthon Doris",2,"santa-luciense",99,1,23,"PL",24,24);
INSERT INTO Jogador VALUES(73,"Ralph Michelle",2,"colombiano",68,2,46,"AC",20,7);
INSERT INTO Jogador VALUES(74,"Richard Mason",0,"eslovaco",25,8,376,"GR",23,30);
INSERT INTO Jogador VALUES(75,"Ashley Christopher",8,"etíope",43,7,474,"MC",18,8);
INSERT INTO Jogador VALUES(76,"Alexis Joan",11,"português",77,13,350,"PL",27,1);
INSERT INTO Jogador VALUES(77,"Christina Eugene",0,"gambiano",38,5,133,"DE",23,15);
INSERT INTO Jogador VALUES(78,"Virginia Julie",8,"são-cristovense",31,13,431,"ED",35,14);
INSERT INTO Jogador VALUES(79,"Catherine Arthur",0,"tajique",81,5,80,"PL",35,20);
INSERT INTO Jogador VALUES(80,"Kayla Jerry",5,"suazi",20,6,460,"GR",20,6);
INSERT INTO Jogador VALUES(81,"Stephanie Virginia",12,"grego",87,9,754,"DC",34,26);
INSERT INTO Jogador VALUES(82,"Theresa Ethan",8,"luxemburguês",59,11,691,"AC",25,20);
INSERT INTO Jogador VALUES(83,"Dorothy Diane",4,"malgaxe",57,11,287,"AC",36,18);
INSERT INTO Jogador VALUES(84,"Keith Jerry",7,"marshalino",7,9,198,"EE",28,11);
INSERT INTO Jogador VALUES(85,"Rebecca Karen",3,"turcomeno",76,11,218,"PL",27,15);
INSERT INTO Jogador VALUES(86,"Charlotte Sarah",3,"vietnamita",35,8,460,"DC",27,4);
INSERT INTO Jogador VALUES(87,"Frank Diana",6,"guatemalteco",34,12,868,"ME",21,20);
INSERT INTO Jogador VALUES(88,"Amy Roger",3,"gambiano",19,2,78,"GR",23,13);
INSERT INTO Jogador VALUES(89,"Kathleen Charlotte",2,"espanhol",42,5,92,"MD",32,23);
INSERT INTO Jogador VALUES(90,"Abigail Rebecca",0,"iemenita",97,7,528,"EE",32,31);
INSERT INTO Jogador VALUES(91,"Susan Megan",3,"romeno",37,2,157,"DD",30,16);
INSERT INTO Jogador VALUES(92,"Walter Lauren",6,"malai",50,5,236,"DC",33,7);
INSERT INTO Jogador VALUES(93,"Keith Gabriel",8,"surinamês",69,8,43,"MC",33,21);
INSERT INTO Jogador VALUES(94,"Philip Elijah",0,"nepalês",60,9,638,"MCO",37,24);
INSERT INTO Jogador VALUES(95,"Donald Sharon",3,"filipino",14,7,107,"ED",39,28);
INSERT INTO Jogador VALUES(96,"Jonathan Kathleen",12,"catariano",9,9,633,"ME",24,25);
INSERT INTO Jogador VALUES(97,"Grace Virginia",14,"são-cristovense",22,12,61,"DD",25,24);
INSERT INTO Jogador VALUES(98,"Diane Joan",1,"mauritano",75,1,28,"ME",33,30);
INSERT INTO Jogador VALUES(99,"Timothy Arthur",0,"eslovaco",72,0,0,"EE",31,17);
INSERT INTO Jogador VALUES(100,"Dennis Carl",16,"árabe",80,11,399,"EE",34,5);
INSERT INTO Jogador VALUES(101,"Emily Betty",5,"suazi",19,8,429,"ME",25,11);
INSERT INTO Jogador VALUES(102,"Philip Debra",9,"croata",40,6,200,"DC",21,21);
INSERT INTO Jogador VALUES(103,"Nancy Roger",5,"peruano",89,13,176,"DE",35,8);
INSERT INTO Jogador VALUES(104,"Brenda Brand",3,"nicaraguense",61,8,162,"DD",30,19);
INSERT INTO Jogador VALUES(105,"Kyle Wayne",6,"sul-africano",1,8,709,"MCO",21,9);
INSERT INTO Jogador VALUES(106,"Lawrence Nicole",2,"quiribatiano",68,6,473,"ED",24,19);
INSERT INTO Jogador VALUES(107,"Richard Teresa",10,"russo",97,8,621,"DD",36,4);
INSERT INTO Jogador VALUES(108,"Ralph Kevin",7,"quirguiz",7,5,229,"MD",23,2);
INSERT INTO Jogador VALUES(109,"Frank Rebecca",5,"iemenita",88,10,430,"DD",36,19);
INSERT INTO Jogador VALUES(110,"Michael Amanda",9,"israelense",12,8,386,"MCO",21,31);
INSERT INTO Jogador VALUES(111,"Angela Ann",3,"caboverdiano",84,4,46,"ED",17,3);
INSERT INTO Jogador VALUES(112,"Kevin Larry",4,"finlandês",18,6,454,"ED",22,3);
INSERT INTO Jogador VALUES(113,"Randy Ralph",14,"singapuriano",87,12,400,"GR",23,10);
INSERT INTO Jogador VALUES(114,"Betty Margaret",3,"santa-luciense",51,5,162,"DE",27,24);
INSERT INTO Jogador VALUES(115,"Samuel Marie",3,"eslovaco",40,6,487,"MC",30,16);
INSERT INTO Jogador VALUES(116,"Jessica Victoria",4,"senegalês",88,3,266,"DC",33,14);
INSERT INTO Jogador VALUES(117,"Elizabeth Kenneth",5,"ganês",83,10,404,"EE",18,15);
INSERT INTO Jogador VALUES(118,"Joshua Mason",0,"saudito",80,0,0,"GR",34,13);
INSERT INTO Jogador VALUES(119,"Stephen Amber",11,"quirguiz",78,12,229,"DD",40,2);
INSERT INTO Jogador VALUES(120,"Albert Kelly",0,"nauruano",11,0,0,"ED",22,8);
INSERT INTO Jogador VALUES(121,"Stephanie Teresa",3,"omani",4,3,217,"EE",30,5);
INSERT INTO Jogador VALUES(122,"Steven Ethan",14,"colombiano",92,11,223,"MCO",39,5);
INSERT INTO Jogador VALUES(123,"Betty Dennis",5,"ganês",88,4,21,"DE",38,6);
INSERT INTO Jogador VALUES(124,"Danielle Kimberly",2,"cingalês",29,3,98,"DC",27,26);
INSERT INTO Jogador VALUES(125,"Jesse Teresa",15,"maldivo",87,11,987,"ED",35,27);
INSERT INTO Jogador VALUES(126,"Joshua Mar",0,"usbeque",8,1,31,"AC",24,19);
INSERT INTO Jogador VALUES(127,"Lauren Billy",2,"belizenho",19,13,182,"MC",40,27);
INSERT INTO Jogador VALUES(128,"Heather Judith",20,"moçambicano",53,13,147,"MC",35,6);
INSERT INTO Jogador VALUES(129,"Hannah Kenneth",8,"iraquiano",37,9,346,"DE",36,6);
INSERT INTO Jogador VALUES(130,"Bobby Emily",16,"surinamês",13,11,146,"EE",40,9);
INSERT INTO Jogador VALUES(131,"Billy Amber",5,"palestino",64,4,213,"MDC",36,31);
INSERT INTO Jogador VALUES(132,"Ronald Roy",0,"nigeriano",3,0,0,"MDC",23,20);
INSERT INTO Jogador VALUES(133,"Henry Mary",6,"quirguiz",89,14,168,"ED",36,11);
INSERT INTO Jogador VALUES(134,"Raymond Terry",4,"togonês",42,5,327,"EE",19,21);
INSERT INTO Jogador VALUES(135,"Roger Steven",3,"santa-luciense",88,5,320,"ED",24,28);
INSERT INTO Jogador VALUES(136,"Danielle Debra",0,"tuvaluano",9,1,63,"DD",40,13);
INSERT INTO Jogador VALUES(137,"Debra James",8,"guianês",78,8,535,"MD",17,24);
INSERT INTO Jogador VALUES(138,"Jason Gabriel",1,"senegalês",96,2,146,"MDC",30,11);
INSERT INTO Jogador VALUES(139,"Deborah Benjamin",2,"salomônico",52,11,962,"ME",34,24);
INSERT INTO Jogador VALUES(140,"Roy Judy",0,"mongol",92,8,565,"DE",25,25);
INSERT INTO Jogador VALUES(141,"Deborah Justin",6,"moldávio",87,6,206,"MDC",38,15);
INSERT INTO Jogador VALUES(142,"Deborah Nicole",0,"húngaro",40,0,0,"GR",34,16);
INSERT INTO Jogador VALUES(143,"Eric Pamela",4,"kuwaitiano",24,11,521,"MCO",26,2);
INSERT INTO Jogador VALUES(144,"Debra Sara",1,"nigeriano",54,1,87,"PL",23,16);
INSERT INTO Jogador VALUES(145,"Steven Margaret",16,"bielo-russo",64,13,696,"MC",33,28);
INSERT INTO Jogador VALUES(146,"Alan Evelyn",11,"alemmão",49,12,831,"ME",31,27);
INSERT INTO Jogador VALUES(147,"Kayla Billy",3,"equatoriano",7,4,20,"DC",24,7);
INSERT INTO Jogador VALUES(148,"Joshua Amber",18,"são-vicentino",35,14,83,"DD",29,24);
INSERT INTO Jogador VALUES(149,"Jose Amanda",1,"uruguaio",72,14,435,"MCO",20,16);
INSERT INTO Jogador VALUES(150,"Evelyn Daniel",0,"argentino",33,3,168,"ME",27,19);
INSERT INTO Jogador VALUES(151,"Philip Jean",10,"nicaraguense",24,14,754,"ME",38,21);
INSERT INTO Jogador VALUES(152,"Linda Charlotte",0,"suíço",57,0,0,"DE",32,5);
INSERT INTO Jogador VALUES(153,"Richard Noah",13,"italiano",10,9,12,"MDC",40,29);
INSERT INTO Jogador VALUES(154,"Judith Terry",8,"angolano",2,7,491,"MDC",27,17);
INSERT INTO Jogador VALUES(155,"Katherine Betty",6,"centro-africano",60,12,243,"PL",29,19);
INSERT INTO Jogador VALUES(156,"Betty Scott",3,"sudanês",91,3,133,"MCO",21,23);
INSERT INTO Jogador VALUES(157,"Eugene Ethan",1,"húngaro",37,2,80,"MCO",33,14);
INSERT INTO Jogador VALUES(158,"Charles Kevin",5,"holandês",78,4,178,"ED",21,21);
INSERT INTO Jogador VALUES(159,"Katherine Zachary",7,"sérvio",25,8,62,"DC",26,21);
INSERT INTO Jogador VALUES(160,"Juan Albert",3,"bechuano",39,9,482,"MCO",35,8);
INSERT INTO Jogador VALUES(161,"Juan Christian",1,"cazaque",56,10,98,"ED",18,25);
INSERT INTO Jogador VALUES(162,"Eugene Joyce",8,"bielo-russo",26,7,60,"EE",32,22);
INSERT INTO Jogador VALUES(163,"Alexander Janet",9,"lituano",80,7,560,"AC",27,7);
INSERT INTO Jogador VALUES(164,"Jesse Matthew",4,"canadense",20,5,317,"AC",22,11);
INSERT INTO Jogador VALUES(165,"Hannah Nancy",1,"árabe",79,2,47,"DD",32,25);
INSERT INTO Jogador VALUES(166,"Danielle Wayne",0,"nigerino",61,7,545,"MC",27,12);
INSERT INTO Jogador VALUES(167,"Daniel Beverly",16,"chadiano",66,13,133,"DD",25,3);
INSERT INTO Jogador VALUES(168,"David Andrea",7,"cingalês",26,8,93,"DC",28,26);
INSERT INTO Jogador VALUES(169,"Jessica Billy",8,"português",55,6,68,"MD",21,18);
INSERT INTO Jogador VALUES(170,"Bobby Anthon",1,"sul-coreano",66,1,5,"EE",19,23);
INSERT INTO Jogador VALUES(171,"Maria Michael",11,"cingalês",66,12,387,"DD",20,19);
INSERT INTO Jogador VALUES(172,"Christopher Virginia",2,"kuwaitiano",86,2,85,"MC",31,31);
INSERT INTO Jogador VALUES(173,"Marilyn George",2,"vietnamita",38,8,189,"DD",32,3);
INSERT INTO Jogador VALUES(174,"Joshua Judith",2,"leonês",87,7,82,"DC",28,22);
INSERT INTO Jogador VALUES(175,"Nathan Heather",4,"macedônio",5,3,173,"MD",35,5);
INSERT INTO Jogador VALUES(176,"Arthur Jack",3,"albanês",91,10,801,"EE",34,23);
INSERT INTO Jogador VALUES(177,"Martha Andrew",0,"russo",12,6,132,"ED",30,17);
INSERT INTO Jogador VALUES(178,"Susan Robert",9,"israelense",48,8,706,"GR",35,16);
INSERT INTO Jogador VALUES(179,"Michelle Danielle",0,"macedônio",55,1,6,"MCO",23,2);
INSERT INTO Jogador VALUES(180,"Timothy Billy",4,"macedônio",1,3,221,"PL",34,20);
INSERT INTO Jogador VALUES(181,"Nicholas Jose",17,"turco",50,12,673,"AC",37,3);
INSERT INTO Jogador VALUES(182,"Lawrence Nathan",0,"filipino",20,2,135,"ED",28,30);
INSERT INTO Jogador VALUES(183,"Betty Dorothy",0,"alemmão",90,1,5,"ED",26,30);
INSERT INTO Jogador VALUES(184,"Andrea Beverly",0,"quiribatiano",8,6,277,"ME",36,20);
INSERT INTO Jogador VALUES(185,"Abigail Brittany",2,"búlgaro",59,7,327,"DC",18,22);
INSERT INTO Jogador VALUES(186,"Brittany Margaret",6,"bengalês",99,4,176,"ED",30,14);
INSERT INTO Jogador VALUES(187,"Mar Isabella",13,"boliviano",68,10,294,"MD",37,22);
INSERT INTO Jogador VALUES(188,"Sandra Judy",0,"nauruano",45,1,30,"ME",36,25);
INSERT INTO Jogador VALUES(189,"Anthon Sophia",2,"djibutiano",22,3,179,"ED",25,31);
INSERT INTO Jogador VALUES(190,"Katherine Samantha",1,"jamaicano",48,1,45,"MCO",39,32);
INSERT INTO Jogador VALUES(191,"Roy Joe",8,"bengalês",16,14,39,"EE",24,10);
INSERT INTO Jogador VALUES(192,"Dennis Kimberly",8,"senegalês",16,6,515,"DD",37,1);
INSERT INTO Jogador VALUES(193,"Dorothy Walter",4,"letão",5,8,161,"GR",25,30);
INSERT INTO Jogador VALUES(194,"Thomas Stephen",5,"haitiano",24,4,358,"DD",33,20);
INSERT INTO Jogador VALUES(195,"Kyle Natalie",7,"nepalês",23,5,233,"MCO",22,28);
INSERT INTO Jogador VALUES(196,"Andrew Carolyn",4,"fijiano",18,4,348,"AC",31,28);
INSERT INTO Jogador VALUES(197,"Steven Shirley",1,"são-vicentino",86,3,16,"PL",17,13);
INSERT INTO Jogador VALUES(198,"Jonathan Katherine",5,"iraniano",70,3,265,"ED",21,15);
INSERT INTO Jogador VALUES(199,"Joan Deborah",7,"malinês",44,5,179,"DC",33,14);
INSERT INTO Jogador VALUES(200,"Albert Louis",7,"tanzaniano",20,5,96,"MD",36,9);
INSERT INTO Jogador VALUES(201,"Richard John",18,"holandês",83,12,1012,"ED",36,17);
INSERT INTO Jogador VALUES(202,"Christian Jose",3,"tajique",29,2,94,"DE",38,2);
INSERT INTO Jogador VALUES(203,"Jeremy Bruce",0,"butanês",24,7,45,"EE",20,9);
INSERT INTO Jogador VALUES(204,"Teresa Natalie",7,"guatemalteco",16,6,387,"MD",28,8);
INSERT INTO Jogador VALUES(205,"Barbara Victoria",0,"zambiano",42,0,0,"AC",30,7);
INSERT INTO Jogador VALUES(206,"Gerald Brenda",13,"marshalino",63,14,332,"MDC",22,27);
INSERT INTO Jogador VALUES(207,"Natalie Denise",7,"argelino",29,8,463,"DD",33,9);
INSERT INTO Jogador VALUES(208,"Ronald Andrea",10,"jamaicano",47,11,988,"AC",21,20);
INSERT INTO Jogador VALUES(209,"acqueline Charles",0,"tuvaluano",34,2,48,"ME",36,12);
INSERT INTO Jogador VALUES(210,"Thomas Douglas",8,"turco",94,9,135,"ME",23,7);
INSERT INTO Jogador VALUES(211,"Vincent Harold",6,"papuásio",36,8,475,"MCO",26,22);
INSERT INTO Jogador VALUES(212,"Russell Martha",15,"caboverdiano",29,14,889,"DE",21,23);
INSERT INTO Jogador VALUES(213,"Ruth Alan",4,"surinamês",73,10,634,"ME",39,11);
INSERT INTO Jogador VALUES(214,"Barbara Isabella",20,"costa-marfinense",95,13,1141,"MDC",26,4);
INSERT INTO Jogador VALUES(215,"Marie Gloria",1,"congolês",77,8,331,"ED",18,1);
INSERT INTO Jogador VALUES(216,"Tyler Bruce",5,"búlgaro",61,12,308,"DC",20,29);
INSERT INTO Jogador VALUES(217,"Diane Linda",2,"beninense",30,1,4,"ED",24,1);
INSERT INTO Jogador VALUES(218,"Marilyn Mason",1,"guianês",14,13,51,"MCO",19,19);
INSERT INTO Jogador VALUES(219,"Virginia Jessica",4,"camaronês",2,4,176,"EE",19,23);
INSERT INTO Jogador VALUES(220,"Bobby Dorothy",2,"venezuelano",88,1,41,"MDC",27,11);
INSERT INTO Jogador VALUES(221,"Julie Larry",2,"usbeque",44,14,437,"GR",39,24);
INSERT INTO Jogador VALUES(222,"Andrew Matthew",2,"macedônio",1,4,211,"DE",40,17);
INSERT INTO Jogador VALUES(223,"Megan Wayne",3,"grego",68,6,181,"DE",27,2);
INSERT INTO Jogador VALUES(224,"Timothy Jeffrey",5,"butanês",19,5,275,"AC",26,19);
INSERT INTO Jogador VALUES(225,"Nicholas Roy",8,"gabonês",57,5,311,"DD",19,18);
INSERT INTO Jogador VALUES(226,"Gerald Martha",0,"bruneano",41,0,0,"DE",26,27);
INSERT INTO Jogador VALUES(227,"Jesse Cheryl",0,"tcheco",68,7,466,"MDC",27,8);
INSERT INTO Jogador VALUES(228,"Jeffrey Anna",0,"leonês",80,4,19,"PL",29,19);
INSERT INTO Jogador VALUES(229,"Judith acqueline",3,"austríaco",68,3,183,"DE",32,32);
INSERT INTO Jogador VALUES(230,"Linda Alexander",2,"israelense",48,13,805,"GR",26,14);
INSERT INTO Jogador VALUES(231,"Kevin Billy",2,"ucraniano",19,14,931,"MDC",23,16);
INSERT INTO Jogador VALUES(232,"Alexis Mason",0,"guineano",51,5,415,"DC",40,26);
INSERT INTO Jogador VALUES(233,"Adam Angela",3,"georgiano",56,4,10,"GR",24,9);
INSERT INTO Jogador VALUES(234,"Juan Linda",1,"seichelense",24,8,34,"GR",39,18);
INSERT INTO Jogador VALUES(235,"Peter Melissa",1,"malai",9,3,21,"EE",38,10);
INSERT INTO Jogador VALUES(236,"Christopher Jeremy",11,"somali",35,11,855,"MCO",36,32);
INSERT INTO Jogador VALUES(237,"Gerald Louis",4,"alemmão",58,9,770,"MC",32,32);
INSERT INTO Jogador VALUES(238,"William Brian",11,"ganês",72,8,666,"AC",24,1);
INSERT INTO Jogador VALUES(239,"Sophia Julie",12,"bósnio",15,9,495,"DD",29,12);
INSERT INTO Jogador VALUES(240,"Paul Michelle",3,"fijiano",7,6,360,"MCO",36,9);
INSERT INTO Jogador VALUES(241,"Virginia Arthur",3,"gabonês",82,8,705,"ME",32,4);
INSERT INTO Jogador VALUES(242,"Susan Judy",12,"malauiano",27,10,112,"ME",17,8);
INSERT INTO Jogador VALUES(243,"Victoria Karen",1,"suéco",75,3,37,"MC",23,3);
INSERT INTO Jogador VALUES(244,"Christopher Jack",1,"bósnio",10,4,298,"MC",40,14);
INSERT INTO Jogador VALUES(245,"Gloria Douglas",9,"omani",49,12,561,"DE",31,13);
INSERT INTO Jogador VALUES(246,"Martha Scott",2,"papuásio",84,6,246,"MDC",39,30);
INSERT INTO Jogador VALUES(247,"Sara Madison",2,"espanhol",20,14,704,"GR",32,8);
INSERT INTO Jogador VALUES(248,"Kathryn Alexander",1,"suéco",45,1,3,"ME",30,13);
INSERT INTO Jogador VALUES(249,"Susan George",3,"tunisiano",57,3,209,"DC",37,15);
INSERT INTO Jogador VALUES(250,"Kayla Joan",4,"afegão",6,10,50,"DE",18,22);
INSERT INTO Jogador VALUES(251,"Evelyn Rachel",2,"panamenho",82,3,10,"DC",18,12);
INSERT INTO Jogador VALUES(252,"Susan Jeffrey",1,"islandês",66,13,1021,"ME",34,32);
INSERT INTO Jogador VALUES(253,"Peter Jordan",16,"usbeque",55,14,468,"MDC",33,5);
INSERT INTO Jogador VALUES(254,"Ethan Isabella",5,"islandês",69,14,201,"AC",18,21);
INSERT INTO Jogador VALUES(255,"Albert Emma",10,"guineense",11,8,347,"GR",24,29);
INSERT INTO Jogador VALUES(256,"Kimberly Dylan",0,"são-cristovense",82,10,634,"EE",31,30);
INSERT INTO Jogador VALUES(257,"Eric Russell",4,"singapuriano",82,13,361,"DD",23,22);
INSERT INTO Jogador VALUES(258,"Cynthia Billy",0,"nicaraguense",65,0,0,"GR",27,5);
INSERT INTO Jogador VALUES(259,"Victoria Madison",7,"uruguaio",36,10,407,"DC",26,20);
INSERT INTO Jogador VALUES(260,"Ryan Matthew",3,"malinês",46,4,140,"PL",19,26);
INSERT INTO Jogador VALUES(261,"Deborah Brenda",10,"afegão",40,14,606,"DC",38,19);
INSERT INTO Jogador VALUES(262,"Ruth Anna",16,"holandês",89,12,755,"MD",37,21);
INSERT INTO Jogador VALUES(263,"Nathan Matthew",17,"sul-coreano",59,14,1103,"ME",36,3);
INSERT INTO Jogador VALUES(264,"Roy Jeffrey",2,"marroquino",78,9,286,"AC",20,3);
INSERT INTO Jogador VALUES(265,"David Stephanie",0,"costa-marfinense",33,10,343,"MD",21,1);
INSERT INTO Jogador VALUES(266,"Noah Keith",13,"iemenita",64,12,177,"ED",17,13);
INSERT INTO Jogador VALUES(267,"Nathan Katherine",5,"luxemburguês",45,3,204,"AC",30,3);
INSERT INTO Jogador VALUES(268,"Albert Bobby",14,"peruano",91,14,975,"ME",24,14);
INSERT INTO Jogador VALUES(269,"Julia Timothy",6,"filipino",61,6,123,"AC",26,17);
INSERT INTO Jogador VALUES(270,"Edward Gregory",3,"cubano",57,10,434,"MD",18,15);
INSERT INTO Jogador VALUES(271,"Robert Terry",3,"guatemalteco",17,11,573,"ED",23,20);
INSERT INTO Jogador VALUES(272,"Brittany Natalie",9,"samoano",86,11,656,"ED",33,7);
INSERT INTO Jogador VALUES(273,"Edward William",0,"indonésio",58,3,173,"ME",30,4);
INSERT INTO Jogador VALUES(274,"Helen Tyler",3,"liberiano",84,4,132,"ED",21,18);
INSERT INTO Jogador VALUES(275,"Charlotte Abigail",8,"malgaxe",3,5,217,"MD",25,2);
INSERT INTO Jogador VALUES(276,"Stephen Andrea",1,"cingalês",1,2,103,"DD",22,11);
INSERT INTO Jogador VALUES(277,"Harold Abigail",19,"bechuano",41,14,1069,"MCO",17,30);
INSERT INTO Jogador VALUES(278,"Doris Arthur",17,"russo",12,14,623,"ED",26,26);
INSERT INTO Jogador VALUES(279,"Amber Lori",0,"marroquino",69,3,118,"GR",32,2);
INSERT INTO Jogador VALUES(280,"Patricia Lawrence",8,"burundinês",70,7,449,"PL",17,11);
INSERT INTO Jogador VALUES(281,"Joan Denise",6,"palauano",61,4,200,"ME",17,11);
INSERT INTO Jogador VALUES(282,"Ann Andrea",3,"cambojano",41,2,15,"DD",37,2);
INSERT INTO Jogador VALUES(283,"Michael Megan",6,"iraniano",15,4,55,"MDC",25,32);
INSERT INTO Jogador VALUES(284,"Jose Austin",18,"islandês",30,12,826,"AC",39,31);
INSERT INTO Jogador VALUES(285,"Theresa Louis",11,"liberiano",33,7,55,"DD",26,8);
INSERT INTO Jogador VALUES(286,"Lisa Gloria",4,"santa-luciense",74,5,10,"ED",36,17);
INSERT INTO Jogador VALUES(287,"Willie Amy",2,"polaco",3,1,76,"EE",17,22);
INSERT INTO Jogador VALUES(288,"Kathleen Christine",5,"senegalês",13,13,903,"DC",31,30);
INSERT INTO Jogador VALUES(289,"Bobby Lauren",1,"vanuatuense",5,14,724,"MC",29,31);
INSERT INTO Jogador VALUES(290,"Jesse Joan",17,"etíope",21,12,686,"ME",26,24);
INSERT INTO Jogador VALUES(291,"Gary Joshua",17,"costa-marfinense",29,11,107,"MD",30,31);
INSERT INTO Jogador VALUES(292,"Jack Austin",7,"sudanês",26,14,1168,"EE",17,24);
INSERT INTO Jogador VALUES(293,"Donald Martha",5,"guianês",84,7,597,"EE",24,12);
INSERT INTO Jogador VALUES(294,"Judith Paul",14,"eslovaco",65,9,330,"ME",29,7);
INSERT INTO Jogador VALUES(295,"Lori Jacob",5,"catariano",44,4,14,"ED",33,1);
INSERT INTO Jogador VALUES(296,"Jordan Frank",5,"burquinense",92,4,235,"MC",38,8);
INSERT INTO Jogador VALUES(297,"Bruce Aaron",3,"andorrano",73,5,440,"MC",38,4);
INSERT INTO Jogador VALUES(298,"Andrea Michelle",0,"sul-coreano",47,1,43,"ED",17,9);
INSERT INTO Jogador VALUES(299,"George Larry",9,"americano",50,10,877,"ED",37,14);
INSERT INTO Jogador VALUES(300,"Matthew Terry",2,"lesoto",37,9,236,"MCO",18,17);
INSERT INTO Jogador VALUES(301,"Megan Janice",0,"francês",99,0,0,"MDC",20,31);
INSERT INTO Jogador VALUES(302,"Christina James",4,"mauritano",19,11,939,"AC",28,2);
INSERT INTO Jogador VALUES(303,"Matthew Ralph",0,"suéco",90,2,56,"MDC",31,20);
INSERT INTO Jogador VALUES(304,"Aaron Amy",1,"saudito",29,5,223,"EE",21,9);
INSERT INTO Jogador VALUES(305,"Lisa Frances",9,"polaco",37,11,854,"DC",31,20);
INSERT INTO Jogador VALUES(306,"Kathleen Marie",3,"vietnamita",2,2,6,"DE",35,13);
INSERT INTO Jogador VALUES(307,"Margaret Frank",1,"sudanês",64,5,443,"AC",39,2);
INSERT INTO Jogador VALUES(308,"Lauren Kayla",5,"tuvaluano",1,4,121,"GR",23,12);
INSERT INTO Jogador VALUES(309,"Sophia Amber",3,"camaronês",18,6,406,"MC",18,16);
INSERT INTO Jogador VALUES(310,"Lori Julia",3,"gambiano",49,7,419,"GR",28,23);
INSERT INTO Jogador VALUES(311,"Madison Donna",3,"cingalês",52,13,493,"GR",23,6);
INSERT INTO Jogador VALUES(312,"Roger Lauren",3,"suéco",37,6,445,"DC",19,32);
INSERT INTO Jogador VALUES(313,"Victoria Rachel",5,"argelino",54,3,154,"MD",32,1);
INSERT INTO Jogador VALUES(314,"Joyce Kayla",8,"lesoto",15,8,94,"ED",25,23);
INSERT INTO Jogador VALUES(315,"John Henry",1,"camaronês",70,10,828,"DC",27,4);
INSERT INTO Jogador VALUES(316,"Douglas Kevin",7,"mexicano",40,5,277,"AC",40,17);
INSERT INTO Jogador VALUES(317,"Bruce Christine",3,"quiribatiano",37,12,266,"MD",40,9);
INSERT INTO Jogador VALUES(318,"Henry Sophia",3,"moçambicano",39,6,281,"DD",23,11);
INSERT INTO Jogador VALUES(319,"Virginia David",18,"japonês",5,13,198,"MDC",32,24);
INSERT INTO Jogador VALUES(320,"Rachel Andrea",3,"omani",96,4,95,"AC",29,23);
INSERT INTO Jogador VALUES(321,"Gary Walter",15,"butanês",61,11,354,"MCO",26,1);
INSERT INTO Jogador VALUES(322,"Zachary Ann",0,"moçambicano",97,9,335,"MCO",28,9);
INSERT INTO Jogador VALUES(323,"Jacob Catherine",11,"cipriota",61,11,569,"DC",24,5);
INSERT INTO Jogador VALUES(324,"Lawrence Judy",4,"egípcio",17,4,212,"MCO",22,29);
INSERT INTO Jogador VALUES(325,"Vincent Virginia",7,"zambiano",71,6,26,"DC",31,10);
INSERT INTO Jogador VALUES(326,"Kelly Timothy",3,"cambojano",66,3,191,"ED",33,16);
INSERT INTO Jogador VALUES(327,"Martha James",4,"trinitino",18,3,98,"AC",27,27);
INSERT INTO Jogador VALUES(328,"Amy Stephen",16,"canadense",3,13,608,"ED",27,17);
INSERT INTO Jogador VALUES(329,"Jennifer Keith",7,"tanzaniano",64,10,293,"DD",39,15);
INSERT INTO Jogador VALUES(330,"Charles Gerald",3,"azerbaijano",69,12,341,"DE",32,25);
INSERT INTO Jogador VALUES(331,"Justin Jose",6,"djibutiano",70,12,904,"EE",29,21);
INSERT INTO Jogador VALUES(332,"Helen Alice",0,"chileno",82,1,30,"DE",38,10);
INSERT INTO Jogador VALUES(333,"Jacob Walter",18,"ganês",52,12,422,"MC",23,24);
INSERT INTO Jogador VALUES(334,"Betty acqueline",1,"sudanês",89,5,299,"MD",34,30);
INSERT INTO Jogador VALUES(335,"Marie Marilyn",0,"surinamês",20,0,0,"ME",28,1);
INSERT INTO Jogador VALUES(336,"Evelyn Diana",0,"montenegrino",6,0,0,"DC",40,13);
INSERT INTO Jogador VALUES(337,"Samantha Nancy",8,"irlandês",41,5,408,"DD",36,5);
INSERT INTO Jogador VALUES(338,"Vincent Olivia",6,"dominicano",1,10,624,"ED",32,22);
INSERT INTO Jogador VALUES(339,"Benjamin John",0,"espanhol",47,3,123,"ED",36,31);
INSERT INTO Jogador VALUES(340,"Ryan Mary",10,"estoniano",8,14,758,"DE",17,17);
INSERT INTO Jogador VALUES(341,"Shirley Philip",4,"espanhol",44,4,214,"EE",40,18);
INSERT INTO Jogador VALUES(342,"Jennifer Dennis",5,"sudanês",69,12,629,"EE",33,5);
INSERT INTO Jogador VALUES(343,"Gary Susan",3,"marroquino",38,2,167,"MC",21,9);
INSERT INTO Jogador VALUES(344,"Charles Madison",0,"salvadorenho",71,3,251,"DC",39,9);
INSERT INTO Jogador VALUES(345,"Kelly Dennis",11,"palauano",80,8,332,"EE",31,25);
INSERT INTO Jogador VALUES(346,"Lori Kathleen",0,"macedônio",33,9,297,"MCO",22,4);
INSERT INTO Jogador VALUES(347,"Jacob Roger",11,"quirguiz",71,11,462,"MD",26,25);
INSERT INTO Jogador VALUES(348,"Heather Diane",0,"monegasco",76,0,0,"DE",39,20);
INSERT INTO Jogador VALUES(349,"Eric Evelyn",5,"quirguiz",84,12,496,"ME",24,15);
INSERT INTO Jogador VALUES(350,"Patricia Marilyn",8,"paquistanês",98,9,32,"DD",20,23);
INSERT INTO Jogador VALUES(351,"Russell Alice",0,"suíço",14,8,294,"MC",31,20);
INSERT INTO Jogador VALUES(352,"George Rachel",2,"equatoriano",9,10,345,"ED",39,10);
INSERT INTO Jogador VALUES(353,"Joshua Nicole",11,"djibutiano",96,7,457,"DD",32,29);
INSERT INTO Jogador VALUES(354,"Joseph Joyce",0,"malauiano",94,6,280,"AC",20,31);
INSERT INTO Jogador VALUES(355,"Bobby George",10,"quiribatiano",51,14,804,"MD",34,32);
INSERT INTO Jogador VALUES(356,"Christopher Carl",14,"suazi",42,9,571,"PL",28,3);
INSERT INTO Jogador VALUES(357,"Victoria Heather",11,"barbadiano",98,7,508,"DD",27,25);
INSERT INTO Jogador VALUES(358,"Keith Larry",3,"antiguano",79,3,127,"DE",34,11);
INSERT INTO Jogador VALUES(359,"Anna Teresa",1,"americano",93,1,17,"PL",29,23);
INSERT INTO Jogador VALUES(360,"Megan Christian",0,"liberiano",33,0,0,"PL",25,9);
INSERT INTO Jogador VALUES(361,"Grace Judy",4,"sírio",12,3,93,"MCO",25,25);
INSERT INTO Jogador VALUES(362,"Elizabeth Bobby",4,"egípcio",40,8,287,"MCO",28,6);
INSERT INTO Jogador VALUES(363,"Vincent Judy",1,"bruneano",80,3,176,"MCO",27,12);
INSERT INTO Jogador VALUES(364,"Victoria Wayne",8,"nigerino",35,11,897,"PL",23,1);
INSERT INTO Jogador VALUES(365,"Susan Brenda",14,"cubano",72,10,590,"ED",39,31);
INSERT INTO Jogador VALUES(366,"Keith Louis",3,"equatoriano",34,6,319,"GR",17,2);
INSERT INTO Jogador VALUES(367,"Kevin Amy",6,"turcomeno",55,13,644,"DC",24,30);
INSERT INTO Jogador VALUES(368,"Richard acqueline",0,"alemmão",9,0,0,"EE",30,5);
INSERT INTO Jogador VALUES(369,"Emma Douglas",9,"venezuelano",83,8,191,"PL",33,5);
INSERT INTO Jogador VALUES(370,"Deborah Gerald",4,"burquinense",76,12,428,"MC",39,16);
INSERT INTO Jogador VALUES(371,"Thomas Gloria",4,"senegalês",80,13,762,"DC",20,30);
INSERT INTO Jogador VALUES(372,"Carl Roy",20,"lituano",24,13,280,"PL",39,10);
INSERT INTO Jogador VALUES(373,"Denise Sarah",11,"usbeque",24,11,231,"MDC",20,32);
INSERT INTO Jogador VALUES(374,"Jennifer Billy",3,"angolano",21,2,139,"PL",21,9);
INSERT INTO Jogador VALUES(375,"Ashley Jack",2,"seichelense",33,2,106,"MD",33,13);
INSERT INTO Jogador VALUES(376,"Robert Isabella",9,"djibutiano",14,12,18,"MD",24,12);
INSERT INTO Jogador VALUES(377,"Patrick Edward",0,"togonês",81,2,143,"MC",38,14);
INSERT INTO Jogador VALUES(378,"Kayla George",5,"guineano",97,3,247,"MCO",27,8);
INSERT INTO Jogador VALUES(379,"Rachel Gerald",0,"congolês",71,0,0,"MC",27,7);
INSERT INTO Jogador VALUES(380,"Carl Amy",3,"samoano",76,3,194,"MCO",34,21);
INSERT INTO Jogador VALUES(381,"Thomas Janet",11,"mexicano",50,7,207,"AC",26,19);
INSERT INTO Jogador VALUES(382,"Carol Willie",1,"malgaxe",57,6,15,"EE",17,28);
INSERT INTO Jogador VALUES(383,"Rachel Jesse",15,"micronésio",34,11,948,"ME",36,16);
INSERT INTO Jogador VALUES(384,"Pamela Dennis",2,"angolano",38,4,214,"MD",25,18);
INSERT INTO Jogador VALUES(385,"Betty Kenneth",2,"panamenho",97,10,297,"ED",23,11);
INSERT INTO Jogador VALUES(386,"Wayne Jennifer",11,"americano",62,14,1081,"MCO",40,4);
INSERT INTO Jogador VALUES(387,"Steven Robert",3,"húngaro",44,2,26,"GR",27,15);
INSERT INTO Jogador VALUES(388,"Nancy Patricia",0,"neozelandês",19,8,689,"GR",23,1);
INSERT INTO Jogador VALUES(389,"Louis Thomas",8,"jordaniano",86,6,371,"PL",20,18);
INSERT INTO Jogador VALUES(390,"Julie Gloria",3,"somali",73,7,301,"EE",24,5);
INSERT INTO Jogador VALUES(391,"Sophia Zachary",2,"espanhol",53,14,381,"ME",19,26);
INSERT INTO Jogador VALUES(392,"Terry Cynthia",14,"moçambicano",7,13,795,"DD",34,16);
INSERT INTO Jogador VALUES(393,"Nathan Carol",4,"nigerino",39,11,466,"DE",37,21);
INSERT INTO Jogador VALUES(394,"Charlotte Shirley",2,"português",76,4,4,"MC",17,7);
INSERT INTO Jogador VALUES(395,"Victoria Ralph",8,"gambiano",74,8,231,"MD",34,12);
INSERT INTO Jogador VALUES(396,"Elijah Edward",19,"costa-marfinense",64,13,725,"EE",36,11);
INSERT INTO Jogador VALUES(397,"Justin Kyle",0,"costa-marfinense",91,14,120,"DE",26,5);
INSERT INTO Jogador VALUES(398,"David Thomas",1,"surinamês",44,1,4,"DD",39,30);
INSERT INTO Jogador VALUES(399,"Sean Philip",0,"cubano",32,0,0,"PL",36,29);
INSERT INTO Jogador VALUES(400,"Natalie Raymond",6,"omani",94,6,40,"MDC",34,11);
INSERT INTO Jogador VALUES(401,"Adam Rachel",3,"esloveno",36,12,237,"ME",33,24);
INSERT INTO Jogador VALUES(402,"Carl Gary",0,"birmanês",28,1,13,"ME",30,23);
INSERT INTO Jogador VALUES(403,"Philip Kevin",8,"lesoto",34,6,167,"EE",36,1);
INSERT INTO Jogador VALUES(404,"Raymond Lauren",11,"malgaxe",90,10,541,"EE",23,24);
INSERT INTO Jogador VALUES(405,"Katherine Walter",2,"cazaque",45,3,160,"ME",23,6);
INSERT INTO Jogador VALUES(406,"Gerald Douglas",0,"grego",80,1,31,"PL",24,21);
INSERT INTO Jogador VALUES(407,"Juan Benjamin",1,"ganês",87,2,165,"DD",31,8);
INSERT INTO Jogador VALUES(408,"Teresa Lawrence",11,"camaronês",44,7,362,"EE",18,4);
INSERT INTO Jogador VALUES(409,"Christopher Alan",0,"líbio",93,0,0,"ED",35,17);
INSERT INTO Jogador VALUES(410,"Judith Alexander",16,"samarinês",69,11,368,"MC",36,26);
INSERT INTO Jogador VALUES(411,"Christine Betty",11,"tanzaniano",49,12,37,"MDC",21,15);
INSERT INTO Jogador VALUES(412,"Victoria Alan",19,"sérvio",38,14,417,"MDC",35,13);
INSERT INTO Jogador VALUES(413,"Joshua Roy",0,"senegalês",89,12,44,"ME",37,32);
INSERT INTO Jogador VALUES(414,"Eugene William",1,"tongalês",12,3,97,"MD",22,2);
INSERT INTO Jogador VALUES(415,"Wayne Andrew",10,"costa-marfinense",21,13,333,"AC",36,10);
INSERT INTO Jogador VALUES(416,"Benjamin Joyce",10,"beninense",62,7,142,"DE",34,32);
INSERT INTO Jogador VALUES(417,"Judith Timothy",15,"montenegrino",30,11,802,"ED",25,13);
INSERT INTO Jogador VALUES(418,"Anna Rebecca",10,"vanuatuense",62,11,661,"PL",27,2);
INSERT INTO Jogador VALUES(419,"Robert Samantha",5,"singapuriano",14,4,304,"MCO",22,11);
INSERT INTO Jogador VALUES(420,"Richard Dennis",4,"palestino",61,5,221,"ME",28,13);
INSERT INTO Jogador VALUES(421,"Gregory Olivia",6,"maldivo",83,10,17,"EE",25,16);
INSERT INTO Jogador VALUES(422,"Ralph Jesse",3,"venezuelano",2,3,31,"MC",34,9);
INSERT INTO Jogador VALUES(423,"Julia Brenda",6,"sudanês",34,10,504,"AC",25,3);
INSERT INTO Jogador VALUES(424,"Ryan Margaret",17,"sudanês",99,11,536,"GR",32,17);
INSERT INTO Jogador VALUES(425,"Jessica Joseph",6,"trinitino",6,9,234,"MCO",23,25);
INSERT INTO Jogador VALUES(426,"Jeffrey Alice",5,"zimbabuano",89,6,449,"ME",21,29);
INSERT INTO Jogador VALUES(427,"Aaron Justin",0,"cingalês",97,0,0,"MC",37,12);
INSERT INTO Jogador VALUES(428,"Mar Amanda",12,"costarriquenho",55,13,981,"AC",27,5);
INSERT INTO Jogador VALUES(429,"Charlotte Abigail",6,"guinéu-equatoriano",64,11,491,"ME",26,18);
INSERT INTO Jogador VALUES(430,"Lisa Christian",6,"guinéu-equatoriano",23,5,421,"MD",40,25);
INSERT INTO Jogador VALUES(431,"Andrea Adam",12,"dominicano",92,13,1091,"PL",34,31);
INSERT INTO Jogador VALUES(432,"Alice Victoria",3,"nigeriano",44,6,188,"EE",32,1);
INSERT INTO Jogador VALUES(433,"Catherine Anthon",0,"nicaraguense",71,0,0,"EE",34,16);
INSERT INTO Jogador VALUES(434,"Frank Carl",2,"somali",52,5,234,"DD",28,27);
INSERT INTO Jogador VALUES(435,"Lori Marilyn",3,"equatoriano",72,5,103,"ME",29,10);
INSERT INTO Jogador VALUES(436,"Ruth Teresa",5,"nigeriano",13,3,169,"ED",31,6);
INSERT INTO Jogador VALUES(437,"Deborah Larry",0,"guatemalteco",98,7,102,"ED",40,13);
INSERT INTO Jogador VALUES(438,"Sandra Ronald",5,"nicaraguense",34,6,480,"MC",28,22);
INSERT INTO Jogador VALUES(439,"James William",3,"quirguiz",2,6,70,"ED",18,14);
INSERT INTO Jogador VALUES(440,"Kathleen Amanda",11,"bareinita",55,9,663,"DD",33,12);
INSERT INTO Jogador VALUES(441,"Scott David",5,"belizenho",38,5,249,"MCO",18,3);
INSERT INTO Jogador VALUES(442,"Charlotte Theresa",4,"moldávio",38,3,232,"PL",19,1);
INSERT INTO Jogador VALUES(443,"Charlotte Linda",10,"papuásio",32,10,657,"MCO",39,3);
INSERT INTO Jogador VALUES(444,"Samuel Ann",2,"luxemburguês",5,1,58,"EE",37,15);
INSERT INTO Jogador VALUES(445,"Walter Christian",1,"timorense",7,7,212,"AC",32,17);
INSERT INTO Jogador VALUES(446,"Michael Danielle",2,"moldávio",8,2,68,"DC",39,15);
INSERT INTO Jogador VALUES(447,"Keith Larry",2,"venezuelano",90,8,38,"MC",20,29);
INSERT INTO Jogador VALUES(448,"Christopher Laura",5,"bareinita",43,4,135,"MDC",20,3);
INSERT INTO Jogador VALUES(449,"Victoria Jesse",7,"guineano",78,6,109,"DD",34,19);
INSERT INTO Jogador VALUES(450,"Betty Philip",11,"neozelandês",64,7,128,"MD",22,18);
INSERT INTO Jogador VALUES(451,"Shirley Amy",4,"mexicano",67,5,24,"GR",22,24);
INSERT INTO Jogador VALUES(452,"Sandra Jonathan",3,"ganês",94,6,191,"DC",25,14);
INSERT INTO Jogador VALUES(453,"Christine Patrick",0,"moçambicano",55,3,133,"MCO",38,22);
INSERT INTO Jogador VALUES(454,"Kelly Peter",5,"grego",46,8,527,"PL",40,3);
INSERT INTO Jogador VALUES(455,"Rachel Denise",9,"costarriquenho",14,10,43,"MD",34,2);
INSERT INTO Jogador VALUES(456,"Abigail Ralph",6,"sudanês",53,12,850,"MC",40,29);
INSERT INTO Jogador VALUES(457,"Doris Ann",14,"singapuriano",97,13,184,"DC",24,13);
INSERT INTO Jogador VALUES(458,"Vincent Lisa",9,"antiguano",59,14,66,"DC",31,21);
INSERT INTO Jogador VALUES(459,"Dorothy Kelly",9,"iemenita",34,7,378,"MDC",25,1);
INSERT INTO Jogador VALUES(460,"Gerald Lisa",7,"mongol",55,8,467,"MCO",18,26);
INSERT INTO Jogador VALUES(461,"Zachary Samantha",0,"dominicano",69,7,503,"DC",33,9);
INSERT INTO Jogador VALUES(462,"Joshua Doris",6,"togonês",22,10,511,"PL",20,8);
INSERT INTO Jogador VALUES(463,"Diana Nicholas",5,"ugandense",35,6,533,"ME",22,17);
INSERT INTO Jogador VALUES(464,"Robert Albert",9,"sul-coreano",36,8,152,"PL",40,9);
INSERT INTO Jogador VALUES(465,"Keith Martha",9,"paquistanês",92,11,842,"AC",19,6);
INSERT INTO Jogador VALUES(466,"Debra Ronald",1,"húngaro",2,10,493,"ME",22,2);
INSERT INTO Jogador VALUES(467,"Maria Samantha",1,"espanhol",45,1,90,"AC",30,22);
INSERT INTO Jogador VALUES(468,"Brand Stephen",4,"salvadorenho",43,10,369,"EE",21,25);
INSERT INTO Jogador VALUES(469,"Nicholas Carol",5,"cipriota",4,9,796,"DD",23,31);
INSERT INTO Jogador VALUES(470,"Donald Roger",2,"paquistanês",24,9,577,"MDC",36,19);
INSERT INTO Jogador VALUES(471,"Grace Aaron",5,"moldávio",42,8,643,"AC",25,24);
INSERT INTO Jogador VALUES(472,"Emily Justin",10,"butanês",32,9,662,"DC",20,12);
INSERT INTO Jogador VALUES(473,"Timothy Brian",14,"norueguês",6,10,527,"PL",19,1);
INSERT INTO Jogador VALUES(474,"Kathleen Anna",0,"albanês",27,0,0,"ED",34,20);
INSERT INTO Jogador VALUES(475,"Grace Larry",2,"canadense",80,12,805,"MDC",34,5);
INSERT INTO Jogador VALUES(476,"Bobby Cheryl",12,"tcheco",63,9,477,"PL",37,23);
INSERT INTO Jogador VALUES(477,"Christine Russell",0,"islandês",27,2,75,"MCO",27,11);
INSERT INTO Jogador VALUES(478,"Joseph Gregory",8,"hondurenho",67,11,575,"ME",39,9);
INSERT INTO Jogador VALUES(479,"Brenda Mar",6,"salomônico",32,12,858,"MDC",38,4);
INSERT INTO Jogador VALUES(480,"Kayla Alexis",3,"cazaque",70,11,982,"ED",20,3);
INSERT INTO Jogador VALUES(481,"Dylan Christian",0,"nigerino",27,0,0,"DD",36,26);
INSERT INTO Jogador VALUES(482,"Eugene Denise",5,"guianês",78,10,736,"AC",22,11);
INSERT INTO Jogador VALUES(483,"Sandra Jerry",3,"palauano",41,7,438,"DC",17,26);
INSERT INTO Jogador VALUES(484,"Andrea Hannah",19,"hondurenho",21,14,277,"DE",38,1);
INSERT INTO Jogador VALUES(485,"Walter William",1,"caboverdiano",84,9,781,"GR",34,17);
INSERT INTO Jogador VALUES(486,"Mar Christina",0,"liberiano",64,6,503,"MD",37,16);
INSERT INTO Jogador VALUES(487,"Daniel George",4,"liberiano",81,14,637,"DE",19,26);
INSERT INTO Jogador VALUES(488,"Madison Jerry",9,"grego",24,7,582,"GR",21,5);
INSERT INTO Jogador VALUES(489,"Jennifer Anna",5,"georgiano",99,11,742,"EE",20,26);
INSERT INTO Jogador VALUES(490,"Kelly Olivia",2,"são-vicentino",87,1,24,"DC",34,28);
INSERT INTO Jogador VALUES(491,"Keith Terry",5,"argentino",21,3,262,"MC",21,11);
INSERT INTO Jogador VALUES(492,"Betty Frank",0,"bengalês",6,0,0,"DC",22,12);
INSERT INTO Jogador VALUES(493,"Daniel Amanda",6,"venezuelano",87,5,348,"DE",30,14);
INSERT INTO Jogador VALUES(494,"Vincent Cynthia",4,"canadense",4,5,71,"MCO",19,4);
INSERT INTO Jogador VALUES(495,"Jerry Richard",3,"italiano",31,10,783,"PL",20,23);
INSERT INTO Jogador VALUES(496,"Charles James",8,"marroquino",82,8,244,"DC",40,27);
INSERT INTO Jogador VALUES(497,"Megan Tyler",0,"timorense",90,0,0,"DD",39,31);
INSERT INTO Jogador VALUES(498,"Rebecca Alexis",0,"bareinita",99,0,0,"MD",36,17);
INSERT INTO Jogador VALUES(499,"Zachary Mar",10,"nauruano",32,8,79,"GR",35,27);
INSERT INTO Jogador VALUES(500,"Steven Sarah",8,"romeno",27,7,122,"MCO",20,27);
INSERT INTO Jogador VALUES(501,"Cheryl Sandra",5,"kuwaitiano",94,14,465,"ED",27,13);
INSERT INTO Jogador VALUES(502,"Scott Daniel",3,"usbeque",46,2,71,"MCO",17,32);
INSERT INTO Jogador VALUES(503,"Eugene Scott",1,"chadiano",41,10,99,"DC",19,27);
INSERT INTO Jogador VALUES(504,"Emily Roy",9,"marroquino",74,6,92,"ED",29,2);
INSERT INTO Jogador VALUES(505,"Harold Douglas",5,"ucraniano",92,4,134,"GR",26,5);
INSERT INTO Jogador VALUES(506,"Ruth Bobby",1,"tajique",51,4,132,"DC",36,15);
INSERT INTO Jogador VALUES(507,"Lauren Bobby",6,"cambojano",93,4,336,"PL",28,19);
INSERT INTO Jogador VALUES(508,"Charles Linda",14,"kuwaitiano",5,12,536,"DE",21,17);
INSERT INTO Jogador VALUES(509,"Betty Stephen",9,"norueguês",91,10,443,"DC",19,26);
INSERT INTO Jogador VALUES(510,"Robert Sophia",17,"eritreu",17,12,726,"AC",28,10);
INSERT INTO Jogador VALUES(511,"Terry Christian",9,"liberiano",4,12,672,"MD",32,7);
INSERT INTO Jogador VALUES(512,"Kathleen Susan",1,"tcheco",16,2,114,"DC",39,30);
INSERT INTO Jogador VALUES(513,"Justin Ronald",1,"panamenho",95,1,38,"MD",24,11);
INSERT INTO Jogador VALUES(514,"John Marie",4,"paraguaio",68,14,939,"ED",38,25);
INSERT INTO Jogador VALUES(515,"Ruth Heather",2,"togonês",11,4,117,"ED",26,21);
INSERT INTO Jogador VALUES(516,"Peter Linda",16,"caboverdiano",85,12,679,"AC",39,13);
INSERT INTO Jogador VALUES(517,"Willie Bruce",3,"samarinês",63,5,306,"MDC",40,28);
INSERT INTO Jogador VALUES(518,"Willie Andrew",13,"haitiano",26,10,242,"DD",34,9);
INSERT INTO Jogador VALUES(519,"Andrea Randy",0,"canadense",85,2,39,"GR",29,19);
INSERT INTO Jogador VALUES(520,"Jesse Henry",12,"usbeque",67,13,701,"MD",27,19);
INSERT INTO Jogador VALUES(521,"Walter Zachary",0,"holandês",61,6,24,"GR",38,9);
INSERT INTO Jogador VALUES(522,"Ethan Elijah",5,"indiano",94,9,94,"MD",26,13);
INSERT INTO Jogador VALUES(523,"Betty Steven",4,"congolês",74,8,64,"MDC",17,23);
INSERT INTO Jogador VALUES(524,"Jeremy Kelly",3,"barbadiano",39,6,57,"PL",29,31);
INSERT INTO Jogador VALUES(525,"Michelle Amber",3,"kuwaitiano",1,4,98,"MDC",31,9);
INSERT INTO Jogador VALUES(526,"Joan Jennifer",7,"indonésio",80,9,609,"DD",19,18);
INSERT INTO Jogador VALUES(527,"Carol Jessica",8,"francês",8,7,223,"DD",38,6);
INSERT INTO Jogador VALUES(528,"Jason Aaron",3,"tajique",13,2,102,"ME",34,14);
INSERT INTO Jogador VALUES(529,"Austin Sean",1,"maltês",33,2,107,"GR",24,14);
INSERT INTO Jogador VALUES(530,"Denise Natalie",3,"filipino",77,2,163,"AC",31,29);
INSERT INTO Jogador VALUES(531,"Kyle Dennis",9,"polaco",83,14,1164,"GR",22,24);
INSERT INTO Jogador VALUES(532,"Dorothy David",0,"nigeriano",23,0,0,"MCO",30,13);
INSERT INTO Jogador VALUES(533,"Ashley Virginia",4,"norte-coreano",38,3,108,"MD",31,27);
INSERT INTO Jogador VALUES(534,"Bruce Virginia",10,"bruneano",21,13,881,"EE",24,3);
INSERT INTO Jogador VALUES(535,"Logan Danielle",0,"sul-coreano",80,2,120,"MC",39,13);
INSERT INTO Jogador VALUES(536,"Abigail Charles",0,"liberiano",6,6,424,"DD",35,22);
INSERT INTO Jogador VALUES(537,"Juan Robert",2,"dominicano",32,1,10,"DC",21,6);
INSERT INTO Jogador VALUES(538,"Justin Justin",20,"panamenho",35,13,826,"DD",30,1);
INSERT INTO Jogador VALUES(539,"Michael Jason",17,"guinéu-equatoriano",40,14,1232,"MD",17,15);
INSERT INTO Jogador VALUES(540,"Ethan Judy",13,"beninense",50,9,687,"PL",23,8);
INSERT INTO Jogador VALUES(541,"acqueline Thomas",8,"iraquiano",14,6,87,"MCO",30,11);
INSERT INTO Jogador VALUES(542,"Jerry Matthew",11,"leonês",64,7,482,"ED",32,25);
INSERT INTO Jogador VALUES(543,"James Joan",6,"azerbaijano",46,10,787,"MDC",22,4);
INSERT INTO Jogador VALUES(544,"Abigail Julie",10,"colombiano",22,12,1006,"ME",36,30);
INSERT INTO EstatisticasJogador VALUES(4,1,59,0,1,0,3,16);
INSERT INTO EstatisticasJogador VALUES(5,4,145,13,0,0,4,17);
INSERT INTO EstatisticasJogador VALUES(5,1,138,6,2,0,2,8);
INSERT INTO EstatisticasJogador VALUES(2,3,98,1,0,0,2,15);
INSERT INTO EstatisticasJogador VALUES(4,0,81,25,0,0,5,20);
INSERT INTO EstatisticasJogador VALUES(5,2,21,23,1,1,4,6);
INSERT INTO EstatisticasJogador VALUES(2,4,42,19,0,1,2,18);
INSERT INTO EstatisticasJogador VALUES(2,5,43,14,2,1,1,13);
INSERT INTO EstatisticasJogador VALUES(0,2,114,13,1,0,3,5);
INSERT INTO EstatisticasJogador VALUES(2,5,141,31,2,1,5,13);
INSERT INTO EstatisticasJogador VALUES(2,3,1,16,1,1,0,11);
INSERT INTO EstatisticasJogador VALUES(4,2,122,30,0,1,1,1);
INSERT INTO EstatisticasJogador VALUES(3,5,117,11,1,0,4,5);
INSERT INTO EstatisticasJogador VALUES(1,5,117,25,0,1,6,9);
INSERT INTO EstatisticasJogador VALUES(3,2,48,34,1,1,0,5);
INSERT INTO EstatisticasJogador VALUES(3,4,48,3,0,1,1,4);
INSERT INTO EstatisticasJogador VALUES(3,3,31,34,1,1,6,13);
INSERT INTO EstatisticasJogador VALUES(3,4,45,30,2,0,0,2);
INSERT INTO EstatisticasJogador VALUES(3,4,131,39,1,1,0,19);
INSERT INTO EstatisticasJogador VALUES(2,0,129,23,1,0,3,15);
INSERT INTO EstatisticasJogador VALUES(4,0,31,19,0,0,3,5);
INSERT INTO EstatisticasJogador VALUES(5,0,4,12,2,1,5,10);
INSERT INTO EstatisticasJogador VALUES(5,0,138,18,0,1,4,0);
INSERT INTO EstatisticasJogador VALUES(1,5,61,40,1,0,1,8);
INSERT INTO EstatisticasJogador VALUES(4,1,6,4,2,1,3,10);
INSERT INTO EstatisticasJogador VALUES(4,5,42,17,2,1,6,4);
INSERT INTO EstatisticasJogador VALUES(5,3,117,25,0,1,5,19);
INSERT INTO EstatisticasJogador VALUES(0,5,73,21,0,1,4,11);
INSERT INTO EstatisticasJogador VALUES(1,3,140,2,0,0,3,18);
INSERT INTO EstatisticasJogador VALUES(1,0,142,23,1,1,0,7);
INSERT INTO EstatisticasJogador VALUES(2,0,3,15,1,0,5,12);
INSERT INTO EstatisticasJogador VALUES(4,1,133,31,1,1,0,11);
INSERT INTO EstatisticasJogador VALUES(5,4,85,14,0,0,0,6);
INSERT INTO EstatisticasJogador VALUES(1,0,107,24,2,0,3,11);
INSERT INTO EstatisticasJogador VALUES(2,5,110,30,1,0,3,0);
INSERT INTO EstatisticasJogador VALUES(2,1,38,0,0,0,2,19);
INSERT INTO EstatisticasJogador VALUES(1,3,147,32,1,0,6,12);
INSERT INTO EstatisticasJogador VALUES(5,3,118,3,0,0,0,13);
INSERT INTO EstatisticasJogador VALUES(3,5,131,6,1,1,6,8);
INSERT INTO EstatisticasJogador VALUES(2,4,68,16,1,1,1,14);
INSERT INTO Arbitro VALUES(1,"Helen Helen",41,4);
INSERT INTO Arbitro VALUES(2,"Grace Grace",61,7);
INSERT INTO Arbitro VALUES(3,"Logan Logan",63,5);
INSERT INTO Arbitro VALUES(4,"Gloria Gloria",42,5);
INSERT INTO Arbitro VALUES(5,"Thomas Thomas",46,3);
INSERT INTO Arbitro VALUES(6,"Christine Christine",79,6);
INSERT INTO Arbitro VALUES(7,"Andrew Andrew",52,9);
INSERT INTO Arbitro VALUES(8,"Ryan Ryan",74,5);
INSERT INTO Arbitro VALUES(9,"Ruth Ruth",21,5);
INSERT INTO Arbitro VALUES(10,"Justin Justin",54,6);
INSERT INTO Arbitro VALUES(11,"Kathleen Kathleen",22,5);
INSERT INTO Arbitro VALUES(12,"Wayne Wayne",65,3);
INSERT INTO Arbitro VALUES(13,"Christine Christine",38,4);
INSERT INTO Arbitro VALUES(14,"Sandra Sandra",75,4);
INSERT INTO Arbitro VALUES(15,"Jeffrey Jeffrey",81,9);
INSERT INTO Arbitro VALUES(16,"Shirley Shirley",48,3);
INSERT INTO Arbitro VALUES(17,"Lauren Lauren",80,6);
INSERT INTO Arbitro VALUES(18,"Diana Diana",50,2);
INSERT INTO Arbitro VALUES(19,"Daniel Daniel",69,1);
INSERT INTO Arbitro VALUES(20,"Mar Mar",24,9);
INSERT INTO Arbitro VALUES(21,"Cynthia Cynthia",45,4);
INSERT INTO Arbitro VALUES(22,"Kevin Kevin",41,8);
INSERT INTO Arbitro VALUES(23,"Peter Peter",50,4);
INSERT INTO Arbitro VALUES(24,"Pamela Pamela",62,3);
INSERT INTO Arbitro VALUES(25,"Samuel Samuel",39,4);
INSERT INTO Arbitro VALUES(26,"Dorothy Dorothy",56,2);
INSERT INTO Arbitro VALUES(27,"David David",31,5);
INSERT INTO Arbitro VALUES(28,"Pamela Pamela",72,5);
INSERT INTO Arbitro VALUES(29,"Hannah Hannah",81,3);
INSERT INTO Arbitro VALUES(30,"Vincent Vincent",71,1);
INSERT INTO Arbitro VALUES(31,"David David",41,2);
INSERT INTO Arbitro VALUES(32,"Joshua Joshua",63,6);
INSERT INTO Arbitro VALUES(33,"Barbara Barbara",79,6);
INSERT INTO Arbitro VALUES(34,"Joan Joan",78,3);
INSERT INTO Arbitro VALUES(35,"Willie Willie",49,7);
INSERT INTO Arbitro VALUES(36,"Virginia Virginia",84,2);
INSERT INTO Arbitro VALUES(37,"Louis Louis",35,8);
INSERT INTO Arbitro VALUES(38,"Michael Michael",55,1);
INSERT INTO Arbitro VALUES(39,"Sandra Sandra",44,5);
INSERT INTO Arbitro VALUES(40,"Lauren Lauren",50,2);
INSERT INTO Estadio VALUES(1,"Presidente Juan Domingo Perón",52792,1938);
INSERT INTO Estadio VALUES(2,"Libertadores de América",57976,1934);
INSERT INTO Estadio VALUES(3,"Nemesio Camacho El Campín",28441,1953);
INSERT INTO Estadio VALUES(4,"Nacional Julio Martínez Prádanos",54122,1907);
INSERT INTO Estadio VALUES(5,"Gran Parque Central",52331,1934);
INSERT INTO Estadio VALUES(6,"Sudamericano Félix Capriles",53148,1947);
INSERT INTO Estadio VALUES(7,"Estadio George Capwell",29471,1945);
INSERT INTO Estadio VALUES(8,"Estadio Alberto Gallardo",53362,1907);
INSERT INTO Estadio VALUES(9,"Estadio Olímpico Atahualpa",25586,1955);
INSERT INTO Jogo VALUES(1,"Fase-de-grupos","25/1/2021",24,14,39,1,11,12,76,24,10,5,11,4,786,15,1,5,7,10);
INSERT INTO Jogo VALUES(2,"Pre-eliminatorias","12/7/2022",15,17,1,4,10,6,28,72,3,2,5,10,398,634,3,5,0,1);
INSERT INTO Jogo VALUES(3,"Oitavos-de-final","2/2/2022",30,11,10,8,11,7,48,52,2,3,9,7,282,32,6,4,10,10);
INSERT INTO Jogo VALUES(4,"Semi-final","3/8/2022",6,19,38,1,7,12,65,35,6,9,5,5,147,537,6,5,8,4);
INSERT INTO Jogo VALUES(5,"Quartos-de-final","6/4/2022",12,20,31,1,4,14,25,75,10,9,9,11,144,106,4,6,2,10);
INSERT INTO Jogo VALUES(6,"Fase-de-grupos","5/3/2022",25,29,2,2,15,12,100,0,6,4,4,11,489,768,1,2,9,9);
INSERT INTO Jogo VALUES(7,"Fase-de-grupos","17/7/2021",2,20,24,1,12,10,31,69,0,6,1,1,767,290,6,3,10,6);
INSERT INTO Jogo VALUES(8,"Oitavos-de-final","11/12/2021",9,18,22,8,15,14,46,54,4,5,3,0,697,410,6,7,4,5);
INSERT INTO Jogo VALUES(9,"Pre-eliminatorias","18/3/2021",19,25,2,7,1,14,86,14,2,1,12,5,584,12,6,3,4,10);
INSERT INTO Jogo VALUES(10,"Final","2/3/2022",23,28,15,6,12,6,89,11,5,0,13,9,776,160,5,4,3,6);
INSERT INTO Jogo VALUES(11,"Oitavos-de-final","2/10/2021",7,32,22,4,1,6,89,11,7,10,0,1,138,725,2,2,1,1);
INSERT INTO Jogo VALUES(12,"Oitavos-de-final","1/8/2022",1,5,5,3,2,8,45,55,0,6,6,2,636,600,3,7,8,9);
INSERT INTO Jogo VALUES(13,"Pre-eliminatorias","12/9/2022",10,21,41,5,5,1,56,44,5,0,14,13,323,416,1,7,2,4);
INSERT INTO Jogo VALUES(14,"Semi-final","5/9/2022",1,19,13,4,3,3,84,16,0,7,13,3,13,752,1,6,5,6);
INSERT INTO Jogo VALUES(15,"Final","18/3/2021",26,12,31,1,11,0,26,74,1,0,2,11,49,43,3,7,4,5);
INSERT INTO Jogo VALUES(16,"Oitavos-de-final","2/5/2022",29,17,33,3,14,13,63,37,10,0,4,9,243,625,5,5,8,9);
INSERT INTO Jogo VALUES(17,"Quartos-de-final","26/9/2022",28,10,5,7,1,9,45,55,2,8,1,15,650,695,4,4,2,0);
INSERT INTO Jogo VALUES(18,"Oitavos-de-final","18/7/2021",7,22,36,5,15,15,91,9,0,5,13,1,546,76,2,4,7,2);
INSERT INTO Jogo VALUES(19,"Pre-eliminatorias","13/8/2022",31,27,11,4,6,0,47,53,6,4,11,6,22,208,5,5,10,0);
INSERT INTO Jogo VALUES(20,"Semi-final","19/6/2022",5,16,8,8,15,13,74,26,4,5,10,1,361,631,2,5,4,9);
INSERT INTO Jogo VALUES(21,"Semi-final","19/3/2021",31,1,28,2,0,3,20,80,2,0,2,11,170,292,1,5,1,8);
INSERT INTO Jogo VALUES(22,"Quartos-de-final","7/11/2021",8,14,27,8,3,0,35,65,5,2,8,4,355,687,5,5,2,1);
INSERT INTO Jogo VALUES(23,"Final","28/8/2021",18,5,7,7,7,3,48,52,7,6,0,13,106,193,1,1,4,2);
INSERT INTO Jogo VALUES(24,"Pre-eliminatorias","7/12/2022",17,9,6,5,6,4,69,31,1,8,13,0,391,136,1,5,3,10);
INSERT INTO Jogo VALUES(25,"Oitavos-de-final","11/3/2022",20,19,35,7,7,8,83,17,1,6,10,5,60,718,1,4,8,4);
INSERT INTO Jogo VALUES(26,"Oitavos-de-final","24/11/2021",19,25,7,5,11,13,21,79,3,2,0,3,365,794,3,6,0,6);
INSERT INTO Jogo VALUES(27,"Pre-eliminatorias","27/5/2022",22,31,30,2,2,4,22,78,4,2,0,5,236,346,7,1,7,2);
INSERT INTO Jogo VALUES(28,"Final","21/12/2022",26,24,20,6,9,4,32,68,6,8,12,4,383,730,0,5,8,4);
INSERT INTO Jogo VALUES(29,"Oitavos-de-final","3/9/2021",22,26,39,9,14,7,22,78,0,4,10,8,554,430,4,1,0,6);
INSERT INTO Jogo VALUES(30,"Fase-de-grupos","11/7/2021",16,24,20,2,5,13,70,30,8,8,1,11,137,13,5,1,9,6);
INSERT INTO Jogo VALUES(31,"Quartos-de-final","8/8/2021",1,8,41,1,4,13,38,62,1,0,9,13,288,440,7,2,6,6);
INSERT INTO Jogo VALUES(32,"Pre-eliminatorias","1/6/2021",24,7,2,6,6,10,46,54,2,8,7,13,259,74,7,6,6,2);
INSERT INTO Jogo VALUES(33,"Semi-final","16/5/2022",3,9,34,8,13,11,79,21,8,5,5,11,520,418,0,7,2,5);
INSERT INTO Jogo VALUES(34,"Quartos-de-final","28/8/2021",11,27,7,4,15,4,97,3,4,4,9,9,20,654,7,3,5,0);
INSERT INTO Jogo VALUES(35,"Final","2/10/2022",32,26,25,1,8,11,86,14,4,2,12,14,37,41,6,5,7,1);
INSERT INTO Jogo VALUES(36,"Final","22/11/2022",24,21,1,4,12,9,33,67,9,9,15,9,641,509,3,5,2,4);
INSERT INTO Jogo VALUES(37,"Pre-eliminatorias","23/11/2021",30,32,9,5,10,15,49,51,4,4,15,14,495,668,1,3,4,1);
INSERT INTO Jogo VALUES(38,"Pre-eliminatorias","8/2/2021",10,5,37,2,0,11,84,16,3,9,7,2,44,580,0,3,8,10);
INSERT INTO Jogo VALUES(39,"Final","16/5/2022",28,22,21,4,15,14,54,46,9,2,12,10,724,109,6,1,7,6);
INSERT INTO Jogo VALUES(40,"Oitavos-de-final","27/3/2021",22,4,16,7,4,14,24,76,0,9,15,4,50,794,2,6,0,10);
