INSERT INTO Jogador VALUES(1,"Brittany Alexander",6,"Peñarol",15,"bielo-russo",94,13,564,"MDC",38);

INSERT INTO Grupo VALUES("A");
INSERT INTO Grupo VALUES("B");
INSERT INTO Grupo VALUES("C");
INSERT INTO Grupo VALUES("D");
INSERT INTO Grupo VALUES("E");
INSERT INTO Grupo VALUES("F");
INSERT INTO Grupo VALUES("G");
INSERT INTO Grupo VALUES("H");
INSERT INTO Equipa VALUES(1,"Palmeiras",11,47,"A");
INSERT INTO Equipa VALUES(2,"River Plate",10,17,"A");
INSERT INTO Equipa VALUES(3,"Boca Juniors",12,9,"A");
INSERT INTO Equipa VALUES(4,"Flamengo",6,46,"A");
INSERT INTO Equipa VALUES(5,"Nacional",4,47,"B");
INSERT INTO Equipa VALUES(6,"Peñarol",5,0,"B");
INSERT INTO Equipa VALUES(7,"Atlético Mineiro",6,5,"B");
INSERT INTO Equipa VALUES(8,"Athletico Paranaense",3,38,"B");
INSERT INTO Equipa VALUES(9,"Cerro Porteño",2,50,"C");
INSERT INTO Equipa VALUES(10,"Libertad",10,34,"C");
INSERT INTO Equipa VALUES(11,"Independiente del Valle",10,2,"C");
INSERT INTO Equipa VALUES(12,"Universidad Católica",13,23,"C");
INSERT INTO Equipa VALUES(13,"Emelec",10,6,"D");
INSERT INTO Equipa VALUES(14,"Corinthians",14,9,"D");
INSERT INTO Equipa VALUES(15,"Colo-Colo",7,36,"D");
INSERT INTO Equipa VALUES(16,"Vélez Sarsfield",12,10,"D");
INSERT INTO Equipa VALUES(17,"Sporting Cristal",1,19,"E");
INSERT INTO Equipa VALUES(18,"Deportivo Cali",3,35,"E");
INSERT INTO Equipa VALUES(19,"Red Bull Bragantino",4,40,"E");
INSERT INTO Equipa VALUES(20,"Deportivo Táchira",5,1,"E");
INSERT INTO Equipa VALUES(21,"Alianza Lima",12,3,"F");
INSERT INTO Equipa VALUES(22,"Deportes Tolima",12,47,"F");
INSERT INTO Equipa VALUES(23,"Colón",13,44,"F");
INSERT INTO Equipa VALUES(24,"Caracas",10,30,"F");
INSERT INTO Equipa VALUES(25,"Always Ready",6,51,"G");
INSERT INTO Equipa VALUES(26,"Talleres",6,2,"G");
INSERT INTO Equipa VALUES(27,"Independiente Petrolero",13,30,"G");
INSERT INTO Equipa VALUES(28,"Fortaleza",14,40,"G");
INSERT INTO Equipa VALUES(29,"Olimpia",7,46,"H");
INSERT INTO Equipa VALUES(30,"Estudiantes",9,39,"H");
INSERT INTO Equipa VALUES(31,"The Strongest",3,3,"H");
INSERT INTO Equipa VALUES(32,"América Mineiro",4,42,"H");
INSERT INTO Estado VALUES("pre-eliminatorias");
INSERT INTO Estado VALUES("fase-de-grupos");
INSERT INTO Estado VALUES("oitavos-de-final");
INSERT INTO Estado VALUES("quartos-de-final");
INSERT INTO Estado VALUES("semi-final");
INSERT INTO Estado VALUES("final");
INSERT INTO EstatisticasDeJogo VALUES("pre-eliminatorias","5-1","10-11","48-52","7-10","10-3","171-188","9-2");
INSERT INTO EstatisticasDeJogo VALUES("fase-de-grupos","3-1","8-10","78-22","6-12","4-1","155-20","0-0");
INSERT INTO EstatisticasDeJogo VALUES("fase-de-grupos","0-5","6-3","63-37","7-0","15-22","47-64","0-9");
INSERT INTO EstatisticasDeJogo VALUES("oitavos-de-final","4-5","3-5","46-54","1-6","14-2","209-178","1-2");
INSERT INTO EstatisticasDeJogo VALUES("oitavos-de-final","2-1","10-9","81-19","2-0","21-13","169-171","5-7");
INSERT INTO EstatisticasDeJogo VALUES("fase-de-grupos","4-0","1-3","22-78","6-11","12-16","284-47","1-9");
INSERT INTO EstatisticasDeJogo VALUES("fase-de-grupos","5-1","4-5","65-35","3-12","17-2","218-88","13-1");
INSERT INTO EstatisticasDeJogo VALUES("quartos-de-final","2-4","2-6","67-33","2-2","1-7","98-196","0-6");
INSERT INTO EstatisticasDeJogo VALUES("quartos-de-final","3-0","4-5","81-19","1-2","1-7","14-215","1-3");
INSERT INTO EstatisticasDeJogo VALUES("final","3-1","9-6","68-32","0-9","5-1","210-182","2-0");
INSERT INTO EstatisticasDeJogo VALUES("oitavos-de-final","1-2","12-6","80-20","7-4","10-2","123-179","8-1");
INSERT INTO EstatisticasDeJogo VALUES("oitavos-de-final","2-2","9-0","48-52","0-6","23-6","287-30","17-4");
INSERT INTO EstatisticasDeJogo VALUES("quartos-de-final","3-2","9-0","61-39","7-2","16-3","19-163","12-1");
INSERT INTO EstatisticasDeJogo VALUES("pre-eliminatorias","5-5","4-8","38-62","1-5","2-17","282-205","2-13");
INSERT INTO EstatisticasDeJogo VALUES("oitavos-de-final","5-1","9-1","75-25","4-10","4-1","185-95","0-1");
INSERT INTO EstatisticasDeJogo VALUES("oitavos-de-final","5-0","7-2","12-88","7-6","10-13","106-133","9-9");
INSERT INTO EstatisticasDeJogo VALUES("final","4-5","5-3","76-24","3-2","3-7","231-26","0-3");
INSERT INTO EstatisticasDeJogo VALUES("semi-final","5-5","0-11","13-87","12-4","18-15","230-248","4-7");
INSERT INTO EstatisticasDeJogo VALUES("fase-de-grupos","0-4","12-6","86-14","3-12","16-21","92-266","15-12");
INSERT INTO EstatisticasDeJogo VALUES("pre-eliminatorias","1-3","6-11","39-61","0-5","7-21","182-88","4-10");
INSERT INTO EstatisticasDeJogo VALUES("oitavos-de-final","2-1","14-13","54-46","11-3","11-16","112-139","0-2");
INSERT INTO EstatisticasDeJogo VALUES("final","2-3","11-4","45-55","4-9","17-4","83-35","10-4");
INSERT INTO EstatisticasDeJogo VALUES("fase-de-grupos","2-5","2-10","19-81","7-12","13-23","177-77","13-16");
INSERT INTO EstatisticasDeJogo VALUES("final","2-0","6-6","51-49","7-6","8-16","292-181","6-1");
INSERT INTO EstatisticasDeJogo VALUES("quartos-de-final","1-4","12-12","20-80","1-7","18-21","139-197","6-1");
INSERT INTO EstatisticasDeJogo VALUES("final","4-3","12-3","43-57","9-9","1-17","220-294","0-1");
INSERT INTO EstatisticasDeJogo VALUES("semi-final","2-0","2-6","89-11","6-1","0-17","144-232","0-13");
INSERT INTO EstatisticasDeJogo VALUES("semi-final","1-0","1-9","17-83","9-12","11-4","180-145","9-3");
INSERT INTO EstatisticasDeJogo VALUES("final","4-3","11-14","37-63","11-7","11-13","122-8","2-13");
INSERT INTO EstatisticasDeJogo VALUES("semi-final","5-5","3-5","51-49","8-4","2-15","110-199","0-13");
INSERT INTO EstatisticasDeJogo VALUES("pre-eliminatorias","2-5","8-14","52-48","2-7","8-10","118-237","2-7");
INSERT INTO EstatisticasDeJogo VALUES("oitavos-de-final","5-2","12-8","73-27","5-5","2-14","155-148","0-7");
INSERT INTO EstatisticasDeJogo VALUES("semi-final","1-5","11-15","49-51","0-5","12-7","65-226","9-0");
INSERT INTO EstatisticasDeJogo VALUES("fase-de-grupos","1-0","15-9","54-46","5-10","19-16","36-213","7-11");
INSERT INTO EstatisticasDeJogo VALUES("pre-eliminatorias","2-5","10-12","43-57","5-0","12-4","84-117","12-0");
INSERT INTO EstatisticasDeJogo VALUES("oitavos-de-final","1-2","2-11","76-24","11-0","17-6","185-94","2-2");
INSERT INTO EstatisticasDeJogo VALUES("final","4-1","14-12","49-51","6-8","23-21","104-185","10-1");
INSERT INTO EstatisticasDeJogo VALUES("oitavos-de-final","5-3","12-7","38-62","12-3","0-19","300-255","0-2");
INSERT INTO EstatisticasDeJogo VALUES("final","5-5","14-14","39-61","1-9","3-22","89-222","3-7");
INSERT INTO EstatisticasDeJogo VALUES("oitavos-de-final","5-3","9-11","91-9","11-5","13-13","252-58","9-10");
INSERT INTO EstatisticasEquipa VALUES(7,3,13,19,5,1,3);
INSERT INTO EstatisticasEquipa VALUES(2,2,3,22,14,0,0);
INSERT INTO EstatisticasEquipa VALUES(2,1,14,0,14,0,0);
INSERT INTO EstatisticasEquipa VALUES(11,1,23,0,11,2,0);
INSERT INTO EstatisticasEquipa VALUES(17,2,30,11,5,3,5);
INSERT INTO EstatisticasEquipa VALUES(16,4,9,23,3,10,1);
INSERT INTO EstatisticasEquipa VALUES(8,4,2,5,3,9,1);
INSERT INTO EstatisticasEquipa VALUES(5,4,11,8,2,9,1);
INSERT INTO EstatisticasEquipa VALUES(4,3,15,15,8,3,2);
INSERT INTO EstatisticasEquipa VALUES(13,3,12,15,13,0,0);
INSERT INTO EstatisticasEquipa VALUES(6,4,10,16,9,3,2);
INSERT INTO EstatisticasEquipa VALUES(13,1,20,11,6,3,4);
INSERT INTO EstatisticasEquipa VALUES(4,1,25,16,6,1,4);
INSERT INTO EstatisticasEquipa VALUES(16,3,9,16,2,7,2);
INSERT INTO EstatisticasEquipa VALUES(1,4,15,2,3,10,1);
INSERT INTO EstatisticasEquipa VALUES(18,2,2,29,0,3,5);
INSERT INTO EstatisticasEquipa VALUES(13,3,3,21,10,4,0);
INSERT INTO EstatisticasEquipa VALUES(15,3,9,26,2,0,0);
INSERT INTO EstatisticasEquipa VALUES(16,2,12,18,2,7,1);
INSERT INTO EstatisticasEquipa VALUES(1,2,30,23,3,0,0);
INSERT INTO EstatisticasEquipa VALUES(9,2,21,25,4,0,7);
INSERT INTO EstatisticasEquipa VALUES(7,3,1,16,6,6,2);
INSERT INTO EstatisticasEquipa VALUES(7,1,2,18,3,9,1);
INSERT INTO EstatisticasEquipa VALUES(5,3,11,22,12,0,2);
INSERT INTO EstatisticasEquipa VALUES(2,4,20,9,10,4,0);
INSERT INTO EstatisticasEquipa VALUES(5,2,26,27,9,0,2);
INSERT INTO EstatisticasEquipa VALUES(14,1,11,18,14,0,0);
INSERT INTO EstatisticasEquipa VALUES(4,3,3,3,1,11,1);
INSERT INTO EstatisticasEquipa VALUES(11,2,28,12,1,12,0);
INSERT INTO EstatisticasEquipa VALUES(4,2,14,4,1,13,0);
INSERT INTO EstatisticasEquipa VALUES(7,4,13,1,2,0,12);
INSERT INTO EstatisticasEquipa VALUES(10,2,6,10,6,3,0);
INSERT INTO EstatisticasEquipa VALUES(10,1,7,11,6,2,2);
INSERT INTO EstatisticasEquipa VALUES(3,3,0,8,0,12,2);
INSERT INTO EstatisticasEquipa VALUES(3,2,24,30,4,9,1);
INSERT INTO EstatisticasEquipa VALUES(10,2,6,14,6,0,5);
INSERT INTO EstatisticasEquipa VALUES(11,4,3,17,9,2,1);
INSERT INTO EstatisticasEquipa VALUES(15,4,20,6,11,1,0);
INSERT INTO EstatisticasEquipa VALUES(18,3,5,20,9,0,2);
INSERT INTO EstatisticasEquipa VALUES(18,1,4,1,11,2,0);
INSERT INTO EstadoVisita VALUES("visitada");
INSERT INTO EstadoVisita VALUES("visitante");
INSERT INTO EstatisticasJogador VALUES(4,4,119,6,2,1,6,14);
INSERT INTO EstatisticasJogador VALUES(1,4,76,5,2,0,4,3);
INSERT INTO EstatisticasJogador VALUES(2,0,92,29,1,0,3,18);
INSERT INTO EstatisticasJogador VALUES(0,4,122,13,1,0,5,18);
INSERT INTO EstatisticasJogador VALUES(1,0,143,0,0,1,0,14);
INSERT INTO EstatisticasJogador VALUES(4,1,106,2,2,0,2,5);
INSERT INTO EstatisticasJogador VALUES(1,2,110,3,2,1,3,18);
INSERT INTO EstatisticasJogador VALUES(5,4,21,24,0,1,5,14);
INSERT INTO EstatisticasJogador VALUES(2,4,125,31,2,0,3,7);
INSERT INTO EstatisticasJogador VALUES(3,5,40,30,1,0,3,8);
INSERT INTO EstatisticasJogador VALUES(2,0,82,18,2,1,5,0);
INSERT INTO EstatisticasJogador VALUES(2,1,42,1,2,1,3,0);
INSERT INTO EstatisticasJogador VALUES(5,5,40,15,0,1,0,16);
INSERT INTO EstatisticasJogador VALUES(1,0,42,19,1,1,1,12);
INSERT INTO EstatisticasJogador VALUES(2,0,89,7,2,1,1,5);
INSERT INTO EstatisticasJogador VALUES(1,1,75,29,2,1,1,11);
INSERT INTO EstatisticasJogador VALUES(2,5,14,28,2,1,6,13);
INSERT INTO EstatisticasJogador VALUES(0,0,145,0,0,1,4,17);
INSERT INTO EstatisticasJogador VALUES(0,3,132,16,1,1,1,17);
INSERT INTO EstatisticasJogador VALUES(2,2,58,33,2,0,5,14);
INSERT INTO EstatisticasJogador VALUES(3,5,11,25,0,0,3,7);
INSERT INTO EstatisticasJogador VALUES(2,4,40,5,2,1,2,1);
INSERT INTO EstatisticasJogador VALUES(3,3,58,13,0,1,0,0);
INSERT INTO EstatisticasJogador VALUES(5,4,26,3,0,1,0,17);
INSERT INTO EstatisticasJogador VALUES(4,5,88,12,2,1,4,9);
INSERT INTO EstatisticasJogador VALUES(0,0,72,25,0,1,4,14);
INSERT INTO EstatisticasJogador VALUES(4,3,30,31,0,0,6,3);
INSERT INTO EstatisticasJogador VALUES(1,4,28,26,0,1,3,2);
INSERT INTO EstatisticasJogador VALUES(3,3,124,24,0,0,4,6);
INSERT INTO EstatisticasJogador VALUES(1,4,22,11,0,0,1,4);
INSERT INTO EstatisticasJogador VALUES(1,0,109,29,1,0,2,4);
INSERT INTO EstatisticasJogador VALUES(0,4,59,31,2,1,4,16);
INSERT INTO EstatisticasJogador VALUES(4,1,41,14,2,1,1,8);
INSERT INTO EstatisticasJogador VALUES(3,4,14,31,2,0,0,3);
INSERT INTO EstatisticasJogador VALUES(3,1,140,27,1,1,2,6);
INSERT INTO EstatisticasJogador VALUES(2,1,10,23,1,1,1,7);
INSERT INTO EstatisticasJogador VALUES(0,1,36,10,2,1,4,14);
INSERT INTO EstatisticasJogador VALUES(0,2,65,23,2,0,2,13);
INSERT INTO EstatisticasJogador VALUES(1,0,113,11,2,0,0,17);
INSERT INTO EstatisticasJogador VALUES(2,3,44,5,2,1,3,14);
INSERT INTO Arbitro VALUES(1,"Dorothy Gabriel",66,1);
INSERT INTO Arbitro VALUES(2,"Eric Rachel",85,8);
INSERT INTO Arbitro VALUES(3,"Helen Stephanie",28,9);
INSERT INTO Arbitro VALUES(4,"Megan Christian",66,6);
INSERT INTO Arbitro VALUES(5,"Barbara Billy",70,6);
INSERT INTO Arbitro VALUES(6,"Keith Jennifer",56,9);
INSERT INTO Arbitro VALUES(7,"Michael Lauren",56,9);
INSERT INTO Arbitro VALUES(8,"Alexis Charlotte",40,3);
INSERT INTO Arbitro VALUES(9,"Teresa Katherine",59,8);
INSERT INTO Arbitro VALUES(10,"Barbara Kevin",31,8);
INSERT INTO Arbitro VALUES(11,"Vincent Margaret",27,6);
INSERT INTO Arbitro VALUES(12,"Elizabeth Ethan",71,6);
INSERT INTO Arbitro VALUES(13,"Jason Mason",71,2);
INSERT INTO Arbitro VALUES(14,"Virginia Elizabeth",63,2);
INSERT INTO Arbitro VALUES(15,"Joyce Aaron",49,6);
INSERT INTO Arbitro VALUES(16,"Kyle Alan",28,5);
INSERT INTO Arbitro VALUES(17,"Vincent Olivia",23,7);
INSERT INTO Arbitro VALUES(18,"Joshua Harold",51,3);
INSERT INTO Arbitro VALUES(19,"Aaron Patrick",45,4);
INSERT INTO Arbitro VALUES(20,"Judith Natalie",60,6);
INSERT INTO Arbitro VALUES(21,"Andrea Stephanie",22,2);
INSERT INTO Arbitro VALUES(22,"Gabriel Stephen",48,5);
INSERT INTO Arbitro VALUES(23,"Helen Doris",18,3);
INSERT INTO Arbitro VALUES(24,"Julie Louis",58,1);
INSERT INTO Arbitro VALUES(25,"Billy Jeremy",56,3);
INSERT INTO Arbitro VALUES(26,"Ashley Abigail",52,3);
INSERT INTO Arbitro VALUES(27,"Natalie Jean",37,3);
INSERT INTO Arbitro VALUES(28,"Anna Billy",33,1);
INSERT INTO Arbitro VALUES(29,"Raymond Jeffrey",31,5);
INSERT INTO Arbitro VALUES(30,"Lauren Adam",42,6);
INSERT INTO Arbitro VALUES(31,"James Jennifer",71,2);
INSERT INTO Arbitro VALUES(32,"Bruce Christine",56,1);
INSERT INTO Arbitro VALUES(33,"Stephen Danielle",63,9);
INSERT INTO Arbitro VALUES(34,"acqueline Doris",25,4);
INSERT INTO Arbitro VALUES(35,"Jeremy Beverly",53,3);
INSERT INTO Arbitro VALUES(36,"Cynthia Kimberly",37,9);
INSERT INTO Arbitro VALUES(37,"Peter Terry",70,8);
INSERT INTO Arbitro VALUES(38,"Roy Roy",85,6);
INSERT INTO Arbitro VALUES(39,"Roger Aaron",42,8);
INSERT INTO Arbitro VALUES(40,"Amy Jonathan",77,1);
INSERT INTO Jogo VALUES("Corinthians-Universidad Católica","quartos-de-final",0,4,"15/1/2021");
INSERT INTO Jogo VALUES("Colo-Colo-Estudiantes","final",4,7,"26/5/2021");
INSERT INTO Jogo VALUES("Sporting Cristal-Nacional","quartos-de-final",5,2,"17/2/2022");
INSERT INTO Jogo VALUES("Cerro Porteño-Nacional","final",3,1,"2/9/2022");
INSERT INTO Jogo VALUES("Independiente Petrolero-Peñarol","fase-de-grupos",5,0,"12/6/2021");
INSERT INTO Jogo VALUES("Red Bull Bragantino-Peñarol","pre-eliminatorias",4,0,"11/7/2021");
INSERT INTO Jogo VALUES("Colón-Cerro Porteño","semi-final",7,7,"25/7/2021");
INSERT INTO Jogo VALUES("Talleres-Alianza Lima","pre-eliminatorias",5,2,"15/8/2021");
INSERT INTO Jogo VALUES("Sporting Cristal-Flamengo","quartos-de-final",6,4,"17/6/2021");
INSERT INTO Jogo VALUES("Deportes Tolima-Colo-Colo","oitavos-de-final",2,5,"2/5/2021");
INSERT INTO Jogo VALUES("Peñarol-Palmeiras","oitavos-de-final",3,0,"16/4/2021");
INSERT INTO Jogo VALUES("Estudiantes-Libertad","pre-eliminatorias",6,0,"3/7/2022");
INSERT INTO Jogo VALUES("Estudiantes-Sporting Cristal","pre-eliminatorias",5,5,"7/6/2021");
INSERT INTO Jogo VALUES("América Mineiro-Colón","pre-eliminatorias",1,7,"10/8/2022");
INSERT INTO Jogo VALUES("Flamengo-Red Bull Bragantino","semi-final",1,4,"19/6/2022");
INSERT INTO Jogo VALUES("Palmeiras-Red Bull Bragantino","oitavos-de-final",2,7,"10/8/2021");
INSERT INTO Jogo VALUES("Estudiantes-Estudiantes","fase-de-grupos",2,7,"5/3/2021");
INSERT INTO Jogo VALUES("Always Ready-Independiente Petrolero","quartos-de-final",3,2,"1/12/2021");
INSERT INTO Jogo VALUES("Red Bull Bragantino-Atlético Mineiro","semi-final",2,6,"21/10/2022");
INSERT INTO Jogo VALUES("Athletico Paranaense-Cerro Porteño","fase-de-grupos",6,1,"28/10/2022");
INSERT INTO Jogo VALUES("Caracas-Vélez Sarsfield","quartos-de-final",6,3,"28/11/2021");
INSERT INTO Jogo VALUES("Vélez Sarsfield-Boca Juniors","fase-de-grupos",6,6,"6/4/2022");
INSERT INTO Jogo VALUES("Caracas-Sporting Cristal","pre-eliminatorias",4,5,"8/12/2021");
INSERT INTO Jogo VALUES("Cerro Porteño-Libertad","semi-final",3,5,"2/10/2022");
INSERT INTO Jogo VALUES("Caracas-Universidad Católica","quartos-de-final",5,7,"25/6/2021");
INSERT INTO Jogo VALUES("Athletico Paranaense-Deportes Tolima","quartos-de-final",2,5,"27/10/2021");
INSERT INTO Jogo VALUES("Vélez Sarsfield-Athletico Paranaense","oitavos-de-final",6,7,"26/7/2022");
INSERT INTO Jogo VALUES("Nacional-Cerro Porteño","final",2,0,"2/6/2022");
INSERT INTO Jogo VALUES("Atlético Mineiro-Always Ready","quartos-de-final",4,4,"18/5/2021");
INSERT INTO Jogo VALUES("Alianza Lima-Colón","semi-final",7,0,"5/7/2021");
INSERT INTO Jogo VALUES("Libertad-Boca Juniors","oitavos-de-final",4,0,"2/12/2022");
INSERT INTO Jogo VALUES("River Plate-Independiente del Valle","oitavos-de-final",3,5,"4/10/2022");
INSERT INTO Jogo VALUES("The Strongest-Colón","fase-de-grupos",0,5,"3/1/2021");
INSERT INTO Jogo VALUES("Emelec-Colo-Colo","final",1,1,"3/8/2022");
INSERT INTO Jogo VALUES("Palmeiras-Independiente Petrolero","pre-eliminatorias",7,7,"26/12/2022");
INSERT INTO Jogo VALUES("Colo-Colo-Caracas","final",0,3,"15/3/2022");
INSERT INTO Jogo VALUES("Sporting Cristal-América Mineiro","pre-eliminatorias",6,6,"19/1/2022");
INSERT INTO Jogo VALUES("Atlético Mineiro-Libertad","quartos-de-final",6,0,"6/7/2021");
INSERT INTO Jogo VALUES("Independiente Petrolero-Nacional","semi-final",2,1,"2/6/2021");
INSERT INTO Jogo VALUES("Flamengo-Independiente del Valle","semi-final",3,3,"10/7/2021");