INSERT INTO Jogador VALUES(1,"Logan Jerry",14,"japonês",36,12,208,"PL",19);
INSERT INTO Jogador VALUES(2,"Doris Deborah",12,"palauano",37,13,758,"MCO",40);
INSERT INTO Jogador VALUES(3,"Christine Steven",14,"congolês",63,9,570,"DE",34);
INSERT INTO Jogador VALUES(4,"Frank Arthur",7,"tanzaniano",45,9,172,"DC",39);
INSERT INTO Jogador VALUES(5,"Judith Arthur",2,"tunisiano",35,4,46,"ED",28);
INSERT INTO Jogador VALUES(6,"Marie Christine",9,"canadense",94,11,29,"MD",26);
INSERT INTO Jogador VALUES(7,"Sandra Paul",4,"samoano",25,8,39,"ME",18);
INSERT INTO Jogador VALUES(8,"Marilyn Randy",5,"mexicano",32,13,803,"MC",31);
INSERT INTO Jogador VALUES(9,"Joyce Rebecca",13,"bahamiano",80,13,895,"EE",31);
INSERT INTO Jogador VALUES(10,"Kimberly Nicholas",6,"moldávio",93,8,700,"GR",28);
INSERT INTO Jogador VALUES(11,"Jeremy Mason",2,"finlandês",30,2,151,"DD",30);
INSERT INTO Jogador VALUES(12,"Beverly Shirley",1,"suíço",25,2,72,"ED",22);
INSERT INTO Jogador VALUES(13,"Evelyn Vincent",4,"romeno",70,9,681,"AC",22);
INSERT INTO Jogador VALUES(14,"Ashley Barbara",5,"belizenho",80,5,73,"MC",34);
INSERT INTO Jogador VALUES(15,"Samantha Lauren",4,"papuásio",25,4,130,"DD",18);
INSERT INTO Jogador VALUES(16,"Jacob Maria",3,"jordaniano",25,2,51,"MCO",32);
INSERT INTO Jogador VALUES(17,"Susan Harold",1,"ugandense",41,6,249,"ED",28);
INSERT INTO Jogador VALUES(18,"Marilyn Gloria",5,"angolano",79,5,423,"MC",22);
INSERT INTO Jogador VALUES(19,"Jordan acqueline",1,"albanês",93,4,219,"AC",39);
INSERT INTO Jogador VALUES(20,"Danielle Virginia",2,"ugandense",26,4,39,"MCO",25);
INSERT INTO Jogador VALUES(21,"Brand Diana",7,"micronésio",20,9,656,"MC",40);
INSERT INTO Jogador VALUES(22,"Jonathan Paul",1,"espanhol",32,3,262,"DC",23);
INSERT INTO Jogador VALUES(23,"Frank Scott",11,"saudito",89,8,19,"MD",31);
INSERT INTO Jogador VALUES(24,"Dennis Dennis",2,"búlgaro",73,6,470,"AC",18);
INSERT INTO Jogador VALUES(25,"Elizabeth Wayne",5,"malai",62,4,256,"AC",21);
INSERT INTO Jogador VALUES(26,"Jose Raymond",0,"beninense",22,0,0,"EE",20);
INSERT INTO Jogador VALUES(27,"Linda Janet",10,"dominicano",78,14,508,"ME",20);
INSERT INTO Jogador VALUES(28,"Mason Doris",5,"centro-africano",77,4,74,"DD",17);
INSERT INTO Jogador VALUES(29,"Kenneth Joyce",1,"norte-coreano",53,1,84,"GR",21);
INSERT INTO Jogador VALUES(30,"Cheryl Eric",6,"gabonês",95,8,641,"DE",39);
INSERT INTO Jogador VALUES(31,"Emma Walter",10,"lesoto",35,10,374,"MDC",24);
INSERT INTO Jogador VALUES(32,"Anthon Susan",5,"bechuano",32,5,163,"MDC",39);
INSERT INTO Jogador VALUES(33,"Carl Noah",5,"líbio",5,9,252,"GR",27);
INSERT INTO Jogador VALUES(34,"Willie Laura",2,"americano",71,1,11,"MD",23);
INSERT INTO Jogador VALUES(35,"Samantha Kayla",5,"argelino",92,8,276,"DC",17);
INSERT INTO Jogador VALUES(36,"Zachary Melissa",1,"salvadorenho",36,2,105,"GR",27);
INSERT INTO Jogador VALUES(37,"Angela Samantha",8,"croata",24,11,983,"ED",37);
INSERT INTO Jogador VALUES(38,"Brenda Joe",0,"nicaraguense",69,2,19,"MC",35);
INSERT INTO Jogador VALUES(39,"Gloria Jean",7,"singapuriano",45,10,676,"PL",19);
INSERT INTO Jogador VALUES(40,"Russell Jose",9,"nepalês",59,9,397,"EE",19);
INSERT INTO Jogador VALUES(41,"Anthon Adam",9,"haitiano",16,7,70,"DD",27);
INSERT INTO Jogador VALUES(42,"Peter Ashley",9,"butanês",56,7,325,"ME",27);
INSERT INTO Jogador VALUES(43,"Eric Betty",11,"grego",61,14,456,"MCO",28);
INSERT INTO Jogador VALUES(44,"Gabriel Jean",3,"tailandês",79,2,149,"ED",19);
INSERT INTO Jogador VALUES(45,"Emily Linda",12,"marroquino",81,11,708,"MD",28);
INSERT INTO Jogador VALUES(46,"Sara Donald",7,"paraguaio",55,8,206,"AC",18);
INSERT INTO Jogador VALUES(47,"Christine Linda",1,"finlandês",27,14,883,"DE",29);
INSERT INTO Jogador VALUES(48,"Keith Diane",2,"guinéu-equatoriano",97,6,44,"ME",24);
INSERT INTO Jogador VALUES(49,"Matthew Jonathan",0,"saudito",55,9,38,"DC",35);
INSERT INTO Jogador VALUES(50,"Jessica Julia",2,"mexicano",88,2,131,"MCO",34);
INSERT INTO Jogador VALUES(51,"Emily Jordan",2,"peruano",37,7,172,"AC",25);
INSERT INTO Jogador VALUES(52,"Anna Marie",8,"mauritano",88,5,426,"ED",33);
INSERT INTO Jogador VALUES(53,"Daniel Diana",4,"jordaniano",56,6,385,"MC",26);
INSERT INTO Jogador VALUES(54,"George Jeremy",5,"mauritano",57,3,184,"DD",30);
INSERT INTO Jogador VALUES(55,"Stephanie Danielle",0,"dominicano",16,5,414,"MDC",35);
INSERT INTO Jogador VALUES(56,"Billy Julie",0,"malauiano",23,0,0,"ED",31);
INSERT INTO Jogador VALUES(57,"Judith Paul",1,"islandês",80,8,132,"EE",21);
INSERT INTO Jogador VALUES(58,"Natalie Peter",5,"nauruano",87,8,301,"DE",21);
INSERT INTO Jogador VALUES(59,"Christopher Andrew",4,"luxemburguês",22,3,91,"EE",20);
INSERT INTO Jogador VALUES(60,"Debra Joe",4,"finlandês",26,5,76,"ED",28);
INSERT INTO Jogador VALUES(61,"Bryan Edward",3,"dinamarquês",2,4,125,"DD",28);
INSERT INTO Jogador VALUES(62,"Christopher Emma",12,"congolês",47,9,46,"DC",19);
INSERT INTO Jogador VALUES(63,"Barbara Gary",2,"bielo-russo",59,6,93,"DC",37);
INSERT INTO Jogador VALUES(64,"Denise Walter",2,"malinês",95,9,791,"MCO",37);
INSERT INTO Jogador VALUES(65,"Emma Jessica",4,"guianês",76,3,138,"MDC",35);
INSERT INTO Jogador VALUES(66,"Carl acqueline",4,"laosiano",51,3,221,"PL",17);
INSERT INTO Jogador VALUES(67,"Steven Benjamin",3,"barbadiano",77,7,305,"DD",19);
INSERT INTO Jogador VALUES(68,"Bruce Madison",1,"papuásio",44,5,284,"DC",37);
INSERT INTO Jogador VALUES(69,"Anna Emily",0,"vietnamita",44,12,456,"ED",22);
INSERT INTO Jogador VALUES(70,"Albert Henry",16,"tajique",55,11,108,"MD",33);
INSERT INTO Jogador VALUES(71,"Melissa Marilyn",5,"haitiano",68,10,358,"AC",22);
INSERT INTO Jogador VALUES(72,"James Beverly",15,"sul-coreano",61,12,952,"DE",34);
INSERT INTO Jogador VALUES(73,"Ronald Billy",15,"sérvio",46,14,430,"ME",17);
INSERT INTO Jogador VALUES(74,"Daniel Zachary",0,"indonésio",63,0,0,"DD",22);
INSERT INTO Jogador VALUES(75,"Rebecca Alice",0,"irlandês",55,4,311,"MCO",18);
INSERT INTO Jogador VALUES(76,"Kayla Tyler",4,"colombiano",47,7,523,"DC",36);
INSERT INTO Jogador VALUES(77,"Emily Lori",8,"barbadiano",94,14,315,"MCO",28);
INSERT INTO Jogador VALUES(78,"Terry Lisa",1,"norte-coreano",46,5,27,"MCO",27);
INSERT INTO Jogador VALUES(79,"Ethan Justin",1,"são-cristovense",1,1,30,"DD",20);
INSERT INTO Jogador VALUES(80,"Carl Danielle",5,"samoano",27,5,122,"ED",38);
INSERT INTO Jogador VALUES(81,"Nicholas Emma",1,"tailandês",8,3,238,"DE",35);
INSERT INTO Jogador VALUES(82,"Diane Vincent",5,"colombiano",71,9,91,"DC",33);
INSERT INTO Jogador VALUES(83,"Hannah Bobby",7,"gambiano",13,6,134,"ED",40);
INSERT INTO Jogador VALUES(84,"Carolyn Ethan",0,"marshalino",73,1,46,"EE",26);
INSERT INTO Jogador VALUES(85,"John Christian",1,"inglês",64,1,38,"EE",17);
INSERT INTO Jogador VALUES(86,"Frank Janice",8,"cingalês",40,12,59,"MD",30);
INSERT INTO Jogador VALUES(87,"Justin Steven",1,"suazi",59,6,236,"EE",20);
INSERT INTO Jogador VALUES(88,"Jose Joe",2,"irlandês",96,13,942,"EE",25);
INSERT INTO Jogador VALUES(89,"Michelle Lawrence",3,"nepalês",34,3,252,"DE",36);
INSERT INTO Jogador VALUES(90,"Heather Wayne",0,"usbeque",70,0,0,"MC",22);
INSERT INTO Jogador VALUES(91,"Jose Nicholas",21,"nicaraguense",72,14,1188,"EE",23);
INSERT INTO Jogador VALUES(92,"Joseph Nicholas",2,"grego",98,1,83,"MC",32);
INSERT INTO Jogador VALUES(93,"Kelly Justin",13,"salvadorenho",63,14,743,"DC",30);
INSERT INTO Jogador VALUES(94,"Pamela Bruce",1,"vanuatuense",34,3,152,"GR",20);
INSERT INTO Jogador VALUES(95,"Brittany Natalie",0,"georgiano",89,0,0,"DE",31);
INSERT INTO Jogador VALUES(96,"Tyler Betty",0,"malgaxe",57,0,0,"GR",35);
INSERT INTO Jogador VALUES(97,"Ryan Amber",10,"maldivo",15,13,654,"MD",38);
INSERT INTO Jogador VALUES(98,"Lawrence Jonathan",11,"são-tomense",66,7,398,"MD",19);
INSERT INTO Jogador VALUES(99,"Bryan Jeremy",2,"árabe",84,2,153,"MCO",32);
INSERT INTO Jogador VALUES(100,"Andrea Benjamin",18,"vietnamita",54,13,1099,"MCO",40);
INSERT INTO Jogador VALUES(101,"Judith Sharon",1,"etíope",48,2,165,"PL",28);
INSERT INTO Jogador VALUES(102,"Zachary Zachary",3,"libanês",66,3,217,"MC",36);
INSERT INTO Jogador VALUES(103,"Debra Mary",6,"macedônio",44,7,537,"MD",32);
INSERT INTO Jogador VALUES(104,"Sharon Anna",0,"venezuelano",10,0,0,"MCO",25);
INSERT INTO Jogador VALUES(105,"Donna Teresa",2,"quiribatiano",8,8,659,"GR",31);
INSERT INTO Jogador VALUES(106,"Donald Brian",1,"norte-coreano",72,12,12,"DD",21);
INSERT INTO Jogador VALUES(107,"Anthon Rebecca",3,"português",40,9,783,"AC",32);
INSERT INTO Jogador VALUES(108,"Carolyn Christina",1,"monegasco",80,1,65,"PL",25);
INSERT INTO Jogador VALUES(109,"Emma Diane",2,"israelense",96,4,221,"MCO",20);
INSERT INTO Jogador VALUES(110,"Emma Wayne",3,"liechtensteinense",25,11,184,"ED",38);
INSERT INTO Jogador VALUES(111,"Adam Hannah",0,"turco",32,4,129,"DD",29);
INSERT INTO Jogador VALUES(112,"Christopher Mar",0,"birmanês",7,11,368,"DD",38);
INSERT INTO Jogador VALUES(113,"Brittany Randy",7,"ganês",81,6,485,"DE",38);
INSERT INTO Jogador VALUES(114,"Ryan Christine",0,"cambojano",80,0,0,"DC",24);
INSERT INTO Jogador VALUES(115,"Adam Robert",16,"centro-africano",17,13,24,"MDC",33);
INSERT INTO Jogador VALUES(116,"Roy Charlotte",0,"birmanês",22,2,166,"DD",31);
INSERT INTO Jogador VALUES(117,"Marilyn Kathryn",15,"chadiano",35,11,752,"ED",36);
INSERT INTO Jogador VALUES(118,"Austin Diane",3,"gabonês",93,3,85,"GR",23);
INSERT INTO Jogador VALUES(119,"David Bruce",10,"angolano",26,11,404,"GR",23);
INSERT INTO Jogador VALUES(120,"Alice Tyler",4,"dominicano",30,4,339,"AC",23);
INSERT INTO Jogador VALUES(121,"Jeremy Juan",11,"polaco",9,13,187,"DD",35);
INSERT INTO Jogador VALUES(122,"Olivia Teresa",0,"armênio",35,2,70,"DC",26);
INSERT INTO Jogador VALUES(123,"Debra Kelly",10,"bengalês",63,10,643,"AC",40);
INSERT INTO Jogador VALUES(124,"Jeffrey Nicole",4,"montenegrino",22,10,20,"MDC",31);
INSERT INTO Jogador VALUES(125,"Nathan Vincent",0,"bechuano",94,0,0,"GR",17);
INSERT INTO Jogador VALUES(126,"Grace Angela",1,"mongol",6,3,30,"MCO",38);
INSERT INTO Jogador VALUES(127,"Charlotte Virginia",12,"djibutiano",1,14,1151,"PL",32);
INSERT INTO Jogador VALUES(128,"Kevin Gary",0,"nauruano",18,7,177,"PL",21);
INSERT INTO Jogador VALUES(129,"Kathryn Frank",9,"sul-coreano",96,8,591,"ED",31);
INSERT INTO Jogador VALUES(130,"Anna Brittany",4,"salvadorenho",12,3,97,"MC",30);
INSERT INTO Jogador VALUES(131,"George Christina",12,"bielo-russo",81,9,313,"GR",20);
INSERT INTO Jogador VALUES(132,"Gregory Michael",11,"butanês",87,14,1002,"DC",38);
INSERT INTO Jogador VALUES(133,"Elijah Marilyn",20,"barbadiano",89,14,1201,"DE",21);
INSERT INTO Jogador VALUES(134,"Dylan Katherine",5,"guianês",98,3,40,"ED",26);
INSERT INTO Jogador VALUES(135,"Joyce David",11,"sudanês",64,9,417,"PL",26);
INSERT INTO Jogador VALUES(136,"Eugene Julia",4,"zimbabuano",50,5,287,"MCO",38);
INSERT INTO Jogador VALUES(137,"Kathleen Judith",10,"neozelandês",34,7,628,"PL",21);
INSERT INTO Jogador VALUES(138,"Samuel Natalie",0,"samoano",86,0,0,"MDC",38);
INSERT INTO Jogador VALUES(139,"Elizabeth Gerald",17,"francês",77,13,1166,"ME",32);
INSERT INTO Jogador VALUES(140,"Albert Joshua",3,"usbeque",44,2,38,"GR",20);
INSERT INTO Jogador VALUES(141,"Willie Grace",0,"sudanês",40,14,689,"PL",36);
INSERT INTO Jogador VALUES(142,"Sharon Kenneth",1,"francês",99,9,225,"EE",19);
INSERT INTO Jogador VALUES(143,"Frank Christina",5,"esloveno",95,5,130,"DE",34);
INSERT INTO Jogador VALUES(144,"Jennifer Emily",8,"sul-africano",40,5,102,"AC",30);
INSERT INTO Jogador VALUES(145,"Doris Walter",14,"belga",92,11,484,"DD",29);
INSERT INTO Jogador VALUES(146,"Roy Russell",2,"mauriciano",82,3,32,"EE",31);
INSERT INTO Jogador VALUES(147,"Walter Bryan",3,"albanês",89,9,382,"MCO",33);
INSERT INTO Jogador VALUES(148,"Ralph Brian",5,"etíope",85,5,95,"MDC",30);
INSERT INTO Jogador VALUES(149,"acqueline Alan",4,"nepalês",11,6,158,"MD",23);
INSERT INTO Jogador VALUES(150,"Alexis David",2,"marroquino",20,5,344,"PL",32);
INSERT INTO Jogador VALUES(151,"Michelle Ruth",13,"jordaniano",18,13,722,"GR",30);
INSERT INTO Jogador VALUES(152,"Teresa Abigail",5,"equatoriano",13,12,538,"PL",19);
INSERT INTO Jogador VALUES(153,"Gary Daniel",21,"belizenho",47,14,581,"DE",28);
INSERT INTO Jogador VALUES(154,"Helen Emma",5,"japonês",29,3,55,"MDC",39);
INSERT INTO Jogador VALUES(155,"Donald Walter",1,"quirguiz",23,3,93,"GR",38);
INSERT INTO Jogador VALUES(156,"Kelly Megan",0,"maltês",48,9,33,"AC",19);
INSERT INTO Jogador VALUES(157,"Randy Douglas",3,"cambojano",82,11,641,"EE",34);
INSERT INTO Jogador VALUES(158,"Nicholas Shirley",0,"lesoto",9,0,0,"DD",33);
INSERT INTO Jogador VALUES(159,"Jerry Pamela",1,"samarinês",86,10,217,"PL",24);
INSERT INTO Jogador VALUES(160,"Steven Gregory",11,"macedônio",32,11,23,"MDC",33);
INSERT INTO Jogador VALUES(161,"Ruth Keith",0,"estoniano",42,2,3,"MC",33);
INSERT INTO Jogador VALUES(162,"Christine Jesse",1,"moldávio",60,2,129,"DC",32);
INSERT INTO Jogador VALUES(163,"Mason Linda",2,"belga",96,4,281,"ED",30);
INSERT INTO Jogador VALUES(164,"Jeffrey Arthur",10,"haitiano",73,10,584,"MDC",27);
INSERT INTO Jogador VALUES(165,"Brittany Ashley",1,"boliviano",33,2,77,"AC",38);
INSERT INTO Jogador VALUES(166,"Dennis George",4,"cipriota",56,4,125,"GR",17);
INSERT INTO Jogador VALUES(167,"Edward Madison",4,"liechtensteinense",1,4,169,"MC",26);
INSERT INTO Jogador VALUES(168,"Deborah Nicholas",5,"barbadiano",16,3,31,"DD",32);
INSERT INTO Jogador VALUES(169,"Harold Carol",6,"montenegrino",36,5,403,"AC",26);
INSERT INTO Jogador VALUES(170,"Isabella Heather",6,"nigeriano",96,8,646,"PL",36);
INSERT INTO Jogador VALUES(171,"Barbara Patrick",11,"bengalês",34,8,619,"MD",31);
INSERT INTO Jogador VALUES(172,"Alan Logan",3,"congolês",55,5,96,"DE",21);
INSERT INTO Jogador VALUES(173,"Hannah Jordan",13,"togonês",12,13,796,"PL",22);
INSERT INTO Jogador VALUES(174,"Brand Paul",2,"filipino",48,2,141,"MD",24);
INSERT INTO Jogador VALUES(175,"Betty Zachary",9,"monegasco",87,12,504,"PL",38);
INSERT INTO Jogador VALUES(176,"Carol Nicole",1,"argelino",62,1,55,"ED",39);
INSERT INTO Jogador VALUES(177,"Heather Heather",19,"argentino",7,13,939,"MD",25);
INSERT INTO Jogador VALUES(178,"Jessica Maria",3,"guineense",60,4,121,"AC",23);
INSERT INTO Jogador VALUES(179,"Anthon Christine",15,"gambiano",22,10,794,"MCO",35);
INSERT INTO Jogador VALUES(180,"Andrew Rachel",0,"panamenho",93,0,0,"MCO",27);
INSERT INTO Jogador VALUES(181,"Jason Janet",7,"butanês",25,5,53,"EE",29);
INSERT INTO Jogador VALUES(182,"Louis Dylan",2,"bahamiano",69,3,7,"MD",27);
INSERT INTO Jogador VALUES(183,"Theresa Julie",11,"ugandense",93,13,1043,"MCO",29);
INSERT INTO Jogador VALUES(184,"Randy Paul",12,"gabonês",74,8,458,"ED",19);
INSERT INTO Jogador VALUES(185,"Danielle Richard",0,"laosiano",22,1,52,"ED",34);
INSERT INTO Jogador VALUES(186,"Susan Susan",0,"antiguano",77,2,86,"DD",32);
INSERT INTO Jogador VALUES(187,"Heather George",4,"peruano",4,4,73,"ED",37);
INSERT INTO Jogador VALUES(188,"Megan Raymond",2,"norte-coreano",66,6,264,"ME",21);
INSERT INTO Jogador VALUES(189,"Olivia Walter",5,"laosiano",95,5,51,"DC",38);
INSERT INTO Jogador VALUES(190,"Janet Billy",18,"samarinês",34,13,768,"GR",39);
INSERT INTO Jogador VALUES(191,"Christine Cynthia",2,"bengalês",99,8,208,"MD",34);
INSERT INTO Jogador VALUES(192,"Matthew Roy",14,"bechuano",37,9,609,"ED",27);
INSERT INTO Jogador VALUES(193,"Patrick Amber",3,"vanuatuense",56,7,356,"MC",34);
INSERT INTO Jogador VALUES(194,"Vincent Cheryl",3,"albanês",12,7,550,"PL",36);
INSERT INTO Jogador VALUES(195,"Deborah Ruth",6,"líbio",72,7,113,"MD",35);
INSERT INTO Jogador VALUES(196,"Megan Carolyn",9,"indiano",90,7,326,"ME",36);
INSERT INTO Jogador VALUES(197,"Carl Jennifer",0,"somali",60,0,0,"MC",28);
INSERT INTO Jogador VALUES(198,"Jesse Teresa",0,"salomônico",47,1,14,"DE",37);
INSERT INTO Jogador VALUES(199,"Rachel Bryan",1,"sírio",84,3,62,"EE",22);
INSERT INTO Jogador VALUES(200,"Billy Willie",20,"somali",44,13,964,"GR",35);
INSERT INTO Jogador VALUES(201,"Virginia Melissa",10,"liberiano",1,10,755,"DD",18);
INSERT INTO Jogador VALUES(202,"Angela Diana",5,"sírio",29,6,73,"MC",22);
INSERT INTO Jogador VALUES(203,"Richard Timothy",12,"barbadiano",61,9,416,"DC",24);
INSERT INTO Jogador VALUES(204,"Nicholas Helen",12,"finlandês",1,8,66,"AC",23);
INSERT INTO Jogador VALUES(205,"Denise Eric",0,"paquistanês",39,0,0,"DE",39);
INSERT INTO Jogador VALUES(206,"Logan Jeffrey",4,"cubano",3,9,613,"AC",19);
INSERT INTO Jogador VALUES(207,"Gary Joe",2,"gabonês",33,7,221,"ED",23);
INSERT INTO Jogador VALUES(208,"Dorothy Karen",0,"bruneano",97,0,0,"GR",25);
INSERT INTO Jogador VALUES(209,"Sara Eugene",0,"suazi",27,0,0,"MCO",17);
INSERT INTO Jogador VALUES(210,"Jeffrey Wayne",8,"japonês",30,8,552,"ME",38);
INSERT INTO Jogador VALUES(211,"Anna Natalie",1,"belizenho",84,1,2,"GR",34);
INSERT INTO Jogador VALUES(212,"Rebecca Emily",4,"sul-africano",37,11,596,"MD",31);
INSERT INTO Jogador VALUES(213,"Pamela Julie",0,"burundinês",55,11,780,"ME",20);
INSERT INTO Jogador VALUES(214,"Lawrence Albert",1,"camaronês",4,4,244,"MC",37);
INSERT INTO Jogador VALUES(215,"Alexis James",5,"sérvio",26,3,149,"DD",27);
INSERT INTO Jogador VALUES(216,"Maria Rachel",11,"monegasco",92,9,590,"ME",18);
INSERT INTO Jogador VALUES(217,"Rebecca Kevin",5,"tailandês",35,11,66,"AC",35);
INSERT INTO Jogador VALUES(218,"Joshua Nicole",3,"bielo-russo",11,14,34,"DE",19);
INSERT INTO Jogador VALUES(219,"Rebecca Billy",5,"trinitino",13,5,158,"MD",40);
INSERT INTO Jogador VALUES(220,"Gerald Gerald",0,"são-vicentino",66,12,695,"ME",27);
INSERT INTO Jogador VALUES(221,"Christine Jeremy",15,"etíope",28,11,660,"MC",25);
INSERT INTO Jogador VALUES(222,"Gregory Susan",1,"luxemburguês",57,1,48,"DE",23);
INSERT INTO Jogador VALUES(223,"Kathryn Mason",2,"árabe",7,6,406,"MC",27);
INSERT INTO Jogador VALUES(224,"Tyler Andrew",0,"camaronês",21,13,1163,"ME",17);
INSERT INTO Jogador VALUES(225,"Theresa Ralph",8,"albanês",84,10,566,"MD",20);
INSERT INTO Jogador VALUES(226,"Stephen Louis",6,"iraquiano",10,6,262,"EE",32);
INSERT INTO Jogador VALUES(227,"Justin Henry",12,"trinitino",36,13,66,"GR",26);
INSERT INTO Jogador VALUES(228,"Henry Jack",8,"haitiano",97,6,244,"ME",22);
INSERT INTO Jogador VALUES(229,"Benjamin Lori",13,"mauritano",53,10,258,"GR",30);
INSERT INTO Jogador VALUES(230,"Albert Margaret",4,"monegasco",67,9,641,"AC",19);
INSERT INTO Jogador VALUES(231,"Juan Amy",12,"suéco",84,9,467,"MC",34);
INSERT INTO Jogador VALUES(232,"Amy Kimberly",11,"fijiano",95,11,816,"EE",28);
INSERT INTO Jogador VALUES(233,"Victoria Denise",0,"peruano",50,9,351,"EE",27);
INSERT INTO Jogador VALUES(234,"Virginia Brenda",1,"samoano",10,14,1172,"DE",17);
INSERT INTO Jogador VALUES(235,"Ruth John",10,"norte-coreano",67,8,305,"DD",21);
INSERT INTO Jogador VALUES(236,"Bruce Lauren",3,"micronésio",3,7,521,"EE",27);
INSERT INTO Jogador VALUES(237,"Alexander Kathryn",0,"tailandês",85,0,0,"ME",23);
INSERT INTO Jogador VALUES(238,"Alexis Logan",13,"maltês",91,9,185,"EE",33);
INSERT INTO Jogador VALUES(239,"Peter Kelly",5,"armênio",29,7,477,"PL",34);
INSERT INTO Jogador VALUES(240,"Anna George",2,"maldivo",40,1,20,"GR",24);
INSERT INTO Jogador VALUES(241,"Roger Wayne",2,"belga",59,7,101,"ED",20);
INSERT INTO Jogador VALUES(242,"Ann Philip",16,"colombiano",84,12,789,"DE",35);
INSERT INTO Jogador VALUES(243,"Joe Martha",0,"indonésio",24,2,76,"MC",26);
INSERT INTO Jogador VALUES(244,"Billy Hannah",9,"maldivo",33,7,16,"PL",22);
INSERT INTO Jogador VALUES(245,"Jerry Shirley",2,"belga",91,6,47,"PL",27);
INSERT INTO Jogador VALUES(246,"Denise Sara",15,"turcomeno",87,14,142,"AC",21);
INSERT INTO Jogador VALUES(247,"Joseph Olivia",3,"chileno",92,5,385,"MCO",28);
INSERT INTO Jogador VALUES(248,"Sarah Dylan",0,"salomônico",46,7,482,"DC",36);
INSERT INTO Jogador VALUES(249,"Frances Edward",0,"neozelandês",80,13,412,"MC",25);
INSERT INTO Jogador VALUES(250,"Roger Judith",15,"libanês",99,14,359,"ED",29);
INSERT INTO Jogador VALUES(251,"Mary Judith",4,"líbio",93,10,235,"MDC",36);
INSERT INTO Jogador VALUES(252,"Louis Judith",2,"argentino",44,10,238,"AC",20);
INSERT INTO Jogador VALUES(253,"Rachel Brenda",1,"paquistanês",77,3,135,"MDC",25);
INSERT INTO Jogador VALUES(254,"Noah Frank",8,"queniano",47,8,586,"EE",33);
INSERT INTO Jogador VALUES(255,"Barbara Joseph",8,"suéco",50,6,357,"EE",17);
INSERT INTO Jogador VALUES(256,"Alan Jennifer",2,"barbadiano",49,1,49,"GR",33);
INSERT INTO Jogador VALUES(257,"Samantha Kyle",6,"bengalês",32,4,334,"AC",22);
INSERT INTO Jogador VALUES(258,"Tyler Maria",6,"egípcio",93,6,257,"ED",23);
INSERT INTO Jogador VALUES(259,"Frances Billy",0,"croata",92,0,0,"DC",19);
INSERT INTO Jogador VALUES(260,"Roger Donald",12,"ganês",33,8,547,"EE",26);
INSERT INTO Jogador VALUES(261,"Ethan Christopher",4,"trinitino",79,6,231,"MC",40);
INSERT INTO Jogador VALUES(262,"Donna Jose",0,"butanês",28,3,91,"GR",31);
INSERT INTO Jogador VALUES(263,"Frank Danielle",6,"marroquino",48,14,322,"ED",18);
INSERT INTO Jogador VALUES(264,"Benjamin Jose",7,"vietnamita",53,12,40,"ME",23);
INSERT INTO Jogador VALUES(265,"Olivia Mary",3,"sudanês",56,5,405,"ED",29);
INSERT INTO Jogador VALUES(266,"Christopher Sandra",12,"esloveno",27,11,888,"DC",26);
INSERT INTO Jogador VALUES(267,"Ashley Deborah",5,"letão",96,3,31,"PL",21);
INSERT INTO Jogador VALUES(268,"Nathan Vincent",4,"norte-coreano",50,6,138,"PL",37);
INSERT INTO Jogador VALUES(269,"James Samantha",12,"antiguano",94,14,596,"MC",24);
INSERT INTO Jogador VALUES(270,"Vincent Dennis",11,"lituano",38,10,595,"PL",17);
INSERT INTO Jogador VALUES(271,"Edward Harold",1,"tailandês",74,2,22,"ED",29);
INSERT INTO Jogador VALUES(272,"Patrick Michael",0,"guatemalteco",97,8,311,"AC",34);
INSERT INTO Jogador VALUES(273,"Lauren Shirley",0,"kuwaitiano",57,10,530,"MDC",33);
INSERT INTO Jogador VALUES(274,"Marie Kelly",15,"tailandês",96,10,83,"DC",21);
INSERT INTO Jogador VALUES(275,"Stephanie Hannah",2,"guianês",38,9,142,"DD",18);
INSERT INTO Jogador VALUES(276,"Olivia Eric",3,"namibiano",71,3,242,"ED",38);
INSERT INTO Jogador VALUES(277,"Christopher Michael",6,"afegão",34,11,539,"MD",31);
INSERT INTO Jogador VALUES(278,"Helen Virginia",4,"finlandês",5,3,203,"GR",20);
INSERT INTO Jogador VALUES(279,"Amber Terry",6,"montenegrino",66,8,702,"EE",29);
INSERT INTO Jogador VALUES(280,"Ralph Hannah",11,"sul-africano",21,9,766,"ME",21);
INSERT INTO Jogador VALUES(281,"Ralph Adam",10,"ruandês",86,10,708,"GR",24);
INSERT INTO Jogador VALUES(282,"Joan Karen",14,"líbio",76,9,646,"EE",25);
INSERT INTO Jogador VALUES(283,"Doris Dylan",3,"guinéu-equatoriano",17,11,580,"EE",32);
INSERT INTO Jogador VALUES(284,"Barbara Martha",15,"vietnamita",97,13,25,"MDC",37);
INSERT INTO Jogador VALUES(285,"Virginia Alexis",17,"azerbaijano",38,12,940,"AC",38);
INSERT INTO Jogador VALUES(286,"acqueline Gregory",15,"liberiano",91,11,506,"GR",17);
INSERT INTO Jogador VALUES(287,"Isabella Hannah",0,"colombiano",4,0,0,"GR",29);
INSERT INTO Jogador VALUES(288,"Heather Julie",1,"andorrano",18,2,155,"MD",30);
INSERT INTO Jogador VALUES(289,"Susan Kelly",3,"são-tomense",98,8,20,"ED",36);
INSERT INTO Jogador VALUES(290,"Bruce Peter",7,"indiano",21,5,191,"MC",34);
INSERT INTO Jogador VALUES(291,"Danielle Logan",12,"nauruano",24,9,135,"ME",40);
INSERT INTO Jogador VALUES(292,"Samantha Gabriel",1,"guinéu-equatoriano",69,8,124,"PL",17);
INSERT INTO Jogador VALUES(293,"Billy Daniel",7,"tuvaluano",22,13,710,"GR",36);
INSERT INTO Jogador VALUES(294,"Evelyn Austin",9,"surinamês",90,12,723,"DE",33);
INSERT INTO Jogador VALUES(295,"Alan Sarah",2,"antiguano",97,4,127,"MD",28);
INSERT INTO Jogador VALUES(296,"Kevin Theresa",2,"jamaicano",4,13,157,"MD",18);
INSERT INTO Jogador VALUES(297,"Mar Charles",2,"marroquino",94,5,431,"ME",17);
INSERT INTO Jogador VALUES(298,"Jeffrey Willie",11,"turcomeno",43,7,50,"DE",31);
INSERT INTO Jogador VALUES(299,"Natalie Kyle",6,"montenegrino",92,9,425,"GR",30);
INSERT INTO Jogador VALUES(300,"Larry Christopher",9,"filipino",7,10,473,"ED",30);
INSERT INTO Jogador VALUES(301,"Adam Lisa",8,"palauano",72,7,349,"DC",39);
INSERT INTO Jogador VALUES(302,"Kenneth Vincent",11,"tuvaluano",1,8,350,"MCO",34);
INSERT INTO Jogador VALUES(303,"Nicole Virginia",9,"somali",76,7,322,"MC",30);
INSERT INTO Jogador VALUES(304,"Walter Gloria",18,"egípcio",66,14,391,"AC",24);
INSERT INTO Jogador VALUES(305,"Isabella Jerry",5,"alemmão",27,4,285,"MDC",40);
INSERT INTO Jogador VALUES(306,"Peter Janet",1,"malgaxe",20,1,74,"DE",25);
INSERT INTO Jogador VALUES(307,"Patrick Adam",7,"guianês",23,8,530,"ME",32);
INSERT INTO Jogador VALUES(308,"Jeffrey Keith",8,"irlandês",48,10,25,"PL",28);
INSERT INTO Jogador VALUES(309,"Judy Adam",0,"somali",36,0,0,"DC",17);
INSERT INTO Jogador VALUES(310,"Janet Nicole",2,"bechuano",32,10,590,"GR",31);
INSERT INTO Jogador VALUES(311,"Jose Amber",15,"árabe",75,10,440,"GR",26);
INSERT INTO Jogador VALUES(312,"Julia Sean",1,"americano",25,2,177,"MC",24);
INSERT INTO Jogador VALUES(313,"Lauren William",8,"etíope",85,5,174,"ED",33);
INSERT INTO Jogador VALUES(314,"Andrea Joan",15,"paquistanês",14,12,403,"PL",39);
INSERT INTO Jogador VALUES(315,"Maria Ashley",18,"são-tomense",67,12,137,"DE",29);
INSERT INTO Jogador VALUES(316,"Jason Raymond",10,"zambiano",81,9,530,"DC",35);
INSERT INTO Jogador VALUES(317,"Zachary Lauren",3,"micronésio",56,4,354,"DE",22);
INSERT INTO Jogador VALUES(318,"Julia Ralph",2,"leonês",61,2,26,"AC",29);
INSERT INTO Jogador VALUES(319,"Harold Paul",0,"armênio",84,2,17,"EE",17);
INSERT INTO Jogador VALUES(320,"Roy Margaret",0,"kuwaitiano",32,0,0,"EE",34);
INSERT INTO Jogador VALUES(321,"Catherine Sharon",15,"japonês",76,13,839,"ME",18);
INSERT INTO Jogador VALUES(322,"Barbara Frances",6,"macedônio",2,8,312,"EE",19);
INSERT INTO Jogador VALUES(323,"Olivia Keith",13,"cazaque",84,9,137,"PL",38);
INSERT INTO Jogador VALUES(324,"Stephanie Lauren",0,"etíope",63,0,0,"PL",19);
INSERT INTO Jogador VALUES(325,"Maria Emily",15,"usbeque",25,12,619,"PL",39);
INSERT INTO Jogador VALUES(326,"Jose Andrew",3,"francês",47,2,123,"PL",40);
INSERT INTO Jogador VALUES(327,"Kathryn Jessica",4,"norueguês",99,14,939,"ED",23);
INSERT INTO Jogador VALUES(328,"Andrea Elizabeth",0,"indiano",48,0,0,"MC",30);
INSERT INTO Jogador VALUES(329,"Brand Dylan",18,"líbio",23,12,290,"MDC",29);
INSERT INTO Jogador VALUES(330,"Justin Kelly",4,"paraguaio",24,4,26,"MD",34);
INSERT INTO Jogador VALUES(331,"Natalie Keith",0,"queniano",35,0,0,"MCO",31);
INSERT INTO Jogador VALUES(332,"Isabella Amanda",2,"gambiano",90,8,717,"DD",24);
INSERT INTO Jogador VALUES(333,"Carolyn Steven",2,"grego",35,8,140,"DC",22);
INSERT INTO Jogador VALUES(334,"Sarah Amber",0,"iraniano",54,12,265,"AC",22);
INSERT INTO Jogador VALUES(335,"Alexander Patrick",1,"marshalino",82,1,26,"GR",25);
INSERT INTO Jogador VALUES(336,"Joseph Deborah",6,"francês",73,8,522,"ME",33);
INSERT INTO Jogador VALUES(337,"Matthew Charlotte",9,"suéco",16,9,181,"MC",36);
INSERT INTO Jogador VALUES(338,"Samuel Sandra",5,"nigeriano",55,4,33,"DD",22);
INSERT INTO Jogador VALUES(339,"Larry Andrea",5,"são-vicentino",92,4,254,"DD",40);
INSERT INTO Jogador VALUES(340,"Margaret Ruth",15,"costarriquenho",45,10,732,"ED",30);
INSERT INTO Jogador VALUES(341,"Dennis Denise",0,"tuvaluano",85,7,385,"MD",30);
INSERT INTO Jogador VALUES(342,"Donald Raymond",2,"armênio",11,6,476,"DE",24);
INSERT INTO Jogador VALUES(343,"Jeffrey Laura",0,"belizenho",85,7,578,"MCO",19);
INSERT INTO Jogador VALUES(344,"Judy Andrea",14,"omani",43,9,292,"GR",26);
INSERT INTO Jogador VALUES(345,"Catherine Arthur",3,"saudito",10,8,705,"MDC",32);
INSERT INTO Jogador VALUES(346,"Kenneth Christine",0,"peruano",56,5,320,"ME",31);
INSERT INTO Jogador VALUES(347,"Andrea Kayla",1,"equatoriano",26,6,486,"MCO",20);
INSERT INTO Jogador VALUES(348,"Pamela Sandra",3,"nigerino",7,11,627,"MCO",20);
INSERT INTO Jogador VALUES(349,"Carolyn Juan",1,"sul-africano",86,5,63,"DD",26);
INSERT INTO Jogador VALUES(350,"Peter Walter",0,"moçambicano",27,1,10,"DC",33);
INSERT INTO Jogador VALUES(351,"Rebecca Jennifer",13,"tailandês",89,9,617,"DC",40);
INSERT INTO Jogador VALUES(352,"Ronald Walter",0,"argelino",74,10,228,"MDC",27);
INSERT INTO Jogador VALUES(353,"Jason Frank",15,"eslovaco",63,10,595,"PL",29);
INSERT INTO Jogador VALUES(354,"Helen Roy",2,"afegão",52,2,57,"ME",26);
INSERT INTO Jogador VALUES(355,"Carolyn Noah",2,"egípcio",87,8,707,"ME",19);
INSERT INTO Jogador VALUES(356,"Catherine Thomas",2,"indonésio",62,4,143,"PL",25);
INSERT INTO Jogador VALUES(357,"Frances Juan",2,"malai",89,10,111,"PL",35);
INSERT INTO Jogador VALUES(358,"Virginia Donna",3,"gabonês",24,4,158,"MDC",37);
INSERT INTO Jogador VALUES(359,"Sean Debra",8,"burundinês",64,7,280,"MCO",32);
INSERT INTO Jogador VALUES(360,"Robert Scott",6,"azerbaijano",39,9,412,"MDC",27);
INSERT INTO Jogador VALUES(361,"Marie Cynthia",10,"eritreu",14,10,670,"DD",38);
INSERT INTO Jogador VALUES(362,"Danielle Russell",3,"dominicano",54,7,427,"GR",21);
INSERT INTO Jogador VALUES(363,"Nathan Kyle",8,"lituano",8,8,176,"MC",36);
INSERT INTO Jogador VALUES(364,"Nicole Randy",3,"ucraniano",63,2,123,"EE",31);
INSERT INTO Jogador VALUES(365,"Bryan Angela",2,"haitiano",69,3,234,"MCO",21);
INSERT INTO Jogador VALUES(366,"Louis Steven",6,"estoniano",28,4,329,"MC",36);
INSERT INTO Jogador VALUES(367,"Katherine Emma",2,"malgaxe",54,5,312,"ED",25);
INSERT INTO Jogador VALUES(368,"Jessica Anna",14,"antiguano",28,9,477,"MDC",39);
INSERT INTO Jogador VALUES(369,"Ashley Justin",6,"argelino",2,8,663,"MCO",29);
INSERT INTO Jogador VALUES(370,"Kenneth Terry",3,"indonésio",95,3,28,"DC",38);
INSERT INTO Jogador VALUES(371,"Terry Martha",0,"mongol",78,1,56,"MD",23);
INSERT INTO Jogador VALUES(372,"Dennis Gregory",4,"português",95,13,19,"AC",38);
INSERT INTO Jogador VALUES(373,"Cheryl Evelyn",10,"palestino",35,13,70,"GR",19);
INSERT INTO Jogador VALUES(374,"Diane Gerald",3,"antiguano",31,8,586,"PL",23);
INSERT INTO Jogador VALUES(375,"Andrea Rachel",13,"iraniano",13,13,169,"MD",26);
INSERT INTO Jogador VALUES(376,"Steven Jeremy",7,"antiguano",69,11,349,"MDC",35);
INSERT INTO Jogador VALUES(377,"Joseph Michael",6,"esloveno",45,13,416,"AC",18);
INSERT INTO Jogador VALUES(378,"Margaret Jeffrey",11,"paquistanês",67,7,516,"ED",18);
INSERT INTO Jogador VALUES(379,"Sophia Carolyn",1,"panamenho",79,1,73,"AC",29);
INSERT INTO Jogador VALUES(380,"Deborah Catherine",1,"grego",1,2,175,"MC",33);
INSERT INTO Jogador VALUES(381,"Margaret Mason",19,"eritreu",75,13,939,"DD",28);
INSERT INTO Jogador VALUES(382,"Tyler Alice",0,"venezuelano",34,11,691,"EE",22);
INSERT INTO Jogador VALUES(383,"Angela Teresa",2,"dominicano",89,5,352,"ME",22);
INSERT INTO Jogador VALUES(384,"Ashley Christina",1,"alemmão",52,8,611,"DC",28);
INSERT INTO Jogador VALUES(385,"Ethan Diane",2,"vietnamita",73,1,80,"DC",19);
INSERT INTO Jogador VALUES(386,"Sophia Judith",12,"mongol",98,14,1072,"DC",20);
INSERT INTO Jogador VALUES(387,"Amy Abigail",6,"macedônio",99,6,525,"DE",18);
INSERT INTO Jogador VALUES(388,"Michelle Gabriel",1,"malauiano",53,6,112,"DE",19);
INSERT INTO Jogador VALUES(389,"Elizabeth Heather",13,"alemmão",32,10,472,"EE",20);
INSERT INTO Jogador VALUES(390,"George Theresa",3,"inglês",81,14,1104,"MD",38);
INSERT INTO Jogador VALUES(391,"Joyce Nicholas",6,"cingalês",41,9,421,"MDC",18);
INSERT INTO Jogador VALUES(392,"Ralph Zachary",17,"boliviano",88,12,849,"DD",25);
INSERT INTO Jogador VALUES(393,"Samantha Helen",9,"brasileiro",11,12,764,"ED",21);
INSERT INTO Jogador VALUES(394,"Benjamin Justin",13,"leonês",14,12,55,"DD",32);
INSERT INTO Jogador VALUES(395,"Larry Evelyn",2,"paquistanês",10,3,87,"DD",27);
INSERT INTO Jogador VALUES(396,"Austin Billy",11,"iemenita",31,8,36,"EE",32);
INSERT INTO Jogador VALUES(397,"Amy Shirley",0,"austríaco",65,1,79,"MD",38);
INSERT INTO Jogador VALUES(398,"Kenneth Ashley",9,"bahamiano",62,9,777,"AC",22);
INSERT INTO Jogador VALUES(399,"Alexander Eugene",1,"centro-africano",94,1,46,"MDC",35);
INSERT INTO Jogador VALUES(400,"Larry Carol",11,"estoniano",55,12,654,"EE",28);
INSERT INTO Jogador VALUES(401,"Ann Benjamin",9,"salomônico",53,8,365,"MCO",38);
INSERT INTO Jogador VALUES(402,"acqueline Teresa",4,"namibiano",1,9,729,"DE",37);
INSERT INTO Jogador VALUES(403,"Janet Sarah",0,"burquinense",29,4,306,"DC",29);
INSERT INTO Jogador VALUES(404,"Peter James",1,"suíço",79,9,706,"ME",23);
INSERT INTO Jogador VALUES(405,"Nicholas Madison",5,"mongol",13,4,329,"AC",30);
INSERT INTO Jogador VALUES(406,"Ashley Robert",1,"argentino",9,1,90,"MD",34);
INSERT INTO Jogador VALUES(407,"Brand Larry",13,"panamenho",63,11,287,"DE",31);
INSERT INTO Jogador VALUES(408,"Brian Bryan",3,"burundinês",91,6,126,"MDC",18);
INSERT INTO Jogador VALUES(409,"Jordan Madison",19,"omani",35,14,721,"AC",36);
INSERT INTO Jogador VALUES(410,"Stephanie Justin",9,"brasileiro",49,13,461,"DD",22);
INSERT INTO Jogador VALUES(411,"Jessica Jeremy",0,"costarriquenho",37,7,601,"MC",30);
INSERT INTO Jogador VALUES(412,"Megan Vincent",0,"barbadiano",81,0,0,"DE",31);
INSERT INTO Jogador VALUES(413,"Theresa Heather",0,"brasileiro",73,0,0,"ED",38);
INSERT INTO Jogador VALUES(414,"Sharon Madison",0,"ruandês",63,0,0,"MCO",17);
INSERT INTO Jogador VALUES(415,"Jesse Terry",0,"argelino",2,9,529,"MCO",22);
INSERT INTO Jogador VALUES(416,"Peter Lori",12,"palestino",51,13,114,"AC",30);
INSERT INTO Jogador VALUES(417,"Nathan Patrick",9,"salomônico",28,11,106,"MCO",25);
INSERT INTO Jogador VALUES(418,"Zachary Kathryn",7,"indiano",40,6,112,"ME",32);
INSERT INTO Jogador VALUES(419,"Patrick Andrew",3,"guianês",8,13,435,"MD",33);
INSERT INTO Jogador VALUES(420,"Brand Zachary",5,"etíope",84,9,803,"MDC",19);
INSERT INTO Jogador VALUES(421,"Adam Margaret",3,"bechuano",79,10,166,"MCO",34);
INSERT INTO Jogador VALUES(422,"Paul Patrick",5,"mauritano",90,9,227,"AC",28);
INSERT INTO Jogador VALUES(423,"Stephen Cheryl",4,"egípcio",33,13,847,"MC",29);
INSERT INTO Jogador VALUES(424,"Dylan Anthon",4,"venezuelano",76,7,437,"PL",19);
INSERT INTO Jogador VALUES(425,"Brittany Terry",1,"fijiano",85,6,126,"MDC",22);
INSERT INTO Jogador VALUES(426,"Eric Hannah",6,"irlandês",68,7,600,"EE",18);
INSERT INTO Jogador VALUES(427,"Charlotte Daniel",2,"maldivo",53,9,685,"ME",32);
INSERT INTO Jogador VALUES(428,"Virginia Lawrence",6,"micronésio",96,7,606,"ED",33);
INSERT INTO Jogador VALUES(429,"Ann Randy",8,"australiano",28,5,155,"MDC",25);
INSERT INTO Jogador VALUES(430,"Helen Heather",0,"tanzaniano",77,9,427,"DE",38);
INSERT INTO Jogador VALUES(431,"Judy Ann",1,"somali",69,5,353,"EE",27);
INSERT INTO Jogador VALUES(432,"Jerry Alexander",3,"chileno",89,2,138,"AC",39);
INSERT INTO Jogador VALUES(433,"Susan Sharon",7,"nepalês",78,13,1091,"MDC",30);
INSERT INTO Jogador VALUES(434,"Brenda Julia",2,"santa-luciense",71,8,606,"MC",39);
INSERT INTO Jogador VALUES(435,"Charles Ronald",0,"espanhol",94,0,0,"MD",28);
INSERT INTO Jogador VALUES(436,"Jack Samantha",7,"barbadiano",15,10,731,"MD",32);
INSERT INTO Jogador VALUES(437,"Christine Adam",15,"somali",51,12,54,"EE",35);
INSERT INTO Jogador VALUES(438,"Melissa Jordan",2,"inglês",50,2,129,"DC",25);
INSERT INTO Jogador VALUES(439,"Alexander Charlotte",0,"mexicano",29,0,0,"ED",33);
INSERT INTO Jogador VALUES(440,"Billy Pamela",3,"beninense",96,3,119,"ED",19);
INSERT INTO Jogador VALUES(441,"Daniel Dylan",5,"nigerino",87,7,578,"DE",35);
INSERT INTO Jogador VALUES(442,"Jack Stephen",6,"ganês",72,14,432,"ME",29);
INSERT INTO Jogador VALUES(443,"Danielle Marie",2,"mexicano",33,3,32,"EE",33);
INSERT INTO Jogador VALUES(444,"Donald Stephanie",0,"sul-africano",57,2,115,"MC",32);
INSERT INTO Jogador VALUES(445,"Judith Eugene",0,"micronésio",2,0,0,"PL",17);
INSERT INTO Jogador VALUES(446,"Harold Joshua",6,"burquinense",63,12,497,"PL",20);
INSERT INTO Jogador VALUES(447,"Rebecca Jesse",4,"australiano",55,5,70,"DD",24);
INSERT INTO Jogador VALUES(448,"Paul Abigail",9,"liechtensteinense",65,13,838,"DD",32);
INSERT INTO Jogador VALUES(449,"Cheryl Rachel",9,"mauritano",49,6,366,"DD",17);
INSERT INTO Jogador VALUES(450,"Ethan Jennifer",16,"malauiano",78,11,80,"MC",17);
INSERT INTO Jogador VALUES(451,"Jeffrey Judith",2,"santa-luciense",8,2,4,"ED",32);
INSERT INTO Jogador VALUES(452,"Stephen Brian",14,"jordaniano",79,12,496,"MDC",38);
INSERT INTO Jogador VALUES(453,"Elizabeth Janet",0,"luxemburguês",12,1,65,"PL",38);
INSERT INTO Jogador VALUES(454,"Bryan Danielle",0,"barbadiano",43,0,0,"MCO",18);
INSERT INTO Jogador VALUES(455,"Walter Anthon",0,"congolês",2,0,0,"ED",30);
INSERT INTO Jogador VALUES(456,"Lisa Carolyn",4,"guatemalteco",4,3,267,"GR",31);
INSERT INTO Jogador VALUES(457,"Deborah Kathryn",0,"trinitino",76,6,488,"DE",24);
INSERT INTO Jogador VALUES(458,"Martha Megan",3,"leonês",72,4,102,"AC",36);
INSERT INTO Jogador VALUES(459,"Sophia Patrick",1,"congolês",65,14,889,"ME",39);
INSERT INTO Jogador VALUES(460,"Alice Frances",2,"papuásio",18,4,255,"PL",36);
INSERT INTO Jogador VALUES(461,"Cheryl Ruth",6,"sul-africano",21,8,76,"PL",30);
INSERT INTO Jogador VALUES(462,"Jerry Adam",3,"mauriciano",63,2,78,"MC",24);
INSERT INTO Jogador VALUES(463,"Christopher Lori",2,"são-tomense",3,2,99,"MDC",37);
INSERT INTO Jogador VALUES(464,"Samantha Nancy",0,"ucraniano",83,0,0,"GR",39);
INSERT INTO Jogador VALUES(465,"Debra Dylan",1,"azerbaijano",35,4,283,"MD",30);
INSERT INTO Jogador VALUES(466,"Carolyn Henry",0,"zimbabuano",72,5,397,"ME",32);
INSERT INTO Jogador VALUES(467,"Heather Stephanie",9,"filipino",87,6,352,"DD",22);
INSERT INTO Jogador VALUES(468,"Russell Anna",7,"mexicano",56,8,705,"DD",22);
INSERT INTO Jogador VALUES(469,"John Kathryn",8,"neozelandês",75,14,185,"MD",40);
INSERT INTO Jogador VALUES(470,"Abigail Matthew",1,"lesoto",97,2,75,"AC",34);
INSERT INTO Jogador VALUES(471,"Anthon Mason",13,"egípcio",78,10,806,"PL",29);
INSERT INTO Jogador VALUES(472,"Lawrence Ashley",7,"croata",12,13,262,"AC",17);
INSERT INTO Jogador VALUES(473,"David Madison",6,"quirguiz",96,5,326,"MD",35);
INSERT INTO Jogador VALUES(474,"Julia Keith",0,"árabe",11,2,114,"MD",33);
INSERT INTO Jogador VALUES(475,"Andrea Amy",8,"zambiano",45,7,41,"DC",37);
INSERT INTO Jogador VALUES(476,"Melissa Jacob",3,"norueguês",11,2,60,"PL",30);
INSERT INTO Jogador VALUES(477,"Christopher George",0,"butanês",21,0,0,"DC",39);
INSERT INTO Jogador VALUES(478,"Eugene Billy",0,"congolês",70,3,157,"DD",33);
INSERT INTO Jogador VALUES(479,"Susan Betty",17,"leonês",50,12,558,"MC",26);
INSERT INTO Jogador VALUES(480,"Alice Susan",6,"argentino",2,4,249,"GR",24);
INSERT INTO Jogador VALUES(481,"Scott Lauren",4,"polaco",64,14,921,"ME",39);
INSERT INTO Jogador VALUES(482,"Diana Frances",0,"haitiano",81,2,177,"GR",28);
INSERT INTO Jogador VALUES(483,"Amy Anthon",4,"guineano",18,8,578,"DE",27);
INSERT INTO Jogador VALUES(484,"Nicholas Samuel",6,"montenegrino",34,7,447,"MD",33);
INSERT INTO Jogador VALUES(485,"Aaron Elijah",1,"georgiano",29,10,754,"ED",27);
INSERT INTO Jogador VALUES(486,"Kyle Doris",0,"alemmão",18,3,99,"MCO",35);
INSERT INTO Jogador VALUES(487,"Vincent Katherine",1,"turcomeno",63,6,528,"MD",18);
INSERT INTO Jogador VALUES(488,"Barbara Jonathan",4,"mauriciano",25,4,261,"DC",40);
INSERT INTO Jogador VALUES(489,"Mar Nathan",0,"vanuatuense",90,8,391,"ME",35);
INSERT INTO Jogador VALUES(490,"Teresa Adam",8,"marshalino",67,7,350,"ME",34);
INSERT INTO Jogador VALUES(491,"Raymond Samantha",6,"granadino",13,13,446,"GR",21);
INSERT INTO Jogador VALUES(492,"Sharon Edward",5,"são-tomense",4,4,188,"MDC",18);
INSERT INTO Jogador VALUES(493,"Cynthia Donald",0,"nicaraguense",12,10,898,"AC",29);
INSERT INTO Jogador VALUES(494,"Diana Ethan",18,"colombiano",47,12,247,"DC",25);
INSERT INTO Jogador VALUES(495,"Stephanie Vincent",11,"zambiano",25,11,557,"AC",36);
INSERT INTO Jogador VALUES(496,"Shirley Catherine",2,"líbio",54,10,530,"DD",34);
INSERT INTO Jogador VALUES(497,"Donald Ralph",0,"holandês",33,0,0,"GR",33);
INSERT INTO Jogador VALUES(498,"Christopher Judith",2,"liechtensteinense",41,6,347,"ED",39);
INSERT INTO Jogador VALUES(499,"James Pamela",8,"guinéu-equatoriano",4,6,57,"EE",24);
INSERT INTO Jogador VALUES(500,"Amy Philip",0,"nepalês",11,14,540,"ME",27);
INSERT INTO Jogador VALUES(501,"Madison Martha",18,"salvadorenho",29,12,1049,"MC",37);
INSERT INTO Jogador VALUES(502,"Nicole Bryan",3,"bengalês",56,2,99,"AC",33);
INSERT INTO Jogador VALUES(503,"Jonathan Joseph",18,"turcomeno",33,14,748,"EE",20);
INSERT INTO Jogador VALUES(504,"Robert Gregory",3,"mauritano",80,3,153,"DC",37);
INSERT INTO Jogador VALUES(505,"Alice Nathan",2,"leonês",9,2,167,"MCO",17);
INSERT INTO Jogador VALUES(506,"Ann Alexis",11,"esloveno",68,10,352,"MCO",18);
INSERT INTO Jogador VALUES(507,"Sophia Ralph",0,"sul-coreano",41,0,0,"MCO",38);
INSERT INTO Jogador VALUES(508,"Alexander Gabriel",0,"italiano",18,7,377,"PL",29);
INSERT INTO Jogador VALUES(509,"Brittany Megan",9,"senegalês",98,14,497,"MD",18);
INSERT INTO Jogador VALUES(510,"Frances Patricia",9,"suéco",85,7,135,"GR",40);
INSERT INTO Jogador VALUES(511,"Jeremy Juan",11,"costarriquenho",66,12,297,"DE",20);
INSERT INTO Jogador VALUES(512,"Adam Alan",5,"queniano",79,5,363,"ED",32);
INSERT INTO Jogador VALUES(513,"Russell Amanda",3,"francês",73,6,473,"DE",24);
INSERT INTO Jogador VALUES(514,"Marilyn Richard",7,"espanhol",56,9,407,"AC",19);
INSERT INTO Jogador VALUES(515,"Patricia Linda",2,"bruneano",87,1,72,"DD",28);
INSERT INTO Jogador VALUES(516,"Pamela Jack",0,"cambojano",38,0,0,"MD",34);
INSERT INTO Jogador VALUES(517,"Dennis Scott",3,"boliviano",63,5,330,"DC",37);
INSERT INTO Jogador VALUES(518,"Maria Brenda",10,"tailandês",24,12,610,"GR",32);
INSERT INTO Jogador VALUES(519,"Karen Roger",0,"hondurenho",32,4,256,"DC",24);
INSERT INTO Jogador VALUES(520,"Nathan Lisa",2,"mauriciano",12,2,90,"MD",22);
INSERT INTO Jogador VALUES(521,"Rachel Peter",4,"turco",84,6,257,"MCO",40);
INSERT INTO Jogador VALUES(522,"Roger Kenneth",10,"marshalino",84,13,1115,"DC",25);
INSERT INTO Jogador VALUES(523,"Carol Raymond",9,"ugandense",54,11,533,"ME",22);
INSERT INTO Jogador VALUES(524,"Joe Sara",2,"croata",65,5,383,"MCO",36);
INSERT INTO Jogador VALUES(525,"Gerald Joan",4,"namibiano",76,3,39,"PL",40);
INSERT INTO Jogador VALUES(526,"Maria Anthon",4,"panamenho",50,6,419,"MC",39);
INSERT INTO Jogador VALUES(527,"Carl Lauren",0,"lesoto",83,2,111,"MCO",29);
INSERT INTO Jogador VALUES(528,"Bruce Dylan",12,"vietnamita",72,12,423,"GR",33);
INSERT INTO Jogador VALUES(529,"Matthew Frank",18,"liberiano",56,12,163,"DD",23);
INSERT INTO Jogador VALUES(530,"Kathryn Henry",7,"malai",9,12,110,"ME",36);
INSERT INTO Jogador VALUES(531,"Michael Gary",14,"israelense",43,13,240,"GR",18);
INSERT INTO Jogador VALUES(532,"Alexander Donald",0,"turco",92,8,200,"MD",23);
INSERT INTO Jogador VALUES(533,"Theresa Stephanie",0,"bahamiano",49,5,254,"MD",40);
INSERT INTO Jogador VALUES(534,"Olivia Dorothy",17,"sul-africano",29,11,852,"MDC",22);
INSERT INTO Jogador VALUES(535,"Jean Janice",2,"suéco",38,2,49,"EE",26);
INSERT INTO Jogador VALUES(536,"Vincent Billy",0,"cazaque",43,0,0,"MD",25);
INSERT INTO Jogador VALUES(537,"Roy Jose",1,"turco",96,4,235,"DD",29);
INSERT INTO Jogador VALUES(538,"Aaron Austin",0,"burundinês",12,7,185,"DC",36);
INSERT INTO Jogador VALUES(539,"Tyler Jose",4,"congolês",32,3,71,"AC",20);
INSERT INTO Jogador VALUES(540,"Zachary Kyle",2,"moldávio",33,2,167,"MDC",37);
INSERT INTO Jogador VALUES(541,"Vincent Gregory",2,"são-vicentino",86,4,305,"MD",27);
INSERT INTO Jogador VALUES(542,"Nancy Samuel",4,"sudanês",87,4,272,"MC",34);
INSERT INTO Jogador VALUES(543,"Christopher Carl",9,"moldávio",72,13,202,"DD",36);
INSERT INTO Jogador VALUES(544,"Larry Lawrence",18,"granadino",27,13,289,"GR",36);
INSERT INTO Equipa VALUES("Palmeiras",5,24);
INSERT INTO Equipa VALUES("River Plate",3,1);
INSERT INTO Equipa VALUES("Boca Juniors",13,12);
INSERT INTO Equipa VALUES("Flamengo",9,41);
INSERT INTO Equipa VALUES("Nacional",1,47);
INSERT INTO Equipa VALUES("Peñarol",1,27);
INSERT INTO Equipa VALUES("Atlético Mineiro",3,4);
INSERT INTO Equipa VALUES("Athletico Paranaense",6,39);
INSERT INTO Equipa VALUES("Cerro Porteño",3,28);
INSERT INTO Equipa VALUES("Libertad",1,38);
INSERT INTO Equipa VALUES("Independiente del Valle",11,14);
INSERT INTO Equipa VALUES("Universidad Católica",6,7);
INSERT INTO Equipa VALUES("Emelec",8,7);
INSERT INTO Equipa VALUES("Corinthians",10,34);
INSERT INTO Equipa VALUES("Colo-Colo",6,27);
INSERT INTO Equipa VALUES("Vélez Sarsfield",6,49);
INSERT INTO Equipa VALUES("Sporting Cristal",9,31);
INSERT INTO Equipa VALUES("Deportivo Cali",4,42);
INSERT INTO Equipa VALUES("Red Bull Bragantino",2,33);
INSERT INTO Equipa VALUES("Deportivo Táchira",11,44);
INSERT INTO Equipa VALUES("Alianza Lima",2,51);
INSERT INTO Equipa VALUES("Deportes Tolima",3,24);
INSERT INTO Equipa VALUES("Colón",1,51);
INSERT INTO Equipa VALUES("Caracas",1,43);
INSERT INTO Equipa VALUES("Always Ready",6,36);
INSERT INTO Equipa VALUES("Talleres",6,31);
INSERT INTO Equipa VALUES("Independiente Petrolero",7,32);
INSERT INTO Equipa VALUES("Fortaleza",9,33);
INSERT INTO Equipa VALUES("Olimpia",8,31);
INSERT INTO Equipa VALUES("Estudiantes",9,10);
INSERT INTO Equipa VALUES("The Strongest",1,21);
INSERT INTO Equipa VALUES("América Mineiro",11,33);
INSERT INTO Grupo VALUES("A");
INSERT INTO Grupo VALUES("B");
INSERT INTO Grupo VALUES("C");
INSERT INTO Grupo VALUES("D");
INSERT INTO Grupo VALUES("E");
INSERT INTO Grupo VALUES("F");
INSERT INTO Grupo VALUES("G");
INSERT INTO Grupo VALUES("H");
INSERT INTO Estado VALUES("pre-eliminatorias");
INSERT INTO Estado VALUES("fase-de-grupos");
INSERT INTO Estado VALUES("oitavos-de-final");
INSERT INTO Estado VALUES("quartos-de-final");
INSERT INTO Estado VALUES("semi-final");
INSERT INTO Estado VALUES("final");
INSERT INTO EstatisticasDeJogo VALUES("semi-final","4-3","11-1","57-43","4-11","11-3","90-110","8-1");
INSERT INTO EstatisticasDeJogo VALUES("pre-eliminatorias","1-0","15-11","21-79","11-4","16-14","112-194","2-9");
INSERT INTO EstatisticasDeJogo VALUES("fase-de-grupos","0-3","2-11","52-48","0-4","11-18","186-11","0-1");
INSERT INTO EstatisticasDeJogo VALUES("oitavos-de-final","1-2","9-1","87-13","9-2","1-6","283-1","1-0");
INSERT INTO EstatisticasDeJogo VALUES("oitavos-de-final","2-0","13-12","50-50","3-3","11-10","289-269","0-7");
INSERT INTO EstatisticasDeJogo VALUES("quartos-de-final","1-0","7-0","36-64","2-9","9-16","6-44","7-15");
INSERT INTO EstatisticasDeJogo VALUES("fase-de-grupos","3-3","14-8","67-33","10-11","17-9","176-256","1-1");
INSERT INTO EstatisticasDeJogo VALUES("quartos-de-final","1-3","13-2","65-35","1-3","18-22","155-45","15-20");
INSERT INTO EstatisticasDeJogo VALUES("pre-eliminatorias","4-4","11-13","79-21","3-11","1-23","182-248","1-10");
INSERT INTO EstatisticasDeJogo VALUES("quartos-de-final","0-1","13-10","35-65","8-8","8-21","11-108","7-21");
INSERT INTO EstatisticasDeJogo VALUES("quartos-de-final","1-1","1-15","98-2","10-9","14-23","138-122","12-1");
INSERT INTO EstatisticasDeJogo VALUES("final","1-3","15-1","30-70","6-7","16-21","4-243","2-21");
INSERT INTO EstatisticasDeJogo VALUES("quartos-de-final","1-5","9-11","30-70","3-8","9-6","16-92","1-6");
INSERT INTO EstatisticasDeJogo VALUES("semi-final","2-1","10-5","66-34","4-9","21-5","161-63","17-4");
INSERT INTO EstatisticasDeJogo VALUES("final","4-1","3-2","94-6","6-3","1-8","26-42","1-7");
INSERT INTO EstatisticasDeJogo VALUES("pre-eliminatorias","4-4","2-6","53-47","10-3","1-20","285-298","1-1");
INSERT INTO EstatisticasDeJogo VALUES("oitavos-de-final","2-1","8-2","50-50","6-5","12-15","22-267","2-0");
INSERT INTO EstatisticasDeJogo VALUES("oitavos-de-final","4-0","10-11","76-24","9-9","21-0","49-253","10-0");
INSERT INTO EstatisticasDeJogo VALUES("semi-final","3-4","14-8","64-36","0-2","0-15","20-214","0-4");
INSERT INTO EstatisticasDeJogo VALUES("fase-de-grupos","0-1","0-11","33-67","8-0","12-16","207-28","7-1");
INSERT INTO EstatisticasDeJogo VALUES("oitavos-de-final","5-1","12-9","51-49","11-7","11-12","149-227","4-4");
INSERT INTO EstatisticasDeJogo VALUES("pre-eliminatorias","3-0","8-11","84-16","8-1","0-9","280-238","0-6");
INSERT INTO EstatisticasDeJogo VALUES("pre-eliminatorias","2-0","14-11","35-65","2-6","1-12","210-124","1-11");
INSERT INTO EstatisticasDeJogo VALUES("fase-de-grupos","2-0","15-4","70-30","8-6","17-14","110-8","9-8");
INSERT INTO EstatisticasDeJogo VALUES("oitavos-de-final","3-2","11-9","49-51","1-7","0-12","250-272","0-9");
INSERT INTO EstatisticasDeJogo VALUES("oitavos-de-final","0-4","13-6","71-29","0-5","14-4","49-58","11-3");
INSERT INTO EstatisticasDeJogo VALUES("quartos-de-final","2-1","11-15","58-42","8-10","9-2","276-165","9-2");
INSERT INTO EstatisticasDeJogo VALUES("fase-de-grupos","4-1","11-3","28-72","12-9","6-23","225-253","3-7");
INSERT INTO EstatisticasDeJogo VALUES("quartos-de-final","1-4","3-14","53-47","4-5","23-11","25-47","17-3");
INSERT INTO EstatisticasDeJogo VALUES("pre-eliminatorias","5-0","12-9","78-22","11-6","22-7","51-178","5-4");
INSERT INTO EstatisticasDeJogo VALUES("pre-eliminatorias","5-4","13-9","62-38","7-8","21-17","220-149","21-3");
INSERT INTO EstatisticasDeJogo VALUES("pre-eliminatorias","1-3","11-13","98-2","8-2","5-20","138-50","2-2");
INSERT INTO EstatisticasDeJogo VALUES("quartos-de-final","5-3","1-5","54-46","9-8","15-6","18-97","5-2");
INSERT INTO EstatisticasDeJogo VALUES("final","2-4","4-4","94-6","1-7","8-12","141-252","1-11");
INSERT INTO EstatisticasDeJogo VALUES("pre-eliminatorias","5-2","6-7","49-51","0-2","4-23","127-110","1-0");
INSERT INTO EstatisticasDeJogo VALUES("semi-final","0-3","14-10","35-65","6-0","16-10","244-274","16-10");
INSERT INTO EstatisticasDeJogo VALUES("final","0-3","6-1","49-51","7-4","15-12","166-84","3-5");
INSERT INTO EstatisticasDeJogo VALUES("pre-eliminatorias","0-3","5-0","81-19","5-1","8-19","22-16","6-1");
INSERT INTO EstatisticasDeJogo VALUES("pre-eliminatorias","3-4","9-0","51-49","0-12","11-16","213-26","11-2");
INSERT INTO EstatisticasDeJogo VALUES("fase-de-grupos","3-3","0-13","25-75","5-3","3-21","192-55","3-3");
INSERT INTO EstatisticasEquipa VALUES(16,2,0,1,14,0,0);
INSERT INTO EstatisticasEquipa VALUES(9,1,8,27,6,2,0);
INSERT INTO EstatisticasEquipa VALUES(5,2,12,11,7,4,0);
INSERT INTO EstatisticasEquipa VALUES(16,4,27,11,2,6,1);
INSERT INTO EstatisticasEquipa VALUES(13,1,6,19,14,0,0);
INSERT INTO EstatisticasEquipa VALUES(3,3,17,10,11,3,0);
INSERT INTO EstatisticasEquipa VALUES(10,3,3,24,5,6,3);
INSERT INTO EstatisticasEquipa VALUES(18,1,26,16,10,4,0);
INSERT INTO EstatisticasEquipa VALUES(0,1,28,1,2,10,0);
INSERT INTO EstatisticasEquipa VALUES(13,1,12,24,4,3,2);
INSERT INTO EstatisticasEquipa VALUES(5,3,10,21,2,11,1);
INSERT INTO EstatisticasEquipa VALUES(16,1,8,8,9,1,3);
INSERT INTO EstatisticasEquipa VALUES(7,2,17,10,6,8,0);
INSERT INTO EstatisticasEquipa VALUES(16,4,11,23,6,5,2);
INSERT INTO EstatisticasEquipa VALUES(8,4,9,19,0,13,1);
INSERT INTO EstatisticasEquipa VALUES(10,4,22,14,13,1,0);
INSERT INTO EstatisticasEquipa VALUES(1,3,30,0,2,6,4);
INSERT INTO EstatisticasEquipa VALUES(18,2,18,13,13,0,0);
INSERT INTO EstatisticasEquipa VALUES(9,3,24,5,13,0,0);
INSERT INTO EstatisticasEquipa VALUES(4,4,22,24,2,3,2);
INSERT INTO EstatisticasEquipa VALUES(1,2,17,23,10,4,0);
INSERT INTO EstatisticasEquipa VALUES(13,1,12,15,2,0,0);
INSERT INTO EstatisticasEquipa VALUES(6,3,12,2,2,11,1);
INSERT INTO EstatisticasEquipa VALUES(14,2,23,12,10,3,1);
INSERT INTO EstatisticasEquipa VALUES(3,4,16,8,2,9,1);
INSERT INTO EstatisticasEquipa VALUES(12,3,15,11,10,2,2);
INSERT INTO EstatisticasEquipa VALUES(0,2,21,3,13,1,0);
INSERT INTO EstatisticasEquipa VALUES(4,2,20,24,11,1,0);
INSERT INTO EstatisticasEquipa VALUES(9,1,9,30,4,3,6);
INSERT INTO EstatisticasEquipa VALUES(6,3,26,15,1,9,4);
INSERT INTO EstatisticasEquipa VALUES(16,3,27,3,5,5,1);
INSERT INTO EstatisticasEquipa VALUES(2,2,14,17,11,1,2);
INSERT INTO EstatisticasEquipa VALUES(1,1,1,19,5,3,3);
INSERT INTO EstatisticasEquipa VALUES(12,2,13,29,5,2,2);
INSERT INTO EstatisticasEquipa VALUES(5,2,16,0,2,10,0);
INSERT INTO EstatisticasEquipa VALUES(15,4,24,12,3,10,0);
INSERT INTO EstatisticasEquipa VALUES(2,4,27,11,8,4,1);
INSERT INTO EstatisticasEquipa VALUES(7,4,0,3,3,5,2);
INSERT INTO EstatisticasEquipa VALUES(14,4,19,2,3,3,5);
INSERT INTO EstatisticasEquipa VALUES(3,4,29,22,13,1,0);
INSERT INTO EstadoVisita VALUES("visitada");
INSERT INTO EstadoVisita VALUES("visitada");
INSERT INTO EstadoVisita VALUES("visitante");
INSERT INTO EstadoVisita VALUES("visitante");
INSERT INTO EstadoVisita VALUES("visitada");
INSERT INTO EstadoVisita VALUES("visitada");
INSERT INTO EstadoVisita VALUES("visitada");
INSERT INTO EstadoVisita VALUES("visitada");
INSERT INTO EstadoVisita VALUES("visitante");
INSERT INTO EstadoVisita VALUES("visitante");
INSERT INTO EstadoVisita VALUES("visitada");
INSERT INTO EstadoVisita VALUES("visitante");
INSERT INTO EstadoVisita VALUES("visitada");
INSERT INTO EstadoVisita VALUES("visitada");
INSERT INTO EstadoVisita VALUES("visitada");
INSERT INTO EstadoVisita VALUES("visitada");
INSERT INTO EstadoVisita VALUES("visitante");
INSERT INTO EstadoVisita VALUES("visitada");
INSERT INTO EstadoVisita VALUES("visitada");
INSERT INTO EstadoVisita VALUES("visitante");
INSERT INTO EstadoVisita VALUES("visitante");
INSERT INTO EstadoVisita VALUES("visitante");
INSERT INTO EstadoVisita VALUES("visitante");
INSERT INTO EstadoVisita VALUES("visitada");
INSERT INTO EstadoVisita VALUES("visitante");
INSERT INTO EstadoVisita VALUES("visitante");
INSERT INTO EstadoVisita VALUES("visitada");
INSERT INTO EstadoVisita VALUES("visitada");
INSERT INTO EstadoVisita VALUES("visitante");
INSERT INTO EstadoVisita VALUES("visitante");
INSERT INTO EstadoVisita VALUES("visitante");
INSERT INTO EstadoVisita VALUES("visitada");
INSERT INTO EstadoVisita VALUES("visitante");
INSERT INTO EstadoVisita VALUES("visitante");
INSERT INTO EstadoVisita VALUES("visitada");
INSERT INTO EstadoVisita VALUES("visitada");
INSERT INTO EstadoVisita VALUES("visitante");
INSERT INTO EstadoVisita VALUES("visitante");
INSERT INTO EstadoVisita VALUES("visitada");
INSERT INTO EstadoVisita VALUES("visitante");
INSERT INTO EstatisticasJogador VALUES(1,2,28,24,2,1,4,11);
INSERT INTO EstatisticasJogador VALUES(4,4,99,19,2,1,6,7);
INSERT INTO EstatisticasJogador VALUES(0,5,73,30,1,1,2,8);
INSERT INTO EstatisticasJogador VALUES(3,4,80,40,1,1,2,6);
INSERT INTO EstatisticasJogador VALUES(1,1,14,30,1,1,0,17);
INSERT INTO EstatisticasJogador VALUES(5,3,28,0,0,0,5,17);
INSERT INTO EstatisticasJogador VALUES(2,3,23,8,2,0,0,13);
INSERT INTO EstatisticasJogador VALUES(3,1,119,6,1,0,6,8);
INSERT INTO EstatisticasJogador VALUES(0,3,144,37,0,1,1,10);
INSERT INTO EstatisticasJogador VALUES(2,2,10,14,0,0,6,15);
INSERT INTO EstatisticasJogador VALUES(1,2,98,34,1,0,0,17);
INSERT INTO EstatisticasJogador VALUES(2,4,137,8,0,0,6,11);
INSERT INTO EstatisticasJogador VALUES(0,4,83,10,0,0,3,10);
INSERT INTO EstatisticasJogador VALUES(4,2,133,24,2,1,6,10);
INSERT INTO EstatisticasJogador VALUES(0,0,29,6,1,1,5,10);
INSERT INTO EstatisticasJogador VALUES(3,0,88,37,0,0,1,18);
INSERT INTO EstatisticasJogador VALUES(3,5,26,22,2,0,2,19);
INSERT INTO EstatisticasJogador VALUES(2,5,98,38,0,1,6,20);
INSERT INTO EstatisticasJogador VALUES(0,3,24,25,1,1,2,17);
INSERT INTO EstatisticasJogador VALUES(2,3,68,10,2,1,1,19);
INSERT INTO EstatisticasJogador VALUES(1,5,6,7,2,1,4,18);
INSERT INTO EstatisticasJogador VALUES(5,5,111,6,1,1,5,0);
INSERT INTO EstatisticasJogador VALUES(3,3,89,36,2,1,2,17);
INSERT INTO EstatisticasJogador VALUES(0,0,46,12,1,1,4,10);
INSERT INTO EstatisticasJogador VALUES(5,0,25,10,0,0,6,7);
INSERT INTO EstatisticasJogador VALUES(2,2,0,23,0,0,4,13);
INSERT INTO EstatisticasJogador VALUES(1,0,0,3,2,0,0,12);
INSERT INTO EstatisticasJogador VALUES(2,2,81,13,0,1,6,11);
INSERT INTO EstatisticasJogador VALUES(3,1,89,25,2,1,4,3);
INSERT INTO EstatisticasJogador VALUES(4,1,128,15,0,1,4,0);
INSERT INTO EstatisticasJogador VALUES(3,3,15,31,2,0,6,3);
INSERT INTO EstatisticasJogador VALUES(3,5,93,25,1,0,3,11);
INSERT INTO EstatisticasJogador VALUES(1,1,150,3,1,1,4,6);
INSERT INTO EstatisticasJogador VALUES(0,3,70,3,1,0,3,0);
INSERT INTO EstatisticasJogador VALUES(0,3,73,6,0,1,3,4);
INSERT INTO EstatisticasJogador VALUES(4,2,0,40,2,0,0,0);
INSERT INTO EstatisticasJogador VALUES(4,3,100,32,2,1,6,3);
INSERT INTO EstatisticasJogador VALUES(2,2,48,14,2,1,0,18);
INSERT INTO EstatisticasJogador VALUES(0,5,122,9,2,0,5,4);
INSERT INTO EstatisticasJogador VALUES(3,5,39,32,0,1,2,5);
INSERT INTO Arbitro VALUES(1,"Billy Billy",42,8);
INSERT INTO Arbitro VALUES(2,"Joe Joe",26,7);
INSERT INTO Arbitro VALUES(3,"Julie Julie",60,4);
INSERT INTO Arbitro VALUES(4,"Emily Emily",28,3);
INSERT INTO Arbitro VALUES(5,"Bryan Bryan",28,8);
INSERT INTO Arbitro VALUES(6,"Sandra Sandra",50,3);
INSERT INTO Arbitro VALUES(7,"Debra Debra",29,3);
INSERT INTO Arbitro VALUES(8,"Mary Mary",47,5);
INSERT INTO Arbitro VALUES(9,"Nancy Nancy",45,6);
INSERT INTO Arbitro VALUES(10,"Evelyn Evelyn",75,3);
INSERT INTO Arbitro VALUES(11,"Jack Jack",32,7);
INSERT INTO Arbitro VALUES(12,"Walter Walter",85,8);
INSERT INTO Arbitro VALUES(13,"Barbara Barbara",79,8);
INSERT INTO Arbitro VALUES(14,"Charles Charles",71,3);
INSERT INTO Arbitro VALUES(15,"Laura Laura",82,5);
INSERT INTO Arbitro VALUES(16,"Brand Brand",58,4);
INSERT INTO Arbitro VALUES(17,"Christina Christina",69,6);
INSERT INTO Arbitro VALUES(18,"Bruce Bruce",45,8);
INSERT INTO Arbitro VALUES(19,"Jose Jose",19,9);
INSERT INTO Arbitro VALUES(20,"Lori Lori",82,6);
INSERT INTO Arbitro VALUES(21,"Rebecca Rebecca",78,3);
INSERT INTO Arbitro VALUES(22,"acqueline acqueline",85,7);
INSERT INTO Arbitro VALUES(23,"Donna Donna",47,2);
INSERT INTO Arbitro VALUES(24,"Kimberly Kimberly",19,7);
INSERT INTO Arbitro VALUES(25,"Carolyn Carolyn",19,3);
INSERT INTO Arbitro VALUES(26,"Amber Amber",54,3);
INSERT INTO Arbitro VALUES(27,"Nathan Nathan",60,3);
INSERT INTO Arbitro VALUES(28,"Kayla Kayla",77,2);
INSERT INTO Arbitro VALUES(29,"Carolyn Carolyn",27,5);
INSERT INTO Arbitro VALUES(30,"Cynthia Cynthia",29,8);
INSERT INTO Arbitro VALUES(31,"Debra Debra",77,2);
INSERT INTO Arbitro VALUES(32,"Elizabeth Elizabeth",76,6);
INSERT INTO Arbitro VALUES(33,"Brittany Brittany",63,7);
INSERT INTO Arbitro VALUES(34,"Sarah Sarah",75,3);
INSERT INTO Arbitro VALUES(35,"Megan Megan",85,6);
INSERT INTO Arbitro VALUES(36,"Donald Donald",27,1);
INSERT INTO Arbitro VALUES(37,"Natalie Natalie",23,2);
INSERT INTO Arbitro VALUES(38,"Cheryl Cheryl",68,1);
INSERT INTO Arbitro VALUES(39,"Bryan Bryan",23,3);
INSERT INTO Arbitro VALUES(40,"Jesse Jesse",50,4);
INSERT INTO Jogo VALUES("Colón-Corinthians","fase-de-grupos",2,0,"13/2/2021");
INSERT INTO Jogo VALUES("Colo-Colo-América Mineiro","fase-de-grupos",0,3,"14/4/2021");
INSERT INTO Jogo VALUES("Corinthians-Corinthians","oitavos-de-final",4,2,"2/5/2022");
INSERT INTO Jogo VALUES("Deportes Tolima-Talleres","fase-de-grupos",4,1,"27/10/2022");
INSERT INTO Jogo VALUES("Corinthians-Deportes Tolima","pre-eliminatorias",7,5,"9/3/2021");
INSERT INTO Jogo VALUES("Peñarol-Alianza Lima","fase-de-grupos",5,7,"17/3/2021");
INSERT INTO Jogo VALUES("Alianza Lima-Athletico Paranaense","final",7,5,"6/4/2021");
INSERT INTO Jogo VALUES("Peñarol-Boca Juniors","oitavos-de-final",5,3,"16/10/2021");
INSERT INTO Jogo VALUES("Libertad-Palmeiras","pre-eliminatorias",2,7,"16/6/2021");
INSERT INTO Jogo VALUES("Atlético Mineiro-Independiente Petrolero","semi-final",3,2,"21/10/2022");
INSERT INTO Jogo VALUES("Universidad Católica-América Mineiro","fase-de-grupos",4,2,"10/2/2021");
INSERT INTO Jogo VALUES("Vélez Sarsfield-Deportivo Cali","quartos-de-final",5,1,"19/2/2021");
INSERT INTO Jogo VALUES("Flamengo-Boca Juniors","quartos-de-final",6,0,"8/7/2022");
INSERT INTO Jogo VALUES("Flamengo-Alianza Lima","quartos-de-final",4,3,"24/5/2021");
INSERT INTO Jogo VALUES("Colo-Colo-Colón","semi-final",7,2,"5/9/2022");
INSERT INTO Jogo VALUES("Deportivo Táchira-Talleres","quartos-de-final",1,4,"21/5/2021");
INSERT INTO Jogo VALUES("Vélez Sarsfield-Libertad","oitavos-de-final",4,0,"5/6/2022");
INSERT INTO Jogo VALUES("Cerro Porteño-Cerro Porteño","fase-de-grupos",4,4,"8/2/2022");
INSERT INTO Jogo VALUES("River Plate-Colo-Colo","final",5,4,"4/2/2022");
INSERT INTO Jogo VALUES("Deportivo Cali-Atlético Mineiro","quartos-de-final",7,4,"9/3/2022");
INSERT INTO Jogo VALUES("Libertad-Estudiantes","quartos-de-final",4,6,"26/12/2021");
INSERT INTO Jogo VALUES("Nacional-Nacional","semi-final",4,4,"21/10/2022");
INSERT INTO Jogo VALUES("Deportivo Cali-Emelec","semi-final",7,1,"2/3/2021");
INSERT INTO Jogo VALUES("Flamengo-Talleres","quartos-de-final",5,5,"8/4/2021");
INSERT INTO Jogo VALUES("Athletico Paranaense-Caracas","fase-de-grupos",3,0,"23/3/2021");
INSERT INTO Jogo VALUES("Caracas-Sporting Cristal","quartos-de-final",6,4,"26/9/2022");
INSERT INTO Jogo VALUES("Estudiantes-Atlético Mineiro","quartos-de-final",7,1,"18/11/2021");
INSERT INTO Jogo VALUES("Athletico Paranaense-Caracas","pre-eliminatorias",4,3,"27/8/2021");
INSERT INTO Jogo VALUES("Deportes Tolima-Emelec","final",3,3,"13/4/2022");
INSERT INTO Jogo VALUES("Palmeiras-Libertad","quartos-de-final",0,0,"4/3/2021");
INSERT INTO Jogo VALUES("Independiente del Valle-Independiente del Valle","pre-eliminatorias",4,0,"19/5/2021");
INSERT INTO Jogo VALUES("Boca Juniors-The Strongest","final",0,5,"2/4/2021");
INSERT INTO Jogo VALUES("Emelec-Red Bull Bragantino","oitavos-de-final",7,7,"26/4/2022");
INSERT INTO Jogo VALUES("Corinthians-Emelec","semi-final",5,1,"8/2/2022");
INSERT INTO Jogo VALUES("Deportivo Cali-Boca Juniors","fase-de-grupos",7,6,"13/6/2022");
INSERT INTO Jogo VALUES("Universidad Católica-Corinthians","semi-final",7,1,"7/5/2021");
INSERT INTO Jogo VALUES("Colón-Vélez Sarsfield","final",3,1,"28/11/2021");
INSERT INTO Jogo VALUES("Nacional-Boca Juniors","semi-final",6,0,"23/3/2021");
INSERT INTO Jogo VALUES("Corinthians-América Mineiro","semi-final",0,5,"5/2/2022");
INSERT INTO Jogo VALUES("Atlético Mineiro-Estudiantes","fase-de-grupos",6,6,"7/2/2022");